pair_id,text,category,relation_type
1,"Tadi saya bayar pakai QRIS di Toko Buah Segar Mandiri. Pembayaran sukses, lalu saat mengecek rincian transaksi di aplikasi, nama merchant yang tercantum sama persis dengan nama toko tempat saya berbelanja.",QRIS_NORMAL_MERCHANT_TERPERCAYA,IDENTITY_MATCH
1,"Tadi saya bayar pakai QRIS di Toko Buah Segar Mandiri. Pembayaran sukses, lalu saat mengecek rincian transaksi di aplikasi, nama merchant yang tercantum berbeda dengan nama toko tempat saya berbelanja.",KETIDAKSESUAIAN_IDENTITAS_MERCHANT,IDENTITY_MISMATCH
2,"Saat melakukan transaksi QRIS di meja kasir kedai bakso, saya teliti melihat nama penerima transfer pada e-wallet. Ternyata nama merchant tersebut memang resmi atas nama gerai tersebut.",QRIS_NORMAL_MERCHANT_TERPERCAYA,IDENTITY_MATCH
2,"Saat melakukan transaksi QRIS di meja kasir kedai bakso, saya teliti melihat nama penerima transfer pada e-wallet. Ternyata nama merchant tersebut malah mengarah ke rekening pribadi orang lain yang tidak dikenal.",KETIDAKSESUAIAN_IDENTITAS_MERCHANT,IDENTITY_MISMATCH
3,"Kasir di Apotek Sehat Medika mengarahkan untuk scan barcode QRIS. Saya mencocokkan nama usaha pada aplikasi pembayaran dengan nama toko, dan hasilnya benar-benar sesuai dengan nama tempat usaha yang saya datangi.",QRIS_NORMAL_MERCHANT_TERPERCAYA,IDENTITY_MATCH
3,"Kasir di Apotek Sehat Medika mengarahkan untuk scan barcode QRIS. Saya mencocokkan nama usaha pada aplikasi pembayaran dengan nama toko, dan hasilnya sama sekali tidak sesuai dengan nama tempat usaha yang saya datangi.",KETIDAKSESUAIAN_IDENTITAS_MERCHANT,IDENTITY_MISMATCH
4,"Nominal belanja sudah pas dan saya cek nama merchant di aplikasi pembayaran. Nama penerima benar-benar sesuai dengan nama tempat usaha yang saya datangi, dan pembayaran selesai lancar.",QRIS_NORMAL_MERCHANT_TERPERCAYA,IDENTITY_MATCH
4,"Nominal belanja sudah pas dan saya cek nama merchant di aplikasi pembayaran. Nama penerima sama sekali tidak sesuai dengan nama tempat usaha yang saya datangi, dan pembayaran selesai lancar.",KETIDAKSESUAIAN_IDENTITAS_MERCHANT,IDENTITY_MISMATCH
5,"Setelah transaksi QRIS berhasil, saya cek notifikasi dan struk digital di perbankan saya. Nama penerima dana sama persis dengan nama toko tempat saya berbelanja.",QRIS_NORMAL_MERCHANT_TERPERCAYA,IDENTITY_MATCH
5,"Setelah transaksi QRIS berhasil, saya cek notifikasi dan struk digital di perbankan saya. Nama penerima dana berbeda dengan nama toko tempat saya berbelanja.",KETIDAKSESUAIAN_IDENTITAS_MERCHANT,IDENTITY_MISMATCH
6,"Tadi saya bayar pakai QRIS di Warung Bu Siti. Pembayaran sukses, lalu saat mengecek rincian transaksi di aplikasi, nama merchant yang tercantum memang resmi atas nama gerai tersebut.",QRIS_NORMAL_MERCHANT_TERPERCAYA,IDENTITY_MATCH
6,"Tadi saya bayar pakai QRIS di Warung Bu Siti. Pembayaran sukses, lalu saat mengecek rincian transaksi di aplikasi, nama merchant yang tercantum malah mengarah ke rekening pribadi orang lain yang tidak dikenal.",KETIDAKSESUAIAN_IDENTITAS_MERCHANT,IDENTITY_MISMATCH
7,"Nominal belanja sudah pas dan saya cek nama merchant di aplikasi pembayaran. Nama penerima sepenuhnya cocok dengan nama outlet tempat saya belanja, dan pembayaran selesai lancar.",QRIS_NORMAL_MERCHANT_TERPERCAYA,IDENTITY_MATCH
7,"Nominal belanja sudah pas dan saya cek nama merchant di aplikasi pembayaran. Nama penerima justru tidak cocok dan memunculkan nama pribadi asing, dan pembayaran selesai lancar.",KETIDAKSESUAIAN_IDENTITAS_MERCHANT,IDENTITY_MISMATCH
8,"Nominal belanja sudah pas dan saya cek nama merchant di aplikasi pembayaran. Nama penerima memang resmi atas nama gerai tersebut, dan pembayaran selesai lancar.",QRIS_NORMAL_MERCHANT_TERPERCAYA,IDENTITY_MATCH
8,"Nominal belanja sudah pas dan saya cek nama merchant di aplikasi pembayaran. Nama penerima malah mengarah ke rekening pribadi orang lain yang tidak dikenal, dan pembayaran selesai lancar.",KETIDAKSESUAIAN_IDENTITAS_MERCHANT,IDENTITY_MISMATCH
9,"Nominal belanja sudah pas dan saya cek nama merchant di aplikasi pembayaran. Nama penerima benar terdaftar atas nama merchant tersebut, dan pembayaran selesai lancar.",QRIS_NORMAL_MERCHANT_TERPERCAYA,IDENTITY_MATCH
9,"Nominal belanja sudah pas dan saya cek nama merchant di aplikasi pembayaran. Nama penerima justru tertera nama merchant lain yang sama sekali berbeda, dan pembayaran selesai lancar.",KETIDAKSESUAIAN_IDENTITAS_MERCHANT,IDENTITY_MISMATCH
10,"Demi keamanan sebelum bayar QRIS, saya memastikan identitas penerima terlebih dahulu. Nama yang terdaftar pada sistem sepenuhnya cocok dengan nama outlet tempat saya belanja.",QRIS_NORMAL_MERCHANT_TERPERCAYA,IDENTITY_MATCH
10,"Demi keamanan sebelum bayar QRIS, saya memastikan identitas penerima terlebih dahulu. Nama yang terdaftar pada sistem justru tidak cocok dan memunculkan nama pribadi asing.",KETIDAKSESUAIAN_IDENTITAS_MERCHANT,IDENTITY_MISMATCH
11,"Sebelum menekan tombol konfirmasi pembayaran QRIS di minimarket, saya memeriksa nama penerima di layar aplikasi. Hasil pengecekan menunjukkan nama penerima cocok dan identik dengan plang nama toko di depan saya, dan transaksi berhasil diproses.",QRIS_NORMAL_MERCHANT_TERPERCAYA,IDENTITY_MATCH
11,"Sebelum menekan tombol konfirmasi pembayaran QRIS di minimarket, saya memeriksa nama penerima di layar aplikasi. Hasil pengecekan menunjukkan nama penerima tidak cocok dan berbeda jauh dari plang nama toko di depan saya, dan transaksi berhasil diproses.",KETIDAKSESUAIAN_IDENTITAS_MERCHANT,IDENTITY_MISMATCH
12,"Setelah transaksi QRIS berhasil, saya cek notifikasi dan struk digital di perbankan saya. Nama penerima dana tepat milik toko ini tanpa ada perbedaan sedikit pun.",QRIS_NORMAL_MERCHANT_TERPERCAYA,IDENTITY_MATCH
12,"Setelah transaksi QRIS berhasil, saya cek notifikasi dan struk digital di perbankan saya. Nama penerima dana bukan milik toko ini melainkan atas nama perseorangan.",KETIDAKSESUAIAN_IDENTITAS_MERCHANT,IDENTITY_MISMATCH
13,"Kasir di Minimarket Barokah mengarahkan untuk scan barcode QRIS. Saya mencocokkan nama usaha pada aplikasi pembayaran dengan nama toko, dan hasilnya memang resmi atas nama gerai tersebut.",QRIS_NORMAL_MERCHANT_TERPERCAYA,IDENTITY_MATCH
13,"Kasir di Minimarket Barokah mengarahkan untuk scan barcode QRIS. Saya mencocokkan nama usaha pada aplikasi pembayaran dengan nama toko, dan hasilnya malah mengarah ke rekening pribadi orang lain yang tidak dikenal.",KETIDAKSESUAIAN_IDENTITAS_MERCHANT,IDENTITY_MISMATCH
14,Nama merchant yang muncul di aplikasi setelah scan QRIS benar-benar sesuai dengan nama tempat usaha yang saya datangi.,QRIS_NORMAL_MERCHANT_TERPERCAYA,IDENTITY_MATCH
14,Nama merchant yang muncul di aplikasi setelah scan QRIS sama sekali tidak sesuai dengan nama tempat usaha yang saya datangi.,KETIDAKSESUAIAN_IDENTITAS_MERCHANT,IDENTITY_MISMATCH
15,"Setelah transaksi QRIS berhasil, saya cek notifikasi dan struk digital di perbankan saya. Nama penerima dana benar-benar sesuai dengan nama tempat usaha yang saya datangi.",QRIS_NORMAL_MERCHANT_TERPERCAYA,IDENTITY_MATCH
15,"Setelah transaksi QRIS berhasil, saya cek notifikasi dan struk digital di perbankan saya. Nama penerima dana sama sekali tidak sesuai dengan nama tempat usaha yang saya datangi.",KETIDAKSESUAIAN_IDENTITAS_MERCHANT,IDENTITY_MISMATCH
16,Nama merchant yang muncul di aplikasi setelah scan QRIS sepenuhnya cocok dengan nama outlet tempat saya belanja.,QRIS_NORMAL_MERCHANT_TERPERCAYA,IDENTITY_MATCH
16,Nama merchant yang muncul di aplikasi setelah scan QRIS justru tidak cocok dan memunculkan nama pribadi asing.,KETIDAKSESUAIAN_IDENTITAS_MERCHANT,IDENTITY_MISMATCH
17,"Sebelum menekan tombol konfirmasi pembayaran QRIS di minimarket, saya memeriksa nama penerima di layar aplikasi. Hasil pengecekan menunjukkan nama penerima sesuai dengan nama usaha yang tertera di kasir, dan transaksi berhasil diproses.",QRIS_NORMAL_MERCHANT_TERPERCAYA,IDENTITY_MATCH
17,"Sebelum menekan tombol konfirmasi pembayaran QRIS di minimarket, saya memeriksa nama penerima di layar aplikasi. Hasil pengecekan menunjukkan nama penerima tidak sesuai dengan nama usaha yang tertera di kasir, dan transaksi berhasil diproses.",KETIDAKSESUAIAN_IDENTITAS_MERCHANT,IDENTITY_MISMATCH
18,"Tadi saya bayar pakai QRIS di Rumah Makan Sederhana Minang. Pembayaran sukses, lalu saat mengecek rincian transaksi di aplikasi, nama merchant yang tercantum benar terdaftar atas nama merchant tersebut.",QRIS_NORMAL_MERCHANT_TERPERCAYA,IDENTITY_MATCH
18,"Tadi saya bayar pakai QRIS di Rumah Makan Sederhana Minang. Pembayaran sukses, lalu saat mengecek rincian transaksi di aplikasi, nama merchant yang tercantum justru tertera nama merchant lain yang sama sekali berbeda.",KETIDAKSESUAIAN_IDENTITAS_MERCHANT,IDENTITY_MISMATCH
19,"Nominal belanja sudah pas dan saya cek nama merchant di aplikasi pembayaran. Nama penerima valid dan konsisten dengan identitas resmi merchant, dan pembayaran selesai lancar.",QRIS_NORMAL_MERCHANT_TERPERCAYA,IDENTITY_MATCH
19,"Nominal belanja sudah pas dan saya cek nama merchant di aplikasi pembayaran. Nama penerima tidak konsisten dan mengindikasikan rekening pihak ketiga yang mencurigakan, dan pembayaran selesai lancar.",KETIDAKSESUAIAN_IDENTITAS_MERCHANT,IDENTITY_MISMATCH
20,B,QRIS_NORMAL_MERCHANT_TERPERCAYA,IDENTITY_MATCH
20,B,KETIDAKSESUAIAN_IDENTITAS_MERCHANT,IDENTITY_MISMATCH
21,Saya memeriksa detail informasi QRIS termasuk NMID dan nama merchant sebelum transfer. Informasi yang tampil di layar HP benar-benar sesuai dengan nama tempat usaha yang saya datangi.,QRIS_NORMAL_MERCHANT_TERPERCAYA,IDENTITY_MATCH
21,Saya memeriksa detail informasi QRIS termasuk NMID dan nama merchant sebelum transfer. Informasi yang tampil di layar HP sama sekali tidak sesuai dengan nama tempat usaha yang saya datangi.,KETIDAKSESUAIAN_IDENTITAS_MERCHANT,IDENTITY_MISMATCH
22,Saya memeriksa detail informasi QRIS termasuk NMID dan nama merchant sebelum transfer. Informasi yang tampil di layar HP valid dan konsisten dengan identitas resmi merchant.,QRIS_NORMAL_MERCHANT_TERPERCAYA,IDENTITY_MATCH
22,Saya memeriksa detail informasi QRIS termasuk NMID dan nama merchant sebelum transfer. Informasi yang tampil di layar HP tidak konsisten dan mengindikasikan rekening pihak ketiga yang mencurigakan.,KETIDAKSESUAIAN_IDENTITAS_MERCHANT,IDENTITY_MISMATCH
23,Saya memeriksa detail informasi QRIS termasuk NMID dan nama merchant sebelum transfer. Informasi yang tampil di layar HP benar-benar sesuai dengan nama tempat usaha yang saya datangi.,QRIS_NORMAL_MERCHANT_TERPERCAYA,IDENTITY_MATCH
23,Saya memeriksa detail informasi QRIS termasuk NMID dan nama merchant sebelum transfer. Informasi yang tampil di layar HP sama sekali tidak sesuai dengan nama tempat usaha yang saya datangi.,KETIDAKSESUAIAN_IDENTITAS_MERCHANT,IDENTITY_MISMATCH
24,"Saat melakukan transaksi QRIS di meja kasir laundry, saya teliti melihat nama penerima transfer pada e-wallet. Ternyata nama merchant tersebut sesuai dengan nama usaha yang tertera di kasir.",QRIS_NORMAL_MERCHANT_TERPERCAYA,IDENTITY_MATCH
24,"Saat melakukan transaksi QRIS di meja kasir laundry, saya teliti melihat nama penerima transfer pada e-wallet. Ternyata nama merchant tersebut tidak sesuai dengan nama usaha yang tertera di kasir.",KETIDAKSESUAIAN_IDENTITAS_MERCHANT,IDENTITY_MISMATCH
25,Nama merchant yang muncul di aplikasi setelah scan QRIS cocok dan identik dengan plang nama toko di depan saya.,QRIS_NORMAL_MERCHANT_TERPERCAYA,IDENTITY_MATCH
25,Nama merchant yang muncul di aplikasi setelah scan QRIS tidak cocok dan berbeda jauh dari plang nama toko di depan saya.,KETIDAKSESUAIAN_IDENTITAS_MERCHANT,IDENTITY_MISMATCH
26,Nama merchant yang muncul di aplikasi setelah scan QRIS memang resmi atas nama gerai tersebut.,QRIS_NORMAL_MERCHANT_TERPERCAYA,IDENTITY_MATCH
26,Nama merchant yang muncul di aplikasi setelah scan QRIS malah mengarah ke rekening pribadi orang lain yang tidak dikenal.,KETIDAKSESUAIAN_IDENTITAS_MERCHANT,IDENTITY_MISMATCH
27,"Saat melakukan transaksi QRIS di meja kasir toko buah, saya teliti melihat nama penerima transfer pada e-wallet. Ternyata nama merchant tersebut benar-benar sesuai dengan nama tempat usaha yang saya datangi.",QRIS_NORMAL_MERCHANT_TERPERCAYA,IDENTITY_MATCH
27,"Saat melakukan transaksi QRIS di meja kasir toko buah, saya teliti melihat nama penerima transfer pada e-wallet. Ternyata nama merchant tersebut sama sekali tidak sesuai dengan nama tempat usaha yang saya datangi.",KETIDAKSESUAIAN_IDENTITAS_MERCHANT,IDENTITY_MISMATCH
28,"Kasir di Boba Fresh Delight mengarahkan untuk scan barcode QRIS. Saya mencocokkan nama usaha pada aplikasi pembayaran dengan nama toko, dan hasilnya identik dengan nama toko dan tidak ada kejanggalan.",QRIS_NORMAL_MERCHANT_TERPERCAYA,IDENTITY_MATCH
28,"Kasir di Boba Fresh Delight mengarahkan untuk scan barcode QRIS. Saya mencocokkan nama usaha pada aplikasi pembayaran dengan nama toko, dan hasilnya berbeda dari nama toko sehingga menimbulkan kecurigaan.",KETIDAKSESUAIAN_IDENTITAS_MERCHANT,IDENTITY_MISMATCH
29,Saya memeriksa detail informasi QRIS termasuk NMID dan nama merchant sebelum transfer. Informasi yang tampil di layar HP cocok dan identik dengan plang nama toko di depan saya.,QRIS_NORMAL_MERCHANT_TERPERCAYA,IDENTITY_MATCH
29,Saya memeriksa detail informasi QRIS termasuk NMID dan nama merchant sebelum transfer. Informasi yang tampil di layar HP tidak cocok dan berbeda jauh dari plang nama toko di depan saya.,KETIDAKSESUAIAN_IDENTITAS_MERCHANT,IDENTITY_MISMATCH
30,"Setelah transaksi QRIS berhasil, saya cek notifikasi dan struk digital di perbankan saya. Nama penerima dana valid dan konsisten dengan identitas resmi merchant.",QRIS_NORMAL_MERCHANT_TERPERCAYA,IDENTITY_MATCH
30,"Setelah transaksi QRIS berhasil, saya cek notifikasi dan struk digital di perbankan saya. Nama penerima dana tidak konsisten dan mengindikasikan rekening pihak ketiga yang mencurigakan.",KETIDAKSESUAIAN_IDENTITAS_MERCHANT,IDENTITY_MISMATCH
31,"Nominal belanja sudah pas dan saya cek nama merchant di aplikasi pembayaran. Nama penerima memang resmi atas nama gerai tersebut, dan pembayaran selesai lancar.",QRIS_NORMAL_MERCHANT_TERPERCAYA,IDENTITY_MATCH
31,"Nominal belanja sudah pas dan saya cek nama merchant di aplikasi pembayaran. Nama penerima malah mengarah ke rekening pribadi orang lain yang tidak dikenal, dan pembayaran selesai lancar.",KETIDAKSESUAIAN_IDENTITAS_MERCHANT,IDENTITY_MISMATCH
32,Nama merchant yang muncul di aplikasi setelah scan QRIS sama persis dengan nama toko tempat saya berbelanja.,QRIS_NORMAL_MERCHANT_TERPERCAYA,IDENTITY_MATCH
32,Nama merchant yang muncul di aplikasi setelah scan QRIS berbeda dengan nama toko tempat saya berbelanja.,KETIDAKSESUAIAN_IDENTITAS_MERCHANT,IDENTITY_MISMATCH
33,"Sebelum menekan tombol konfirmasi pembayaran QRIS di apotek, saya memeriksa nama penerima di layar aplikasi. Hasil pengecekan menunjukkan nama penerima tepat milik toko ini tanpa ada perbedaan sedikit pun, dan transaksi berhasil diproses.",QRIS_NORMAL_MERCHANT_TERPERCAYA,IDENTITY_MATCH
33,"Sebelum menekan tombol konfirmasi pembayaran QRIS di apotek, saya memeriksa nama penerima di layar aplikasi. Hasil pengecekan menunjukkan nama penerima bukan milik toko ini melainkan atas nama perseorangan, dan transaksi berhasil diproses.",KETIDAKSESUAIAN_IDENTITAS_MERCHANT,IDENTITY_MISMATCH
34,"Saat melakukan transaksi QRIS di meja kasir laundry, saya teliti melihat nama penerima transfer pada e-wallet. Ternyata nama merchant tersebut benar-benar sesuai dengan nama tempat usaha yang saya datangi.",QRIS_NORMAL_MERCHANT_TERPERCAYA,IDENTITY_MATCH
34,"Saat melakukan transaksi QRIS di meja kasir laundry, saya teliti melihat nama penerima transfer pada e-wallet. Ternyata nama merchant tersebut sama sekali tidak sesuai dengan nama tempat usaha yang saya datangi.",KETIDAKSESUAIAN_IDENTITAS_MERCHANT,IDENTITY_MISMATCH
35,B,QRIS_NORMAL_MERCHANT_TERPERCAYA,IDENTITY_MATCH
35,B,KETIDAKSESUAIAN_IDENTITAS_MERCHANT,IDENTITY_MISMATCH
36,"Demi keamanan sebelum bayar QRIS, saya memastikan identitas penerima terlebih dahulu. Nama yang terdaftar pada sistem benar terdaftar atas nama merchant tersebut.",QRIS_NORMAL_MERCHANT_TERPERCAYA,IDENTITY_MATCH
36,"Demi keamanan sebelum bayar QRIS, saya memastikan identitas penerima terlebih dahulu. Nama yang terdaftar pada sistem justru tertera nama merchant lain yang sama sekali berbeda.",KETIDAKSESUAIAN_IDENTITAS_MERCHANT,IDENTITY_MISMATCH
37,"Demi keamanan sebelum bayar QRIS, saya memastikan identitas penerima terlebih dahulu. Nama yang terdaftar pada sistem cocok dan identik dengan plang nama toko di depan saya.",QRIS_NORMAL_MERCHANT_TERPERCAYA,IDENTITY_MATCH
37,"Demi keamanan sebelum bayar QRIS, saya memastikan identitas penerima terlebih dahulu. Nama yang terdaftar pada sistem tidak cocok dan berbeda jauh dari plang nama toko di depan saya.",KETIDAKSESUAIAN_IDENTITAS_MERCHANT,IDENTITY_MISMATCH
38,"Kasir di Minimarket Barokah mengarahkan untuk scan barcode QRIS. Saya mencocokkan nama usaha pada aplikasi pembayaran dengan nama toko, dan hasilnya memang resmi atas nama gerai tersebut.",QRIS_NORMAL_MERCHANT_TERPERCAYA,IDENTITY_MATCH
38,"Kasir di Minimarket Barokah mengarahkan untuk scan barcode QRIS. Saya mencocokkan nama usaha pada aplikasi pembayaran dengan nama toko, dan hasilnya malah mengarah ke rekening pribadi orang lain yang tidak dikenal.",KETIDAKSESUAIAN_IDENTITAS_MERCHANT,IDENTITY_MISMATCH
39,"Nominal belanja sudah pas dan saya cek nama merchant di aplikasi pembayaran. Nama penerima identik dengan nama toko dan tidak ada kejanggalan, dan pembayaran selesai lancar.",QRIS_NORMAL_MERCHANT_TERPERCAYA,IDENTITY_MATCH
39,"Nominal belanja sudah pas dan saya cek nama merchant di aplikasi pembayaran. Nama penerima berbeda dari nama toko sehingga menimbulkan kecurigaan, dan pembayaran selesai lancar.",KETIDAKSESUAIAN_IDENTITAS_MERCHANT,IDENTITY_MISMATCH
40,B,QRIS_NORMAL_MERCHANT_TERPERCAYA,IDENTITY_MATCH
40,B,KETIDAKSESUAIAN_IDENTITAS_MERCHANT,IDENTITY_MISMATCH
41,B,QRIS_NORMAL_MERCHANT_TERPERCAYA,IDENTITY_MATCH
41,B,KETIDAKSESUAIAN_IDENTITAS_MERCHANT,IDENTITY_MISMATCH
42,Saya memeriksa detail informasi QRIS termasuk NMID dan nama merchant sebelum transfer. Informasi yang tampil di layar HP cocok dan identik dengan plang nama toko di depan saya.,QRIS_NORMAL_MERCHANT_TERPERCAYA,IDENTITY_MATCH
42,Saya memeriksa detail informasi QRIS termasuk NMID dan nama merchant sebelum transfer. Informasi yang tampil di layar HP tidak cocok dan berbeda jauh dari plang nama toko di depan saya.,KETIDAKSESUAIAN_IDENTITAS_MERCHANT,IDENTITY_MISMATCH
43,"Demi keamanan sebelum bayar QRIS, saya memastikan identitas penerima terlebih dahulu. Nama yang terdaftar pada sistem benar-benar sesuai dengan nama tempat usaha yang saya datangi.",QRIS_NORMAL_MERCHANT_TERPERCAYA,IDENTITY_MATCH
43,"Demi keamanan sebelum bayar QRIS, saya memastikan identitas penerima terlebih dahulu. Nama yang terdaftar pada sistem sama sekali tidak sesuai dengan nama tempat usaha yang saya datangi.",KETIDAKSESUAIAN_IDENTITAS_MERCHANT,IDENTITY_MISMATCH
44,"Sebelum menekan tombol konfirmasi pembayaran QRIS di toko pakaian, saya memeriksa nama penerima di layar aplikasi. Hasil pengecekan menunjukkan nama penerima benar-benar sesuai dengan nama tempat usaha yang saya datangi, dan transaksi berhasil diproses.",QRIS_NORMAL_MERCHANT_TERPERCAYA,IDENTITY_MATCH
44,"Sebelum menekan tombol konfirmasi pembayaran QRIS di toko pakaian, saya memeriksa nama penerima di layar aplikasi. Hasil pengecekan menunjukkan nama penerima sama sekali tidak sesuai dengan nama tempat usaha yang saya datangi, dan transaksi berhasil diproses.",KETIDAKSESUAIAN_IDENTITAS_MERCHANT,IDENTITY_MISMATCH
45,"Kasir di Toko Berkah Jaya mengarahkan untuk scan barcode QRIS. Saya mencocokkan nama usaha pada aplikasi pembayaran dengan nama toko, dan hasilnya benar terdaftar atas nama merchant tersebut.",QRIS_NORMAL_MERCHANT_TERPERCAYA,IDENTITY_MATCH
45,"Kasir di Toko Berkah Jaya mengarahkan untuk scan barcode QRIS. Saya mencocokkan nama usaha pada aplikasi pembayaran dengan nama toko, dan hasilnya justru tertera nama merchant lain yang sama sekali berbeda.",KETIDAKSESUAIAN_IDENTITAS_MERCHANT,IDENTITY_MISMATCH
46,"Tadi saya bayar pakai QRIS di Boba Fresh Delight. Pembayaran sukses, lalu saat mengecek rincian transaksi di aplikasi, nama merchant yang tercantum benar terdaftar atas nama merchant tersebut.",QRIS_NORMAL_MERCHANT_TERPERCAYA,IDENTITY_MATCH
46,"Tadi saya bayar pakai QRIS di Boba Fresh Delight. Pembayaran sukses, lalu saat mengecek rincian transaksi di aplikasi, nama merchant yang tercantum justru tertera nama merchant lain yang sama sekali berbeda.",KETIDAKSESUAIAN_IDENTITAS_MERCHANT,IDENTITY_MISMATCH
47,B,QRIS_NORMAL_MERCHANT_TERPERCAYA,IDENTITY_MATCH
47,B,KETIDAKSESUAIAN_IDENTITAS_MERCHANT,IDENTITY_MISMATCH
48,"Saat melakukan transaksi QRIS di meja kasir restoran padang, saya teliti melihat nama penerima transfer pada e-wallet. Ternyata nama merchant tersebut identik dengan nama toko dan tidak ada kejanggalan.",QRIS_NORMAL_MERCHANT_TERPERCAYA,IDENTITY_MATCH
48,"Saat melakukan transaksi QRIS di meja kasir restoran padang, saya teliti melihat nama penerima transfer pada e-wallet. Ternyata nama merchant tersebut berbeda dari nama toko sehingga menimbulkan kecurigaan.",KETIDAKSESUAIAN_IDENTITAS_MERCHANT,IDENTITY_MISMATCH
49,"Sebelum menekan tombol konfirmasi pembayaran QRIS di barbershop, saya memeriksa nama penerima di layar aplikasi. Hasil pengecekan menunjukkan nama penerima benar-benar sesuai dengan nama tempat usaha yang saya datangi, dan transaksi berhasil diproses.",QRIS_NORMAL_MERCHANT_TERPERCAYA,IDENTITY_MATCH
49,"Sebelum menekan tombol konfirmasi pembayaran QRIS di barbershop, saya memeriksa nama penerima di layar aplikasi. Hasil pengecekan menunjukkan nama penerima sama sekali tidak sesuai dengan nama tempat usaha yang saya datangi, dan transaksi berhasil diproses.",KETIDAKSESUAIAN_IDENTITAS_MERCHANT,IDENTITY_MISMATCH
50,"Nominal belanja sudah pas dan saya cek nama merchant di aplikasi pembayaran. Nama penerima valid dan konsisten dengan identitas resmi merchant, dan pembayaran selesai lancar.",QRIS_NORMAL_MERCHANT_TERPERCAYA,IDENTITY_MATCH
50,"Nominal belanja sudah pas dan saya cek nama merchant di aplikasi pembayaran. Nama penerima tidak konsisten dan mengindikasikan rekening pihak ketiga yang mencurigakan, dan pembayaran selesai lancar.",KETIDAKSESUAIAN_IDENTITAS_MERCHANT,IDENTITY_MISMATCH
51,Nama merchant yang muncul di aplikasi setelah scan QRIS benar-benar sesuai dengan nama tempat usaha yang saya datangi.,QRIS_NORMAL_MERCHANT_TERPERCAYA,IDENTITY_MATCH
51,Nama merchant yang muncul di aplikasi setelah scan QRIS sama sekali tidak sesuai dengan nama tempat usaha yang saya datangi.,KETIDAKSESUAIAN_IDENTITAS_MERCHANT,IDENTITY_MISMATCH
52,"Setelah transaksi QRIS berhasil, saya cek notifikasi dan struk digital di perbankan saya. Nama penerima dana cocok dan identik dengan plang nama toko di depan saya.",QRIS_NORMAL_MERCHANT_TERPERCAYA,IDENTITY_MATCH
52,"Setelah transaksi QRIS berhasil, saya cek notifikasi dan struk digital di perbankan saya. Nama penerima dana tidak cocok dan berbeda jauh dari plang nama toko di depan saya.",KETIDAKSESUAIAN_IDENTITAS_MERCHANT,IDENTITY_MISMATCH
53,"Sebelum menekan tombol konfirmasi pembayaran QRIS di counter pulsa, saya memeriksa nama penerima di layar aplikasi. Hasil pengecekan menunjukkan nama penerima valid dan konsisten dengan identitas resmi merchant, dan transaksi berhasil diproses.",QRIS_NORMAL_MERCHANT_TERPERCAYA,IDENTITY_MATCH
53,"Sebelum menekan tombol konfirmasi pembayaran QRIS di counter pulsa, saya memeriksa nama penerima di layar aplikasi. Hasil pengecekan menunjukkan nama penerima tidak konsisten dan mengindikasikan rekening pihak ketiga yang mencurigakan, dan transaksi berhasil diproses.",KETIDAKSESUAIAN_IDENTITAS_MERCHANT,IDENTITY_MISMATCH
54,"Kasir di Rumah Makan Sederhana Minang mengarahkan untuk scan barcode QRIS. Saya mencocokkan nama usaha pada aplikasi pembayaran dengan nama toko, dan hasilnya identik dengan nama toko dan tidak ada kejanggalan.",QRIS_NORMAL_MERCHANT_TERPERCAYA,IDENTITY_MATCH
54,"Kasir di Rumah Makan Sederhana Minang mengarahkan untuk scan barcode QRIS. Saya mencocokkan nama usaha pada aplikasi pembayaran dengan nama toko, dan hasilnya berbeda dari nama toko sehingga menimbulkan kecurigaan.",KETIDAKSESUAIAN_IDENTITAS_MERCHANT,IDENTITY_MISMATCH
55,"Tadi saya bayar pakai QRIS di Toko Buku Gemilang. Pembayaran sukses, lalu saat mengecek rincian transaksi di aplikasi, nama merchant yang tercantum valid dan konsisten dengan identitas resmi merchant.",QRIS_NORMAL_MERCHANT_TERPERCAYA,IDENTITY_MATCH
55,"Tadi saya bayar pakai QRIS di Toko Buku Gemilang. Pembayaran sukses, lalu saat mengecek rincian transaksi di aplikasi, nama merchant yang tercantum tidak konsisten dan mengindikasikan rekening pihak ketiga yang mencurigakan.",KETIDAKSESUAIAN_IDENTITAS_MERCHANT,IDENTITY_MISMATCH
56,"Nominal belanja sudah pas dan saya cek nama merchant di aplikasi pembayaran. Nama penerima sepenuhnya cocok dengan nama outlet tempat saya belanja, dan pembayaran selesai lancar.",QRIS_NORMAL_MERCHANT_TERPERCAYA,IDENTITY_MATCH
56,"Nominal belanja sudah pas dan saya cek nama merchant di aplikasi pembayaran. Nama penerima justru tidak cocok dan memunculkan nama pribadi asing, dan pembayaran selesai lancar.",KETIDAKSESUAIAN_IDENTITAS_MERCHANT,IDENTITY_MISMATCH
57,"Kasir di Apotek Sehat Medika mengarahkan untuk scan barcode QRIS. Saya mencocokkan nama usaha pada aplikasi pembayaran dengan nama toko, dan hasilnya tepat milik toko ini tanpa ada perbedaan sedikit pun.",QRIS_NORMAL_MERCHANT_TERPERCAYA,IDENTITY_MATCH
57,"Kasir di Apotek Sehat Medika mengarahkan untuk scan barcode QRIS. Saya mencocokkan nama usaha pada aplikasi pembayaran dengan nama toko, dan hasilnya bukan milik toko ini melainkan atas nama perseorangan.",KETIDAKSESUAIAN_IDENTITAS_MERCHANT,IDENTITY_MISMATCH
58,"Kasir di Fashion Style Boutique mengarahkan untuk scan barcode QRIS. Saya mencocokkan nama usaha pada aplikasi pembayaran dengan nama toko, dan hasilnya identik dengan nama toko dan tidak ada kejanggalan.",QRIS_NORMAL_MERCHANT_TERPERCAYA,IDENTITY_MATCH
58,"Kasir di Fashion Style Boutique mengarahkan untuk scan barcode QRIS. Saya mencocokkan nama usaha pada aplikasi pembayaran dengan nama toko, dan hasilnya berbeda dari nama toko sehingga menimbulkan kecurigaan.",KETIDAKSESUAIAN_IDENTITAS_MERCHANT,IDENTITY_MISMATCH
59,"Nominal belanja sudah pas dan saya cek nama merchant di aplikasi pembayaran. Nama penerima sama persis dengan nama toko tempat saya berbelanja, dan pembayaran selesai lancar.",QRIS_NORMAL_MERCHANT_TERPERCAYA,IDENTITY_MATCH
59,"Nominal belanja sudah pas dan saya cek nama merchant di aplikasi pembayaran. Nama penerima berbeda dengan nama toko tempat saya berbelanja, dan pembayaran selesai lancar.",KETIDAKSESUAIAN_IDENTITAS_MERCHANT,IDENTITY_MISMATCH
60,Nama merchant yang muncul di aplikasi setelah scan QRIS sesuai dengan nama usaha yang tertera di kasir.,QRIS_NORMAL_MERCHANT_TERPERCAYA,IDENTITY_MATCH
60,Nama merchant yang muncul di aplikasi setelah scan QRIS tidak sesuai dengan nama usaha yang tertera di kasir.,KETIDAKSESUAIAN_IDENTITAS_MERCHANT,IDENTITY_MISMATCH
61,"Tadi saya bayar pakai QRIS di Warung Bu Siti. Pembayaran sukses, lalu saat mengecek rincian transaksi di aplikasi, nama merchant yang tercantum tepat milik toko ini tanpa ada perbedaan sedikit pun.",QRIS_NORMAL_MERCHANT_TERPERCAYA,IDENTITY_MATCH
61,"Tadi saya bayar pakai QRIS di Warung Bu Siti. Pembayaran sukses, lalu saat mengecek rincian transaksi di aplikasi, nama merchant yang tercantum bukan milik toko ini melainkan atas nama perseorangan.",KETIDAKSESUAIAN_IDENTITAS_MERCHANT,IDENTITY_MISMATCH
62,"Saat melakukan transaksi QRIS di meja kasir toko alat tulis, saya teliti melihat nama penerima transfer pada e-wallet. Ternyata nama merchant tersebut memang resmi atas nama gerai tersebut.",QRIS_NORMAL_MERCHANT_TERPERCAYA,IDENTITY_MATCH
62,"Saat melakukan transaksi QRIS di meja kasir toko alat tulis, saya teliti melihat nama penerima transfer pada e-wallet. Ternyata nama merchant tersebut malah mengarah ke rekening pribadi orang lain yang tidak dikenal.",KETIDAKSESUAIAN_IDENTITAS_MERCHANT,IDENTITY_MISMATCH
63,Saya memeriksa detail informasi QRIS termasuk NMID dan nama merchant sebelum transfer. Informasi yang tampil di layar HP sepenuhnya cocok dengan nama outlet tempat saya belanja.,QRIS_NORMAL_MERCHANT_TERPERCAYA,IDENTITY_MATCH
63,Saya memeriksa detail informasi QRIS termasuk NMID dan nama merchant sebelum transfer. Informasi yang tampil di layar HP justru tidak cocok dan memunculkan nama pribadi asing.,KETIDAKSESUAIAN_IDENTITAS_MERCHANT,IDENTITY_MISMATCH
64,"Tadi saya bayar pakai QRIS di Kopi Kenangan Senja. Pembayaran sukses, lalu saat mengecek rincian transaksi di aplikasi, nama merchant yang tercantum sesuai dengan nama usaha yang tertera di kasir.",QRIS_NORMAL_MERCHANT_TERPERCAYA,IDENTITY_MATCH
64,"Tadi saya bayar pakai QRIS di Kopi Kenangan Senja. Pembayaran sukses, lalu saat mengecek rincian transaksi di aplikasi, nama merchant yang tercantum tidak sesuai dengan nama usaha yang tertera di kasir.",KETIDAKSESUAIAN_IDENTITAS_MERCHANT,IDENTITY_MISMATCH
65,"Tadi saya bayar pakai QRIS di Ganteng Barbershop. Pembayaran sukses, lalu saat mengecek rincian transaksi di aplikasi, nama merchant yang tercantum identik dengan nama toko dan tidak ada kejanggalan.",QRIS_NORMAL_MERCHANT_TERPERCAYA,IDENTITY_MATCH
65,"Tadi saya bayar pakai QRIS di Ganteng Barbershop. Pembayaran sukses, lalu saat mengecek rincian transaksi di aplikasi, nama merchant yang tercantum berbeda dari nama toko sehingga menimbulkan kecurigaan.",KETIDAKSESUAIAN_IDENTITAS_MERCHANT,IDENTITY_MISMATCH
66,"Kasir di Fashion Style Boutique mengarahkan untuk scan barcode QRIS. Saya mencocokkan nama usaha pada aplikasi pembayaran dengan nama toko, dan hasilnya cocok dan identik dengan plang nama toko di depan saya.",QRIS_NORMAL_MERCHANT_TERPERCAYA,IDENTITY_MATCH
66,"Kasir di Fashion Style Boutique mengarahkan untuk scan barcode QRIS. Saya mencocokkan nama usaha pada aplikasi pembayaran dengan nama toko, dan hasilnya tidak cocok dan berbeda jauh dari plang nama toko di depan saya.",KETIDAKSESUAIAN_IDENTITAS_MERCHANT,IDENTITY_MISMATCH
67,"Demi keamanan sebelum bayar QRIS, saya memastikan identitas penerima terlebih dahulu. Nama yang terdaftar pada sistem identik dengan nama toko dan tidak ada kejanggalan.",QRIS_NORMAL_MERCHANT_TERPERCAYA,IDENTITY_MATCH
67,"Demi keamanan sebelum bayar QRIS, saya memastikan identitas penerima terlebih dahulu. Nama yang terdaftar pada sistem berbeda dari nama toko sehingga menimbulkan kecurigaan.",KETIDAKSESUAIAN_IDENTITAS_MERCHANT,IDENTITY_MISMATCH
68,"Saat melakukan transaksi QRIS di meja kasir toko kelontong, saya teliti melihat nama penerima transfer pada e-wallet. Ternyata nama merchant tersebut identik dengan nama toko dan tidak ada kejanggalan.",QRIS_NORMAL_MERCHANT_TERPERCAYA,IDENTITY_MATCH
68,"Saat melakukan transaksi QRIS di meja kasir toko kelontong, saya teliti melihat nama penerima transfer pada e-wallet. Ternyata nama merchant tersebut berbeda dari nama toko sehingga menimbulkan kecurigaan.",KETIDAKSESUAIAN_IDENTITAS_MERCHANT,IDENTITY_MISMATCH
69,B,QRIS_NORMAL_MERCHANT_TERPERCAYA,IDENTITY_MATCH
69,B,KETIDAKSESUAIAN_IDENTITAS_MERCHANT,IDENTITY_MISMATCH
70,"Nominal belanja sudah pas dan saya cek nama merchant di aplikasi pembayaran. Nama penerima memang resmi atas nama gerai tersebut, dan pembayaran selesai lancar.",QRIS_NORMAL_MERCHANT_TERPERCAYA,IDENTITY_MATCH
70,"Nominal belanja sudah pas dan saya cek nama merchant di aplikasi pembayaran. Nama penerima malah mengarah ke rekening pribadi orang lain yang tidak dikenal, dan pembayaran selesai lancar.",KETIDAKSESUAIAN_IDENTITAS_MERCHANT,IDENTITY_MISMATCH
71,"Saat melakukan transaksi QRIS di meja kasir kedai bakso, saya teliti melihat nama penerima transfer pada e-wallet. Ternyata nama merchant tersebut benar terdaftar atas nama merchant tersebut.",QRIS_NORMAL_MERCHANT_TERPERCAYA,IDENTITY_MATCH
71,"Saat melakukan transaksi QRIS di meja kasir kedai bakso, saya teliti melihat nama penerima transfer pada e-wallet. Ternyata nama merchant tersebut justru tertera nama merchant lain yang sama sekali berbeda.",KETIDAKSESUAIAN_IDENTITAS_MERCHANT,IDENTITY_MISMATCH
72,Nama merchant yang muncul di aplikasi setelah scan QRIS sesuai dengan nama usaha yang tertera di kasir.,QRIS_NORMAL_MERCHANT_TERPERCAYA,IDENTITY_MATCH
72,Nama merchant yang muncul di aplikasi setelah scan QRIS tidak sesuai dengan nama usaha yang tertera di kasir.,KETIDAKSESUAIAN_IDENTITAS_MERCHANT,IDENTITY_MISMATCH
73,"Nominal belanja sudah pas dan saya cek nama merchant di aplikasi pembayaran. Nama penerima sesuai dengan nama usaha yang tertera di kasir, dan pembayaran selesai lancar.",QRIS_NORMAL_MERCHANT_TERPERCAYA,IDENTITY_MATCH
73,"Nominal belanja sudah pas dan saya cek nama merchant di aplikasi pembayaran. Nama penerima tidak sesuai dengan nama usaha yang tertera di kasir, dan pembayaran selesai lancar.",KETIDAKSESUAIAN_IDENTITAS_MERCHANT,IDENTITY_MISMATCH
74,Saya memeriksa detail informasi QRIS termasuk NMID dan nama merchant sebelum transfer. Informasi yang tampil di layar HP memang resmi atas nama gerai tersebut.,QRIS_NORMAL_MERCHANT_TERPERCAYA,IDENTITY_MATCH
74,Saya memeriksa detail informasi QRIS termasuk NMID dan nama merchant sebelum transfer. Informasi yang tampil di layar HP malah mengarah ke rekening pribadi orang lain yang tidak dikenal.,KETIDAKSESUAIAN_IDENTITAS_MERCHANT,IDENTITY_MISMATCH
75,Nama merchant yang muncul di aplikasi setelah scan QRIS sama persis dengan nama toko tempat saya berbelanja.,QRIS_NORMAL_MERCHANT_TERPERCAYA,IDENTITY_MATCH
75,Nama merchant yang muncul di aplikasi setelah scan QRIS berbeda dengan nama toko tempat saya berbelanja.,KETIDAKSESUAIAN_IDENTITAS_MERCHANT,IDENTITY_MISMATCH
76,"Nominal belanja sudah pas dan saya cek nama merchant di aplikasi pembayaran. Nama penerima memang resmi atas nama gerai tersebut, dan pembayaran selesai lancar.",QRIS_NORMAL_MERCHANT_TERPERCAYA,IDENTITY_MATCH
76,"Nominal belanja sudah pas dan saya cek nama merchant di aplikasi pembayaran. Nama penerima malah mengarah ke rekening pribadi orang lain yang tidak dikenal, dan pembayaran selesai lancar.",KETIDAKSESUAIAN_IDENTITAS_MERCHANT,IDENTITY_MISMATCH
77,Saya memeriksa detail informasi QRIS termasuk NMID dan nama merchant sebelum transfer. Informasi yang tampil di layar HP sama persis dengan nama toko tempat saya berbelanja.,QRIS_NORMAL_MERCHANT_TERPERCAYA,IDENTITY_MATCH
77,Saya memeriksa detail informasi QRIS termasuk NMID dan nama merchant sebelum transfer. Informasi yang tampil di layar HP berbeda dengan nama toko tempat saya berbelanja.,KETIDAKSESUAIAN_IDENTITAS_MERCHANT,IDENTITY_MISMATCH
78,"Sebelum menekan tombol konfirmasi pembayaran QRIS di kedai kopi, saya memeriksa nama penerima di layar aplikasi. Hasil pengecekan menunjukkan nama penerima memang resmi atas nama gerai tersebut, dan transaksi berhasil diproses.",QRIS_NORMAL_MERCHANT_TERPERCAYA,IDENTITY_MATCH
78,"Sebelum menekan tombol konfirmasi pembayaran QRIS di kedai kopi, saya memeriksa nama penerima di layar aplikasi. Hasil pengecekan menunjukkan nama penerima malah mengarah ke rekening pribadi orang lain yang tidak dikenal, dan transaksi berhasil diproses.",KETIDAKSESUAIAN_IDENTITAS_MERCHANT,IDENTITY_MISMATCH
79,"Sebelum menekan tombol konfirmasi pembayaran QRIS di kedai kopi, saya memeriksa nama penerima di layar aplikasi. Hasil pengecekan menunjukkan nama penerima tepat milik toko ini tanpa ada perbedaan sedikit pun, dan transaksi berhasil diproses.",QRIS_NORMAL_MERCHANT_TERPERCAYA,IDENTITY_MATCH
79,"Sebelum menekan tombol konfirmasi pembayaran QRIS di kedai kopi, saya memeriksa nama penerima di layar aplikasi. Hasil pengecekan menunjukkan nama penerima bukan milik toko ini melainkan atas nama perseorangan, dan transaksi berhasil diproses.",KETIDAKSESUAIAN_IDENTITAS_MERCHANT,IDENTITY_MISMATCH
80,"Nominal belanja sudah pas dan saya cek nama merchant di aplikasi pembayaran. Nama penerima memang resmi atas nama gerai tersebut, dan pembayaran selesai lancar.",QRIS_NORMAL_MERCHANT_TERPERCAYA,IDENTITY_MATCH
80,"Nominal belanja sudah pas dan saya cek nama merchant di aplikasi pembayaran. Nama penerima malah mengarah ke rekening pribadi orang lain yang tidak dikenal, dan pembayaran selesai lancar.",KETIDAKSESUAIAN_IDENTITAS_MERCHANT,IDENTITY_MISMATCH
81,"Demi keamanan sebelum bayar QRIS, saya memastikan identitas penerima terlebih dahulu. Nama yang terdaftar pada sistem memang resmi atas nama gerai tersebut.",QRIS_NORMAL_MERCHANT_TERPERCAYA,IDENTITY_MATCH
81,"Demi keamanan sebelum bayar QRIS, saya memastikan identitas penerima terlebih dahulu. Nama yang terdaftar pada sistem malah mengarah ke rekening pribadi orang lain yang tidak dikenal.",KETIDAKSESUAIAN_IDENTITAS_MERCHANT,IDENTITY_MISMATCH
82,"Kasir di Rumah Makan Sederhana Minang mengarahkan untuk scan barcode QRIS. Saya mencocokkan nama usaha pada aplikasi pembayaran dengan nama toko, dan hasilnya sepenuhnya cocok dengan nama outlet tempat saya belanja.",QRIS_NORMAL_MERCHANT_TERPERCAYA,IDENTITY_MATCH
82,"Kasir di Rumah Makan Sederhana Minang mengarahkan untuk scan barcode QRIS. Saya mencocokkan nama usaha pada aplikasi pembayaran dengan nama toko, dan hasilnya justru tidak cocok dan memunculkan nama pribadi asing.",KETIDAKSESUAIAN_IDENTITAS_MERCHANT,IDENTITY_MISMATCH
83,"Demi keamanan sebelum bayar QRIS, saya memastikan identitas penerima terlebih dahulu. Nama yang terdaftar pada sistem memang resmi atas nama gerai tersebut.",QRIS_NORMAL_MERCHANT_TERPERCAYA,IDENTITY_MATCH
83,"Demi keamanan sebelum bayar QRIS, saya memastikan identitas penerima terlebih dahulu. Nama yang terdaftar pada sistem malah mengarah ke rekening pribadi orang lain yang tidak dikenal.",KETIDAKSESUAIAN_IDENTITAS_MERCHANT,IDENTITY_MISMATCH
84,"Demi keamanan sebelum bayar QRIS, saya memastikan identitas penerima terlebih dahulu. Nama yang terdaftar pada sistem benar terdaftar atas nama merchant tersebut.",QRIS_NORMAL_MERCHANT_TERPERCAYA,IDENTITY_MATCH
84,"Demi keamanan sebelum bayar QRIS, saya memastikan identitas penerima terlebih dahulu. Nama yang terdaftar pada sistem justru tertera nama merchant lain yang sama sekali berbeda.",KETIDAKSESUAIAN_IDENTITAS_MERCHANT,IDENTITY_MISMATCH
85,"Tadi saya bayar pakai QRIS di Apotek Sehat Medika. Pembayaran sukses, lalu saat mengecek rincian transaksi di aplikasi, nama merchant yang tercantum benar-benar sesuai dengan nama tempat usaha yang saya datangi.",QRIS_NORMAL_MERCHANT_TERPERCAYA,IDENTITY_MATCH
85,"Tadi saya bayar pakai QRIS di Apotek Sehat Medika. Pembayaran sukses, lalu saat mengecek rincian transaksi di aplikasi, nama merchant yang tercantum sama sekali tidak sesuai dengan nama tempat usaha yang saya datangi.",KETIDAKSESUAIAN_IDENTITAS_MERCHANT,IDENTITY_MISMATCH
86,"Setelah transaksi QRIS berhasil, saya cek notifikasi dan struk digital di perbankan saya. Nama penerima dana tepat milik toko ini tanpa ada perbedaan sedikit pun.",QRIS_NORMAL_MERCHANT_TERPERCAYA,IDENTITY_MATCH
86,"Setelah transaksi QRIS berhasil, saya cek notifikasi dan struk digital di perbankan saya. Nama penerima dana bukan milik toko ini melainkan atas nama perseorangan.",KETIDAKSESUAIAN_IDENTITAS_MERCHANT,IDENTITY_MISMATCH
87,"Setelah transaksi QRIS berhasil, saya cek notifikasi dan struk digital di perbankan saya. Nama penerima dana sesuai dengan nama usaha yang tertera di kasir.",QRIS_NORMAL_MERCHANT_TERPERCAYA,IDENTITY_MATCH
87,"Setelah transaksi QRIS berhasil, saya cek notifikasi dan struk digital di perbankan saya. Nama penerima dana tidak sesuai dengan nama usaha yang tertera di kasir.",KETIDAKSESUAIAN_IDENTITAS_MERCHANT,IDENTITY_MISMATCH
88,"Sebelum menekan tombol konfirmasi pembayaran QRIS di barbershop, saya memeriksa nama penerima di layar aplikasi. Hasil pengecekan menunjukkan nama penerima benar-benar sesuai dengan nama tempat usaha yang saya datangi, dan transaksi berhasil diproses.",QRIS_NORMAL_MERCHANT_TERPERCAYA,IDENTITY_MATCH
88,"Sebelum menekan tombol konfirmasi pembayaran QRIS di barbershop, saya memeriksa nama penerima di layar aplikasi. Hasil pengecekan menunjukkan nama penerima sama sekali tidak sesuai dengan nama tempat usaha yang saya datangi, dan transaksi berhasil diproses.",KETIDAKSESUAIAN_IDENTITAS_MERCHANT,IDENTITY_MISMATCH
89,"Setelah transaksi QRIS berhasil, saya cek notifikasi dan struk digital di perbankan saya. Nama penerima dana tepat milik toko ini tanpa ada perbedaan sedikit pun.",QRIS_NORMAL_MERCHANT_TERPERCAYA,IDENTITY_MATCH
89,"Setelah transaksi QRIS berhasil, saya cek notifikasi dan struk digital di perbankan saya. Nama penerima dana bukan milik toko ini melainkan atas nama perseorangan.",KETIDAKSESUAIAN_IDENTITAS_MERCHANT,IDENTITY_MISMATCH
90,"Tadi saya bayar pakai QRIS di Fashion Style Boutique. Pembayaran sukses, lalu saat mengecek rincian transaksi di aplikasi, nama merchant yang tercantum memang resmi atas nama gerai tersebut.",QRIS_NORMAL_MERCHANT_TERPERCAYA,IDENTITY_MATCH
90,"Tadi saya bayar pakai QRIS di Fashion Style Boutique. Pembayaran sukses, lalu saat mengecek rincian transaksi di aplikasi, nama merchant yang tercantum malah mengarah ke rekening pribadi orang lain yang tidak dikenal.",KETIDAKSESUAIAN_IDENTITAS_MERCHANT,IDENTITY_MISMATCH
91,Saya memeriksa detail informasi QRIS termasuk NMID dan nama merchant sebelum transfer. Informasi yang tampil di layar HP identik dengan nama toko dan tidak ada kejanggalan.,QRIS_NORMAL_MERCHANT_TERPERCAYA,IDENTITY_MATCH
91,Saya memeriksa detail informasi QRIS termasuk NMID dan nama merchant sebelum transfer. Informasi yang tampil di layar HP berbeda dari nama toko sehingga menimbulkan kecurigaan.,KETIDAKSESUAIAN_IDENTITAS_MERCHANT,IDENTITY_MISMATCH
92,"Kasir di Counter Cahaya Cell mengarahkan untuk scan barcode QRIS. Saya mencocokkan nama usaha pada aplikasi pembayaran dengan nama toko, dan hasilnya benar terdaftar atas nama merchant tersebut.",QRIS_NORMAL_MERCHANT_TERPERCAYA,IDENTITY_MATCH
92,"Kasir di Counter Cahaya Cell mengarahkan untuk scan barcode QRIS. Saya mencocokkan nama usaha pada aplikasi pembayaran dengan nama toko, dan hasilnya justru tertera nama merchant lain yang sama sekali berbeda.",KETIDAKSESUAIAN_IDENTITAS_MERCHANT,IDENTITY_MISMATCH
93,"Saat melakukan transaksi QRIS di meja kasir toko kelontong, saya teliti melihat nama penerima transfer pada e-wallet. Ternyata nama merchant tersebut sesuai dengan nama usaha yang tertera di kasir.",QRIS_NORMAL_MERCHANT_TERPERCAYA,IDENTITY_MATCH
93,"Saat melakukan transaksi QRIS di meja kasir toko kelontong, saya teliti melihat nama penerima transfer pada e-wallet. Ternyata nama merchant tersebut tidak sesuai dengan nama usaha yang tertera di kasir.",KETIDAKSESUAIAN_IDENTITAS_MERCHANT,IDENTITY_MISMATCH
94,"Tadi saya bayar pakai QRIS di Apotek Sehat Medika. Pembayaran sukses, lalu saat mengecek rincian transaksi di aplikasi, nama merchant yang tercantum sesuai dengan nama usaha yang tertera di kasir.",QRIS_NORMAL_MERCHANT_TERPERCAYA,IDENTITY_MATCH
94,"Tadi saya bayar pakai QRIS di Apotek Sehat Medika. Pembayaran sukses, lalu saat mengecek rincian transaksi di aplikasi, nama merchant yang tercantum tidak sesuai dengan nama usaha yang tertera di kasir.",KETIDAKSESUAIAN_IDENTITAS_MERCHANT,IDENTITY_MISMATCH
95,"Nominal belanja sudah pas dan saya cek nama merchant di aplikasi pembayaran. Nama penerima benar-benar sesuai dengan nama tempat usaha yang saya datangi, dan pembayaran selesai lancar.",QRIS_NORMAL_MERCHANT_TERPERCAYA,IDENTITY_MATCH
95,"Nominal belanja sudah pas dan saya cek nama merchant di aplikasi pembayaran. Nama penerima sama sekali tidak sesuai dengan nama tempat usaha yang saya datangi, dan pembayaran selesai lancar.",KETIDAKSESUAIAN_IDENTITAS_MERCHANT,IDENTITY_MISMATCH
96,"Nominal belanja sudah pas dan saya cek nama merchant di aplikasi pembayaran. Nama penerima sama persis dengan nama toko tempat saya berbelanja, dan pembayaran selesai lancar.",QRIS_NORMAL_MERCHANT_TERPERCAYA,IDENTITY_MATCH
96,"Nominal belanja sudah pas dan saya cek nama merchant di aplikasi pembayaran. Nama penerima berbeda dengan nama toko tempat saya berbelanja, dan pembayaran selesai lancar.",KETIDAKSESUAIAN_IDENTITAS_MERCHANT,IDENTITY_MISMATCH
97,Saya memeriksa detail informasi QRIS termasuk NMID dan nama merchant sebelum transfer. Informasi yang tampil di layar HP cocok dan identik dengan plang nama toko di depan saya.,QRIS_NORMAL_MERCHANT_TERPERCAYA,IDENTITY_MATCH
97,Saya memeriksa detail informasi QRIS termasuk NMID dan nama merchant sebelum transfer. Informasi yang tampil di layar HP tidak cocok dan berbeda jauh dari plang nama toko di depan saya.,KETIDAKSESUAIAN_IDENTITAS_MERCHANT,IDENTITY_MISMATCH
98,"Demi keamanan sebelum bayar QRIS, saya memastikan identitas penerima terlebih dahulu. Nama yang terdaftar pada sistem sesuai dengan nama usaha yang tertera di kasir.",QRIS_NORMAL_MERCHANT_TERPERCAYA,IDENTITY_MATCH
98,"Demi keamanan sebelum bayar QRIS, saya memastikan identitas penerima terlebih dahulu. Nama yang terdaftar pada sistem tidak sesuai dengan nama usaha yang tertera di kasir.",KETIDAKSESUAIAN_IDENTITAS_MERCHANT,IDENTITY_MISMATCH
99,"Setelah transaksi QRIS berhasil, saya cek notifikasi dan struk digital di perbankan saya. Nama penerima dana sama persis dengan nama toko tempat saya berbelanja.",QRIS_NORMAL_MERCHANT_TERPERCAYA,IDENTITY_MATCH
99,"Setelah transaksi QRIS berhasil, saya cek notifikasi dan struk digital di perbankan saya. Nama penerima dana berbeda dengan nama toko tempat saya berbelanja.",KETIDAKSESUAIAN_IDENTITAS_MERCHANT,IDENTITY_MISMATCH
100,"Setelah transaksi QRIS berhasil, saya cek notifikasi dan struk digital di perbankan saya. Nama penerima dana sama persis dengan nama toko tempat saya berbelanja.",QRIS_NORMAL_MERCHANT_TERPERCAYA,IDENTITY_MATCH
100,"Setelah transaksi QRIS berhasil, saya cek notifikasi dan struk digital di perbankan saya. Nama penerima dana berbeda dengan nama toko tempat saya berbelanja.",KETIDAKSESUAIAN_IDENTITAS_MERCHANT,IDENTITY_MISMATCH
101,"Saat melakukan transaksi QRIS di meja kasir laundry, saya teliti melihat nama penerima transfer pada e-wallet. Ternyata nama merchant tersebut sesuai dengan nama usaha yang tertera di kasir.",QRIS_NORMAL_MERCHANT_TERPERCAYA,IDENTITY_MATCH
101,"Saat melakukan transaksi QRIS di meja kasir laundry, saya teliti melihat nama penerima transfer pada e-wallet. Ternyata nama merchant tersebut tidak sesuai dengan nama usaha yang tertera di kasir.",KETIDAKSESUAIAN_IDENTITAS_MERCHANT,IDENTITY_MISMATCH
102,"Setelah transaksi QRIS berhasil, saya cek notifikasi dan struk digital di perbankan saya. Nama penerima dana identik dengan nama toko dan tidak ada kejanggalan.",QRIS_NORMAL_MERCHANT_TERPERCAYA,IDENTITY_MATCH
102,"Setelah transaksi QRIS berhasil, saya cek notifikasi dan struk digital di perbankan saya. Nama penerima dana berbeda dari nama toko sehingga menimbulkan kecurigaan.",KETIDAKSESUAIAN_IDENTITAS_MERCHANT,IDENTITY_MISMATCH
103,"Demi keamanan sebelum bayar QRIS, saya memastikan identitas penerima terlebih dahulu. Nama yang terdaftar pada sistem cocok dan identik dengan plang nama toko di depan saya.",QRIS_NORMAL_MERCHANT_TERPERCAYA,IDENTITY_MATCH
103,"Demi keamanan sebelum bayar QRIS, saya memastikan identitas penerima terlebih dahulu. Nama yang terdaftar pada sistem tidak cocok dan berbeda jauh dari plang nama toko di depan saya.",KETIDAKSESUAIAN_IDENTITAS_MERCHANT,IDENTITY_MISMATCH
104,"Saat melakukan transaksi QRIS di meja kasir apotek, saya teliti melihat nama penerima transfer pada e-wallet. Ternyata nama merchant tersebut memang resmi atas nama gerai tersebut.",QRIS_NORMAL_MERCHANT_TERPERCAYA,IDENTITY_MATCH
104,"Saat melakukan transaksi QRIS di meja kasir apotek, saya teliti melihat nama penerima transfer pada e-wallet. Ternyata nama merchant tersebut malah mengarah ke rekening pribadi orang lain yang tidak dikenal.",KETIDAKSESUAIAN_IDENTITAS_MERCHANT,IDENTITY_MISMATCH
105,B,QRIS_NORMAL_MERCHANT_TERPERCAYA,IDENTITY_MATCH
105,B,KETIDAKSESUAIAN_IDENTITAS_MERCHANT,IDENTITY_MISMATCH
106,Nama merchant yang muncul di aplikasi setelah scan QRIS sama persis dengan nama toko tempat saya berbelanja.,QRIS_NORMAL_MERCHANT_TERPERCAYA,IDENTITY_MATCH
106,Nama merchant yang muncul di aplikasi setelah scan QRIS berbeda dengan nama toko tempat saya berbelanja.,KETIDAKSESUAIAN_IDENTITAS_MERCHANT,IDENTITY_MISMATCH
107,B,QRIS_NORMAL_MERCHANT_TERPERCAYA,IDENTITY_MATCH
107,B,KETIDAKSESUAIAN_IDENTITAS_MERCHANT,IDENTITY_MISMATCH
108,"Nominal belanja sudah pas dan saya cek nama merchant di aplikasi pembayaran. Nama penerima cocok dan identik dengan plang nama toko di depan saya, dan pembayaran selesai lancar.",QRIS_NORMAL_MERCHANT_TERPERCAYA,IDENTITY_MATCH
108,"Nominal belanja sudah pas dan saya cek nama merchant di aplikasi pembayaran. Nama penerima tidak cocok dan berbeda jauh dari plang nama toko di depan saya, dan pembayaran selesai lancar.",KETIDAKSESUAIAN_IDENTITAS_MERCHANT,IDENTITY_MISMATCH
109,"Nominal belanja sudah pas dan saya cek nama merchant di aplikasi pembayaran. Nama penerima benar-benar sesuai dengan nama tempat usaha yang saya datangi, dan pembayaran selesai lancar.",QRIS_NORMAL_MERCHANT_TERPERCAYA,IDENTITY_MATCH
109,"Nominal belanja sudah pas dan saya cek nama merchant di aplikasi pembayaran. Nama penerima sama sekali tidak sesuai dengan nama tempat usaha yang saya datangi, dan pembayaran selesai lancar.",KETIDAKSESUAIAN_IDENTITAS_MERCHANT,IDENTITY_MISMATCH
110,"Kasir di Ganteng Barbershop mengarahkan untuk scan barcode QRIS. Saya mencocokkan nama usaha pada aplikasi pembayaran dengan nama toko, dan hasilnya benar-benar sesuai dengan nama tempat usaha yang saya datangi.",QRIS_NORMAL_MERCHANT_TERPERCAYA,IDENTITY_MATCH
110,"Kasir di Ganteng Barbershop mengarahkan untuk scan barcode QRIS. Saya mencocokkan nama usaha pada aplikasi pembayaran dengan nama toko, dan hasilnya sama sekali tidak sesuai dengan nama tempat usaha yang saya datangi.",KETIDAKSESUAIAN_IDENTITAS_MERCHANT,IDENTITY_MISMATCH
111,"Tadi saya bayar pakai QRIS di Boba Fresh Delight. Pembayaran sukses, lalu saat mengecek rincian transaksi di aplikasi, nama merchant yang tercantum memang resmi atas nama gerai tersebut.",QRIS_NORMAL_MERCHANT_TERPERCAYA,IDENTITY_MATCH
111,"Tadi saya bayar pakai QRIS di Boba Fresh Delight. Pembayaran sukses, lalu saat mengecek rincian transaksi di aplikasi, nama merchant yang tercantum malah mengarah ke rekening pribadi orang lain yang tidak dikenal.",KETIDAKSESUAIAN_IDENTITAS_MERCHANT,IDENTITY_MISMATCH
112,"Tadi saya bayar pakai QRIS di Laundry Wangi Bersih. Pembayaran sukses, lalu saat mengecek rincian transaksi di aplikasi, nama merchant yang tercantum sepenuhnya cocok dengan nama outlet tempat saya belanja.",QRIS_NORMAL_MERCHANT_TERPERCAYA,IDENTITY_MATCH
112,"Tadi saya bayar pakai QRIS di Laundry Wangi Bersih. Pembayaran sukses, lalu saat mengecek rincian transaksi di aplikasi, nama merchant yang tercantum justru tidak cocok dan memunculkan nama pribadi asing.",KETIDAKSESUAIAN_IDENTITAS_MERCHANT,IDENTITY_MISMATCH
113,B,QRIS_NORMAL_MERCHANT_TERPERCAYA,IDENTITY_MATCH
113,B,KETIDAKSESUAIAN_IDENTITAS_MERCHANT,IDENTITY_MISMATCH
114,B,QRIS_NORMAL_MERCHANT_TERPERCAYA,IDENTITY_MATCH
114,B,KETIDAKSESUAIAN_IDENTITAS_MERCHANT,IDENTITY_MISMATCH
115,B,QRIS_NORMAL_MERCHANT_TERPERCAYA,IDENTITY_MATCH
115,B,KETIDAKSESUAIAN_IDENTITAS_MERCHANT,IDENTITY_MISMATCH
116,Nama merchant yang muncul di aplikasi setelah scan QRIS valid dan konsisten dengan identitas resmi merchant.,QRIS_NORMAL_MERCHANT_TERPERCAYA,IDENTITY_MATCH
116,Nama merchant yang muncul di aplikasi setelah scan QRIS tidak konsisten dan mengindikasikan rekening pihak ketiga yang mencurigakan.,KETIDAKSESUAIAN_IDENTITAS_MERCHANT,IDENTITY_MISMATCH
117,Nama merchant yang muncul di aplikasi setelah scan QRIS memang resmi atas nama gerai tersebut.,QRIS_NORMAL_MERCHANT_TERPERCAYA,IDENTITY_MATCH
117,Nama merchant yang muncul di aplikasi setelah scan QRIS malah mengarah ke rekening pribadi orang lain yang tidak dikenal.,KETIDAKSESUAIAN_IDENTITAS_MERCHANT,IDENTITY_MISMATCH
118,"Setelah transaksi QRIS berhasil, saya cek notifikasi dan struk digital di perbankan saya. Nama penerima dana cocok dan identik dengan plang nama toko di depan saya.",QRIS_NORMAL_MERCHANT_TERPERCAYA,IDENTITY_MATCH
118,"Setelah transaksi QRIS berhasil, saya cek notifikasi dan struk digital di perbankan saya. Nama penerima dana tidak cocok dan berbeda jauh dari plang nama toko di depan saya.",KETIDAKSESUAIAN_IDENTITAS_MERCHANT,IDENTITY_MISMATCH
119,"Saat melakukan transaksi QRIS di meja kasir toko buah, saya teliti melihat nama penerima transfer pada e-wallet. Ternyata nama merchant tersebut sesuai dengan nama usaha yang tertera di kasir.",QRIS_NORMAL_MERCHANT_TERPERCAYA,IDENTITY_MATCH
119,"Saat melakukan transaksi QRIS di meja kasir toko buah, saya teliti melihat nama penerima transfer pada e-wallet. Ternyata nama merchant tersebut tidak sesuai dengan nama usaha yang tertera di kasir.",KETIDAKSESUAIAN_IDENTITAS_MERCHANT,IDENTITY_MISMATCH
120,"Tadi saya bayar pakai QRIS di Bengkel Maju Lancar. Pembayaran sukses, lalu saat mengecek rincian transaksi di aplikasi, nama merchant yang tercantum sama persis dengan nama toko tempat saya berbelanja.",QRIS_NORMAL_MERCHANT_TERPERCAYA,IDENTITY_MATCH
120,"Tadi saya bayar pakai QRIS di Bengkel Maju Lancar. Pembayaran sukses, lalu saat mengecek rincian transaksi di aplikasi, nama merchant yang tercantum berbeda dengan nama toko tempat saya berbelanja.",KETIDAKSESUAIAN_IDENTITAS_MERCHANT,IDENTITY_MISMATCH
121,B,QRIS_NORMAL_MERCHANT_TERPERCAYA,IDENTITY_MATCH
121,B,KETIDAKSESUAIAN_IDENTITAS_MERCHANT,IDENTITY_MISMATCH
122,"Tadi saya bayar pakai QRIS di Kopi Kenangan Senja. Pembayaran sukses, lalu saat mengecek rincian transaksi di aplikasi, nama merchant yang tercantum identik dengan nama toko dan tidak ada kejanggalan.",QRIS_NORMAL_MERCHANT_TERPERCAYA,IDENTITY_MATCH
122,"Tadi saya bayar pakai QRIS di Kopi Kenangan Senja. Pembayaran sukses, lalu saat mengecek rincian transaksi di aplikasi, nama merchant yang tercantum berbeda dari nama toko sehingga menimbulkan kecurigaan.",KETIDAKSESUAIAN_IDENTITAS_MERCHANT,IDENTITY_MISMATCH
123,"Nominal belanja sudah pas dan saya cek nama merchant di aplikasi pembayaran. Nama penerima valid dan konsisten dengan identitas resmi merchant, dan pembayaran selesai lancar.",QRIS_NORMAL_MERCHANT_TERPERCAYA,IDENTITY_MATCH
123,"Nominal belanja sudah pas dan saya cek nama merchant di aplikasi pembayaran. Nama penerima tidak konsisten dan mengindikasikan rekening pihak ketiga yang mencurigakan, dan pembayaran selesai lancar.",KETIDAKSESUAIAN_IDENTITAS_MERCHANT,IDENTITY_MISMATCH
124,Nama merchant yang muncul di aplikasi setelah scan QRIS benar-benar sesuai dengan nama tempat usaha yang saya datangi.,QRIS_NORMAL_MERCHANT_TERPERCAYA,IDENTITY_MATCH
124,Nama merchant yang muncul di aplikasi setelah scan QRIS sama sekali tidak sesuai dengan nama tempat usaha yang saya datangi.,KETIDAKSESUAIAN_IDENTITAS_MERCHANT,IDENTITY_MISMATCH
125,Saya memeriksa detail informasi QRIS termasuk NMID dan nama merchant sebelum transfer. Informasi yang tampil di layar HP tepat milik toko ini tanpa ada perbedaan sedikit pun.,QRIS_NORMAL_MERCHANT_TERPERCAYA,IDENTITY_MATCH
125,Saya memeriksa detail informasi QRIS termasuk NMID dan nama merchant sebelum transfer. Informasi yang tampil di layar HP bukan milik toko ini melainkan atas nama perseorangan.,KETIDAKSESUAIAN_IDENTITAS_MERCHANT,IDENTITY_MISMATCH
126,"Kasir di Minimarket Barokah mengarahkan untuk scan barcode QRIS. Saya mencocokkan nama usaha pada aplikasi pembayaran dengan nama toko, dan hasilnya sesuai dengan nama usaha yang tertera di kasir.",QRIS_NORMAL_MERCHANT_TERPERCAYA,IDENTITY_MATCH
126,"Kasir di Minimarket Barokah mengarahkan untuk scan barcode QRIS. Saya mencocokkan nama usaha pada aplikasi pembayaran dengan nama toko, dan hasilnya tidak sesuai dengan nama usaha yang tertera di kasir.",KETIDAKSESUAIAN_IDENTITAS_MERCHANT,IDENTITY_MISMATCH
127,"Nominal belanja sudah pas dan saya cek nama merchant di aplikasi pembayaran. Nama penerima valid dan konsisten dengan identitas resmi merchant, dan pembayaran selesai lancar.",QRIS_NORMAL_MERCHANT_TERPERCAYA,IDENTITY_MATCH
127,"Nominal belanja sudah pas dan saya cek nama merchant di aplikasi pembayaran. Nama penerima tidak konsisten dan mengindikasikan rekening pihak ketiga yang mencurigakan, dan pembayaran selesai lancar.",KETIDAKSESUAIAN_IDENTITAS_MERCHANT,IDENTITY_MISMATCH
128,"Nominal belanja sudah pas dan saya cek nama merchant di aplikasi pembayaran. Nama penerima sama persis dengan nama toko tempat saya berbelanja, dan pembayaran selesai lancar.",QRIS_NORMAL_MERCHANT_TERPERCAYA,IDENTITY_MATCH
128,"Nominal belanja sudah pas dan saya cek nama merchant di aplikasi pembayaran. Nama penerima berbeda dengan nama toko tempat saya berbelanja, dan pembayaran selesai lancar.",KETIDAKSESUAIAN_IDENTITAS_MERCHANT,IDENTITY_MISMATCH
129,"Nominal belanja sudah pas dan saya cek nama merchant di aplikasi pembayaran. Nama penerima valid dan konsisten dengan identitas resmi merchant, dan pembayaran selesai lancar.",QRIS_NORMAL_MERCHANT_TERPERCAYA,IDENTITY_MATCH
129,"Nominal belanja sudah pas dan saya cek nama merchant di aplikasi pembayaran. Nama penerima tidak konsisten dan mengindikasikan rekening pihak ketiga yang mencurigakan, dan pembayaran selesai lancar.",KETIDAKSESUAIAN_IDENTITAS_MERCHANT,IDENTITY_MISMATCH
130,"Tadi saya bayar pakai QRIS di Toko Buku Gemilang. Pembayaran sukses, lalu saat mengecek rincian transaksi di aplikasi, nama merchant yang tercantum cocok dan identik dengan plang nama toko di depan saya.",QRIS_NORMAL_MERCHANT_TERPERCAYA,IDENTITY_MATCH
130,"Tadi saya bayar pakai QRIS di Toko Buku Gemilang. Pembayaran sukses, lalu saat mengecek rincian transaksi di aplikasi, nama merchant yang tercantum tidak cocok dan berbeda jauh dari plang nama toko di depan saya.",KETIDAKSESUAIAN_IDENTITAS_MERCHANT,IDENTITY_MISMATCH
131,"Tadi saya bayar pakai QRIS di Minimarket Barokah. Pembayaran sukses, lalu saat mengecek rincian transaksi di aplikasi, nama merchant yang tercantum benar-benar sesuai dengan nama tempat usaha yang saya datangi.",QRIS_NORMAL_MERCHANT_TERPERCAYA,IDENTITY_MATCH
131,"Tadi saya bayar pakai QRIS di Minimarket Barokah. Pembayaran sukses, lalu saat mengecek rincian transaksi di aplikasi, nama merchant yang tercantum sama sekali tidak sesuai dengan nama tempat usaha yang saya datangi.",KETIDAKSESUAIAN_IDENTITAS_MERCHANT,IDENTITY_MISMATCH
132,"Nominal belanja sudah pas dan saya cek nama merchant di aplikasi pembayaran. Nama penerima cocok dan identik dengan plang nama toko di depan saya, dan pembayaran selesai lancar.",QRIS_NORMAL_MERCHANT_TERPERCAYA,IDENTITY_MATCH
132,"Nominal belanja sudah pas dan saya cek nama merchant di aplikasi pembayaran. Nama penerima tidak cocok dan berbeda jauh dari plang nama toko di depan saya, dan pembayaran selesai lancar.",KETIDAKSESUAIAN_IDENTITAS_MERCHANT,IDENTITY_MISMATCH
133,"Saat melakukan transaksi QRIS di meja kasir minimarket, saya teliti melihat nama penerima transfer pada e-wallet. Ternyata nama merchant tersebut sepenuhnya cocok dengan nama outlet tempat saya belanja.",QRIS_NORMAL_MERCHANT_TERPERCAYA,IDENTITY_MATCH
133,"Saat melakukan transaksi QRIS di meja kasir minimarket, saya teliti melihat nama penerima transfer pada e-wallet. Ternyata nama merchant tersebut justru tidak cocok dan memunculkan nama pribadi asing.",KETIDAKSESUAIAN_IDENTITAS_MERCHANT,IDENTITY_MISMATCH
134,Nama merchant yang muncul di aplikasi setelah scan QRIS memang resmi atas nama gerai tersebut.,QRIS_NORMAL_MERCHANT_TERPERCAYA,IDENTITY_MATCH
134,Nama merchant yang muncul di aplikasi setelah scan QRIS malah mengarah ke rekening pribadi orang lain yang tidak dikenal.,KETIDAKSESUAIAN_IDENTITAS_MERCHANT,IDENTITY_MISMATCH
135,"Saat melakukan transaksi QRIS di meja kasir toko buah, saya teliti melihat nama penerima transfer pada e-wallet. Ternyata nama merchant tersebut identik dengan nama toko dan tidak ada kejanggalan.",QRIS_NORMAL_MERCHANT_TERPERCAYA,IDENTITY_MATCH
135,"Saat melakukan transaksi QRIS di meja kasir toko buah, saya teliti melihat nama penerima transfer pada e-wallet. Ternyata nama merchant tersebut berbeda dari nama toko sehingga menimbulkan kecurigaan.",KETIDAKSESUAIAN_IDENTITAS_MERCHANT,IDENTITY_MISMATCH
136,"Saat melakukan transaksi QRIS di meja kasir counter pulsa, saya teliti melihat nama penerima transfer pada e-wallet. Ternyata nama merchant tersebut sama persis dengan nama toko tempat saya berbelanja.",QRIS_NORMAL_MERCHANT_TERPERCAYA,IDENTITY_MATCH
136,"Saat melakukan transaksi QRIS di meja kasir counter pulsa, saya teliti melihat nama penerima transfer pada e-wallet. Ternyata nama merchant tersebut berbeda dengan nama toko tempat saya berbelanja.",KETIDAKSESUAIAN_IDENTITAS_MERCHANT,IDENTITY_MISMATCH
137,"Setelah transaksi QRIS berhasil, saya cek notifikasi dan struk digital di perbankan saya. Nama penerima dana valid dan konsisten dengan identitas resmi merchant.",QRIS_NORMAL_MERCHANT_TERPERCAYA,IDENTITY_MATCH
137,"Setelah transaksi QRIS berhasil, saya cek notifikasi dan struk digital di perbankan saya. Nama penerima dana tidak konsisten dan mengindikasikan rekening pihak ketiga yang mencurigakan.",KETIDAKSESUAIAN_IDENTITAS_MERCHANT,IDENTITY_MISMATCH
138,"Sebelum menekan tombol konfirmasi pembayaran QRIS di warung makan, saya memeriksa nama penerima di layar aplikasi. Hasil pengecekan menunjukkan nama penerima tepat milik toko ini tanpa ada perbedaan sedikit pun, dan transaksi berhasil diproses.",QRIS_NORMAL_MERCHANT_TERPERCAYA,IDENTITY_MATCH
138,"Sebelum menekan tombol konfirmasi pembayaran QRIS di warung makan, saya memeriksa nama penerima di layar aplikasi. Hasil pengecekan menunjukkan nama penerima bukan milik toko ini melainkan atas nama perseorangan, dan transaksi berhasil diproses.",KETIDAKSESUAIAN_IDENTITAS_MERCHANT,IDENTITY_MISMATCH
139,"Kasir di Fashion Style Boutique mengarahkan untuk scan barcode QRIS. Saya mencocokkan nama usaha pada aplikasi pembayaran dengan nama toko, dan hasilnya valid dan konsisten dengan identitas resmi merchant.",QRIS_NORMAL_MERCHANT_TERPERCAYA,IDENTITY_MATCH
139,"Kasir di Fashion Style Boutique mengarahkan untuk scan barcode QRIS. Saya mencocokkan nama usaha pada aplikasi pembayaran dengan nama toko, dan hasilnya tidak konsisten dan mengindikasikan rekening pihak ketiga yang mencurigakan.",KETIDAKSESUAIAN_IDENTITAS_MERCHANT,IDENTITY_MISMATCH
140,"Demi keamanan sebelum bayar QRIS, saya memastikan identitas penerima terlebih dahulu. Nama yang terdaftar pada sistem identik dengan nama toko dan tidak ada kejanggalan.",QRIS_NORMAL_MERCHANT_TERPERCAYA,IDENTITY_MATCH
140,"Demi keamanan sebelum bayar QRIS, saya memastikan identitas penerima terlebih dahulu. Nama yang terdaftar pada sistem berbeda dari nama toko sehingga menimbulkan kecurigaan.",KETIDAKSESUAIAN_IDENTITAS_MERCHANT,IDENTITY_MISMATCH
141,"Setelah transaksi QRIS berhasil, saya cek notifikasi dan struk digital di perbankan saya. Nama penerima dana identik dengan nama toko dan tidak ada kejanggalan.",QRIS_NORMAL_MERCHANT_TERPERCAYA,IDENTITY_MATCH
141,"Setelah transaksi QRIS berhasil, saya cek notifikasi dan struk digital di perbankan saya. Nama penerima dana berbeda dari nama toko sehingga menimbulkan kecurigaan.",KETIDAKSESUAIAN_IDENTITAS_MERCHANT,IDENTITY_MISMATCH
142,"Tadi saya bayar pakai QRIS di Warung Bu Siti. Pembayaran sukses, lalu saat mengecek rincian transaksi di aplikasi, nama merchant yang tercantum benar-benar sesuai dengan nama tempat usaha yang saya datangi.",QRIS_NORMAL_MERCHANT_TERPERCAYA,IDENTITY_MATCH
142,"Tadi saya bayar pakai QRIS di Warung Bu Siti. Pembayaran sukses, lalu saat mengecek rincian transaksi di aplikasi, nama merchant yang tercantum sama sekali tidak sesuai dengan nama tempat usaha yang saya datangi.",KETIDAKSESUAIAN_IDENTITAS_MERCHANT,IDENTITY_MISMATCH
143,"Kasir di Toko Buku Gemilang mengarahkan untuk scan barcode QRIS. Saya mencocokkan nama usaha pada aplikasi pembayaran dengan nama toko, dan hasilnya identik dengan nama toko dan tidak ada kejanggalan.",QRIS_NORMAL_MERCHANT_TERPERCAYA,IDENTITY_MATCH
143,"Kasir di Toko Buku Gemilang mengarahkan untuk scan barcode QRIS. Saya mencocokkan nama usaha pada aplikasi pembayaran dengan nama toko, dan hasilnya berbeda dari nama toko sehingga menimbulkan kecurigaan.",KETIDAKSESUAIAN_IDENTITAS_MERCHANT,IDENTITY_MISMATCH
144,Nama merchant yang muncul di aplikasi setelah scan QRIS sepenuhnya cocok dengan nama outlet tempat saya belanja.,QRIS_NORMAL_MERCHANT_TERPERCAYA,IDENTITY_MATCH
144,Nama merchant yang muncul di aplikasi setelah scan QRIS justru tidak cocok dan memunculkan nama pribadi asing.,KETIDAKSESUAIAN_IDENTITAS_MERCHANT,IDENTITY_MISMATCH
145,"Kasir di Rumah Makan Sederhana Minang mengarahkan untuk scan barcode QRIS. Saya mencocokkan nama usaha pada aplikasi pembayaran dengan nama toko, dan hasilnya benar terdaftar atas nama merchant tersebut.",QRIS_NORMAL_MERCHANT_TERPERCAYA,IDENTITY_MATCH
145,"Kasir di Rumah Makan Sederhana Minang mengarahkan untuk scan barcode QRIS. Saya mencocokkan nama usaha pada aplikasi pembayaran dengan nama toko, dan hasilnya justru tertera nama merchant lain yang sama sekali berbeda.",KETIDAKSESUAIAN_IDENTITAS_MERCHANT,IDENTITY_MISMATCH
146,"Sebelum menekan tombol konfirmasi pembayaran QRIS di toko kelontong, saya memeriksa nama penerima di layar aplikasi. Hasil pengecekan menunjukkan nama penerima valid dan konsisten dengan identitas resmi merchant, dan transaksi berhasil diproses.",QRIS_NORMAL_MERCHANT_TERPERCAYA,IDENTITY_MATCH
146,"Sebelum menekan tombol konfirmasi pembayaran QRIS di toko kelontong, saya memeriksa nama penerima di layar aplikasi. Hasil pengecekan menunjukkan nama penerima tidak konsisten dan mengindikasikan rekening pihak ketiga yang mencurigakan, dan transaksi berhasil diproses.",KETIDAKSESUAIAN_IDENTITAS_MERCHANT,IDENTITY_MISMATCH
147,"Sebelum menekan tombol konfirmasi pembayaran QRIS di bengkel motor, saya memeriksa nama penerima di layar aplikasi. Hasil pengecekan menunjukkan nama penerima tepat milik toko ini tanpa ada perbedaan sedikit pun, dan transaksi berhasil diproses.",QRIS_NORMAL_MERCHANT_TERPERCAYA,IDENTITY_MATCH
147,"Sebelum menekan tombol konfirmasi pembayaran QRIS di bengkel motor, saya memeriksa nama penerima di layar aplikasi. Hasil pengecekan menunjukkan nama penerima bukan milik toko ini melainkan atas nama perseorangan, dan transaksi berhasil diproses.",KETIDAKSESUAIAN_IDENTITAS_MERCHANT,IDENTITY_MISMATCH
148,Saya memeriksa detail informasi QRIS termasuk NMID dan nama merchant sebelum transfer. Informasi yang tampil di layar HP benar-benar sesuai dengan nama tempat usaha yang saya datangi.,QRIS_NORMAL_MERCHANT_TERPERCAYA,IDENTITY_MATCH
148,Saya memeriksa detail informasi QRIS termasuk NMID dan nama merchant sebelum transfer. Informasi yang tampil di layar HP sama sekali tidak sesuai dengan nama tempat usaha yang saya datangi.,KETIDAKSESUAIAN_IDENTITAS_MERCHANT,IDENTITY_MISMATCH
149,"Nominal belanja sudah pas dan saya cek nama merchant di aplikasi pembayaran. Nama penerima benar terdaftar atas nama merchant tersebut, dan pembayaran selesai lancar.",QRIS_NORMAL_MERCHANT_TERPERCAYA,IDENTITY_MATCH
149,"Nominal belanja sudah pas dan saya cek nama merchant di aplikasi pembayaran. Nama penerima justru tertera nama merchant lain yang sama sekali berbeda, dan pembayaran selesai lancar.",KETIDAKSESUAIAN_IDENTITAS_MERCHANT,IDENTITY_MISMATCH
150,"Kasir di Boba Fresh Delight mengarahkan untuk scan barcode QRIS. Saya mencocokkan nama usaha pada aplikasi pembayaran dengan nama toko, dan hasilnya memang resmi atas nama gerai tersebut.",QRIS_NORMAL_MERCHANT_TERPERCAYA,IDENTITY_MATCH
150,"Kasir di Boba Fresh Delight mengarahkan untuk scan barcode QRIS. Saya mencocokkan nama usaha pada aplikasi pembayaran dengan nama toko, dan hasilnya malah mengarah ke rekening pribadi orang lain yang tidak dikenal.",KETIDAKSESUAIAN_IDENTITAS_MERCHANT,IDENTITY_MISMATCH
151,"Kasir di Ganteng Barbershop mengarahkan untuk scan barcode QRIS. Saya mencocokkan nama usaha pada aplikasi pembayaran dengan nama toko, dan hasilnya cocok dan identik dengan plang nama toko di depan saya.",QRIS_NORMAL_MERCHANT_TERPERCAYA,IDENTITY_MATCH
151,"Kasir di Ganteng Barbershop mengarahkan untuk scan barcode QRIS. Saya mencocokkan nama usaha pada aplikasi pembayaran dengan nama toko, dan hasilnya tidak cocok dan berbeda jauh dari plang nama toko di depan saya.",KETIDAKSESUAIAN_IDENTITAS_MERCHANT,IDENTITY_MISMATCH
152,"Setelah transaksi QRIS berhasil, saya cek notifikasi dan struk digital di perbankan saya. Nama penerima dana sama persis dengan nama toko tempat saya berbelanja.",QRIS_NORMAL_MERCHANT_TERPERCAYA,IDENTITY_MATCH
152,"Setelah transaksi QRIS berhasil, saya cek notifikasi dan struk digital di perbankan saya. Nama penerima dana berbeda dengan nama toko tempat saya berbelanja.",KETIDAKSESUAIAN_IDENTITAS_MERCHANT,IDENTITY_MISMATCH
153,Nama merchant yang muncul di aplikasi setelah scan QRIS benar terdaftar atas nama merchant tersebut.,QRIS_NORMAL_MERCHANT_TERPERCAYA,IDENTITY_MATCH
153,Nama merchant yang muncul di aplikasi setelah scan QRIS justru tertera nama merchant lain yang sama sekali berbeda.,KETIDAKSESUAIAN_IDENTITAS_MERCHANT,IDENTITY_MISMATCH
154,Saya memeriksa detail informasi QRIS termasuk NMID dan nama merchant sebelum transfer. Informasi yang tampil di layar HP valid dan konsisten dengan identitas resmi merchant.,QRIS_NORMAL_MERCHANT_TERPERCAYA,IDENTITY_MATCH
154,Saya memeriksa detail informasi QRIS termasuk NMID dan nama merchant sebelum transfer. Informasi yang tampil di layar HP tidak konsisten dan mengindikasikan rekening pihak ketiga yang mencurigakan.,KETIDAKSESUAIAN_IDENTITAS_MERCHANT,IDENTITY_MISMATCH
155,"Tadi saya bayar pakai QRIS di Toko Berkah Jaya. Pembayaran sukses, lalu saat mengecek rincian transaksi di aplikasi, nama merchant yang tercantum benar terdaftar atas nama merchant tersebut.",QRIS_NORMAL_MERCHANT_TERPERCAYA,IDENTITY_MATCH
155,"Tadi saya bayar pakai QRIS di Toko Berkah Jaya. Pembayaran sukses, lalu saat mengecek rincian transaksi di aplikasi, nama merchant yang tercantum justru tertera nama merchant lain yang sama sekali berbeda.",KETIDAKSESUAIAN_IDENTITAS_MERCHANT,IDENTITY_MISMATCH
156,"Sebelum menekan tombol konfirmasi pembayaran QRIS di barbershop, saya memeriksa nama penerima di layar aplikasi. Hasil pengecekan menunjukkan nama penerima sesuai dengan nama usaha yang tertera di kasir, dan transaksi berhasil diproses.",QRIS_NORMAL_MERCHANT_TERPERCAYA,IDENTITY_MATCH
156,"Sebelum menekan tombol konfirmasi pembayaran QRIS di barbershop, saya memeriksa nama penerima di layar aplikasi. Hasil pengecekan menunjukkan nama penerima tidak sesuai dengan nama usaha yang tertera di kasir, dan transaksi berhasil diproses.",KETIDAKSESUAIAN_IDENTITAS_MERCHANT,IDENTITY_MISMATCH
157,Saya memeriksa detail informasi QRIS termasuk NMID dan nama merchant sebelum transfer. Informasi yang tampil di layar HP sesuai dengan nama usaha yang tertera di kasir.,QRIS_NORMAL_MERCHANT_TERPERCAYA,IDENTITY_MATCH
157,Saya memeriksa detail informasi QRIS termasuk NMID dan nama merchant sebelum transfer. Informasi yang tampil di layar HP tidak sesuai dengan nama usaha yang tertera di kasir.,KETIDAKSESUAIAN_IDENTITAS_MERCHANT,IDENTITY_MISMATCH
158,"Saat melakukan transaksi QRIS di meja kasir bengkel motor, saya teliti melihat nama penerima transfer pada e-wallet. Ternyata nama merchant tersebut memang resmi atas nama gerai tersebut.",QRIS_NORMAL_MERCHANT_TERPERCAYA,IDENTITY_MATCH
158,"Saat melakukan transaksi QRIS di meja kasir bengkel motor, saya teliti melihat nama penerima transfer pada e-wallet. Ternyata nama merchant tersebut malah mengarah ke rekening pribadi orang lain yang tidak dikenal.",KETIDAKSESUAIAN_IDENTITAS_MERCHANT,IDENTITY_MISMATCH
159,"Sebelum menekan tombol konfirmasi pembayaran QRIS di apotek, saya memeriksa nama penerima di layar aplikasi. Hasil pengecekan menunjukkan nama penerima memang resmi atas nama gerai tersebut, dan transaksi berhasil diproses.",QRIS_NORMAL_MERCHANT_TERPERCAYA,IDENTITY_MATCH
159,"Sebelum menekan tombol konfirmasi pembayaran QRIS di apotek, saya memeriksa nama penerima di layar aplikasi. Hasil pengecekan menunjukkan nama penerima malah mengarah ke rekening pribadi orang lain yang tidak dikenal, dan transaksi berhasil diproses.",KETIDAKSESUAIAN_IDENTITAS_MERCHANT,IDENTITY_MISMATCH
160,Nama merchant yang muncul di aplikasi setelah scan QRIS valid dan konsisten dengan identitas resmi merchant.,QRIS_NORMAL_MERCHANT_TERPERCAYA,IDENTITY_MATCH
160,Nama merchant yang muncul di aplikasi setelah scan QRIS tidak konsisten dan mengindikasikan rekening pihak ketiga yang mencurigakan.,KETIDAKSESUAIAN_IDENTITAS_MERCHANT,IDENTITY_MISMATCH
161,"Tadi saya bayar pakai QRIS di Ganteng Barbershop. Pembayaran sukses, lalu saat mengecek rincian transaksi di aplikasi, nama merchant yang tercantum valid dan konsisten dengan identitas resmi merchant.",QRIS_NORMAL_MERCHANT_TERPERCAYA,IDENTITY_MATCH
161,"Tadi saya bayar pakai QRIS di Ganteng Barbershop. Pembayaran sukses, lalu saat mengecek rincian transaksi di aplikasi, nama merchant yang tercantum tidak konsisten dan mengindikasikan rekening pihak ketiga yang mencurigakan.",KETIDAKSESUAIAN_IDENTITAS_MERCHANT,IDENTITY_MISMATCH
162,"Nominal belanja sudah pas dan saya cek nama merchant di aplikasi pembayaran. Nama penerima benar terdaftar atas nama merchant tersebut, dan pembayaran selesai lancar.",QRIS_NORMAL_MERCHANT_TERPERCAYA,IDENTITY_MATCH
162,"Nominal belanja sudah pas dan saya cek nama merchant di aplikasi pembayaran. Nama penerima justru tertera nama merchant lain yang sama sekali berbeda, dan pembayaran selesai lancar.",KETIDAKSESUAIAN_IDENTITAS_MERCHANT,IDENTITY_MISMATCH
163,"Nominal belanja sudah pas dan saya cek nama merchant di aplikasi pembayaran. Nama penerima tepat milik toko ini tanpa ada perbedaan sedikit pun, dan pembayaran selesai lancar.",QRIS_NORMAL_MERCHANT_TERPERCAYA,IDENTITY_MATCH
163,"Nominal belanja sudah pas dan saya cek nama merchant di aplikasi pembayaran. Nama penerima bukan milik toko ini melainkan atas nama perseorangan, dan pembayaran selesai lancar.",KETIDAKSESUAIAN_IDENTITAS_MERCHANT,IDENTITY_MISMATCH
164,"Tadi saya bayar pakai QRIS di Warung Bu Siti. Pembayaran sukses, lalu saat mengecek rincian transaksi di aplikasi, nama merchant yang tercantum valid dan konsisten dengan identitas resmi merchant.",QRIS_NORMAL_MERCHANT_TERPERCAYA,IDENTITY_MATCH
164,"Tadi saya bayar pakai QRIS di Warung Bu Siti. Pembayaran sukses, lalu saat mengecek rincian transaksi di aplikasi, nama merchant yang tercantum tidak konsisten dan mengindikasikan rekening pihak ketiga yang mencurigakan.",KETIDAKSESUAIAN_IDENTITAS_MERCHANT,IDENTITY_MISMATCH
165,B,QRIS_NORMAL_MERCHANT_TERPERCAYA,IDENTITY_MATCH
165,B,KETIDAKSESUAIAN_IDENTITAS_MERCHANT,IDENTITY_MISMATCH
166,"Tadi saya bayar pakai QRIS di Warung Bu Siti. Pembayaran sukses, lalu saat mengecek rincian transaksi di aplikasi, nama merchant yang tercantum sepenuhnya cocok dengan nama outlet tempat saya belanja.",QRIS_NORMAL_MERCHANT_TERPERCAYA,IDENTITY_MATCH
166,"Tadi saya bayar pakai QRIS di Warung Bu Siti. Pembayaran sukses, lalu saat mengecek rincian transaksi di aplikasi, nama merchant yang tercantum justru tidak cocok dan memunculkan nama pribadi asing.",KETIDAKSESUAIAN_IDENTITAS_MERCHANT,IDENTITY_MISMATCH
167,Nama merchant yang muncul di aplikasi setelah scan QRIS tepat milik toko ini tanpa ada perbedaan sedikit pun.,QRIS_NORMAL_MERCHANT_TERPERCAYA,IDENTITY_MATCH
167,Nama merchant yang muncul di aplikasi setelah scan QRIS bukan milik toko ini melainkan atas nama perseorangan.,KETIDAKSESUAIAN_IDENTITAS_MERCHANT,IDENTITY_MISMATCH
168,B,QRIS_NORMAL_MERCHANT_TERPERCAYA,IDENTITY_MATCH
168,B,KETIDAKSESUAIAN_IDENTITAS_MERCHANT,IDENTITY_MISMATCH
169,"Setelah transaksi QRIS berhasil, saya cek notifikasi dan struk digital di perbankan saya. Nama penerima dana sepenuhnya cocok dengan nama outlet tempat saya belanja.",QRIS_NORMAL_MERCHANT_TERPERCAYA,IDENTITY_MATCH
169,"Setelah transaksi QRIS berhasil, saya cek notifikasi dan struk digital di perbankan saya. Nama penerima dana justru tidak cocok dan memunculkan nama pribadi asing.",KETIDAKSESUAIAN_IDENTITAS_MERCHANT,IDENTITY_MISMATCH
170,"Saat melakukan transaksi QRIS di meja kasir apotek, saya teliti melihat nama penerima transfer pada e-wallet. Ternyata nama merchant tersebut sama persis dengan nama toko tempat saya berbelanja.",QRIS_NORMAL_MERCHANT_TERPERCAYA,IDENTITY_MATCH
170,"Saat melakukan transaksi QRIS di meja kasir apotek, saya teliti melihat nama penerima transfer pada e-wallet. Ternyata nama merchant tersebut berbeda dengan nama toko tempat saya berbelanja.",KETIDAKSESUAIAN_IDENTITAS_MERCHANT,IDENTITY_MISMATCH
171,"Setelah transaksi QRIS berhasil, saya cek notifikasi dan struk digital di perbankan saya. Nama penerima dana sama persis dengan nama toko tempat saya berbelanja.",QRIS_NORMAL_MERCHANT_TERPERCAYA,IDENTITY_MATCH
171,"Setelah transaksi QRIS berhasil, saya cek notifikasi dan struk digital di perbankan saya. Nama penerima dana berbeda dengan nama toko tempat saya berbelanja.",KETIDAKSESUAIAN_IDENTITAS_MERCHANT,IDENTITY_MISMATCH
172,"Nominal belanja sudah pas dan saya cek nama merchant di aplikasi pembayaran. Nama penerima memang resmi atas nama gerai tersebut, dan pembayaran selesai lancar.",QRIS_NORMAL_MERCHANT_TERPERCAYA,IDENTITY_MATCH
172,"Nominal belanja sudah pas dan saya cek nama merchant di aplikasi pembayaran. Nama penerima malah mengarah ke rekening pribadi orang lain yang tidak dikenal, dan pembayaran selesai lancar.",KETIDAKSESUAIAN_IDENTITAS_MERCHANT,IDENTITY_MISMATCH
173,"Setelah transaksi QRIS berhasil, saya cek notifikasi dan struk digital di perbankan saya. Nama penerima dana benar-benar sesuai dengan nama tempat usaha yang saya datangi.",QRIS_NORMAL_MERCHANT_TERPERCAYA,IDENTITY_MATCH
173,"Setelah transaksi QRIS berhasil, saya cek notifikasi dan struk digital di perbankan saya. Nama penerima dana sama sekali tidak sesuai dengan nama tempat usaha yang saya datangi.",KETIDAKSESUAIAN_IDENTITAS_MERCHANT,IDENTITY_MISMATCH
174,Nama merchant yang muncul di aplikasi setelah scan QRIS sepenuhnya cocok dengan nama outlet tempat saya belanja.,QRIS_NORMAL_MERCHANT_TERPERCAYA,IDENTITY_MATCH
174,Nama merchant yang muncul di aplikasi setelah scan QRIS justru tidak cocok dan memunculkan nama pribadi asing.,KETIDAKSESUAIAN_IDENTITAS_MERCHANT,IDENTITY_MISMATCH
175,"Tadi saya bayar pakai QRIS di Bengkel Maju Lancar. Pembayaran sukses, lalu saat mengecek rincian transaksi di aplikasi, nama merchant yang tercantum valid dan konsisten dengan identitas resmi merchant.",QRIS_NORMAL_MERCHANT_TERPERCAYA,IDENTITY_MATCH
175,"Tadi saya bayar pakai QRIS di Bengkel Maju Lancar. Pembayaran sukses, lalu saat mengecek rincian transaksi di aplikasi, nama merchant yang tercantum tidak konsisten dan mengindikasikan rekening pihak ketiga yang mencurigakan.",KETIDAKSESUAIAN_IDENTITAS_MERCHANT,IDENTITY_MISMATCH
176,"Saat melakukan transaksi QRIS di meja kasir restoran padang, saya teliti melihat nama penerima transfer pada e-wallet. Ternyata nama merchant tersebut benar terdaftar atas nama merchant tersebut.",QRIS_NORMAL_MERCHANT_TERPERCAYA,IDENTITY_MATCH
176,"Saat melakukan transaksi QRIS di meja kasir restoran padang, saya teliti melihat nama penerima transfer pada e-wallet. Ternyata nama merchant tersebut justru tertera nama merchant lain yang sama sekali berbeda.",KETIDAKSESUAIAN_IDENTITAS_MERCHANT,IDENTITY_MISMATCH
177,"Setelah transaksi QRIS berhasil, saya cek notifikasi dan struk digital di perbankan saya. Nama penerima dana valid dan konsisten dengan identitas resmi merchant.",QRIS_NORMAL_MERCHANT_TERPERCAYA,IDENTITY_MATCH
177,"Setelah transaksi QRIS berhasil, saya cek notifikasi dan struk digital di perbankan saya. Nama penerima dana tidak konsisten dan mengindikasikan rekening pihak ketiga yang mencurigakan.",KETIDAKSESUAIAN_IDENTITAS_MERCHANT,IDENTITY_MISMATCH
178,"Kasir di Rumah Makan Sederhana Minang mengarahkan untuk scan barcode QRIS. Saya mencocokkan nama usaha pada aplikasi pembayaran dengan nama toko, dan hasilnya memang resmi atas nama gerai tersebut.",QRIS_NORMAL_MERCHANT_TERPERCAYA,IDENTITY_MATCH
178,"Kasir di Rumah Makan Sederhana Minang mengarahkan untuk scan barcode QRIS. Saya mencocokkan nama usaha pada aplikasi pembayaran dengan nama toko, dan hasilnya malah mengarah ke rekening pribadi orang lain yang tidak dikenal.",KETIDAKSESUAIAN_IDENTITAS_MERCHANT,IDENTITY_MISMATCH
179,"Setelah transaksi QRIS berhasil, saya cek notifikasi dan struk digital di perbankan saya. Nama penerima dana cocok dan identik dengan plang nama toko di depan saya.",QRIS_NORMAL_MERCHANT_TERPERCAYA,IDENTITY_MATCH
179,"Setelah transaksi QRIS berhasil, saya cek notifikasi dan struk digital di perbankan saya. Nama penerima dana tidak cocok dan berbeda jauh dari plang nama toko di depan saya.",KETIDAKSESUAIAN_IDENTITAS_MERCHANT,IDENTITY_MISMATCH
180,B,QRIS_NORMAL_MERCHANT_TERPERCAYA,IDENTITY_MATCH
180,B,KETIDAKSESUAIAN_IDENTITAS_MERCHANT,IDENTITY_MISMATCH
181,"Nominal belanja sudah pas dan saya cek nama merchant di aplikasi pembayaran. Nama penerima sama persis dengan nama toko tempat saya berbelanja, dan pembayaran selesai lancar.",QRIS_NORMAL_MERCHANT_TERPERCAYA,IDENTITY_MATCH
181,"Nominal belanja sudah pas dan saya cek nama merchant di aplikasi pembayaran. Nama penerima berbeda dengan nama toko tempat saya berbelanja, dan pembayaran selesai lancar.",KETIDAKSESUAIAN_IDENTITAS_MERCHANT,IDENTITY_MISMATCH
182,"Saat melakukan transaksi QRIS di meja kasir minimarket, saya teliti melihat nama penerima transfer pada e-wallet. Ternyata nama merchant tersebut memang resmi atas nama gerai tersebut.",QRIS_NORMAL_MERCHANT_TERPERCAYA,IDENTITY_MATCH
182,"Saat melakukan transaksi QRIS di meja kasir minimarket, saya teliti melihat nama penerima transfer pada e-wallet. Ternyata nama merchant tersebut malah mengarah ke rekening pribadi orang lain yang tidak dikenal.",KETIDAKSESUAIAN_IDENTITAS_MERCHANT,IDENTITY_MISMATCH
183,B,QRIS_NORMAL_MERCHANT_TERPERCAYA,IDENTITY_MATCH
183,B,KETIDAKSESUAIAN_IDENTITAS_MERCHANT,IDENTITY_MISMATCH
184,Nama merchant yang muncul di aplikasi setelah scan QRIS sesuai dengan nama usaha yang tertera di kasir.,QRIS_NORMAL_MERCHANT_TERPERCAYA,IDENTITY_MATCH
184,Nama merchant yang muncul di aplikasi setelah scan QRIS tidak sesuai dengan nama usaha yang tertera di kasir.,KETIDAKSESUAIAN_IDENTITAS_MERCHANT,IDENTITY_MISMATCH
185,"Demi keamanan sebelum bayar QRIS, saya memastikan identitas penerima terlebih dahulu. Nama yang terdaftar pada sistem memang resmi atas nama gerai tersebut.",QRIS_NORMAL_MERCHANT_TERPERCAYA,IDENTITY_MATCH
185,"Demi keamanan sebelum bayar QRIS, saya memastikan identitas penerima terlebih dahulu. Nama yang terdaftar pada sistem malah mengarah ke rekening pribadi orang lain yang tidak dikenal.",KETIDAKSESUAIAN_IDENTITAS_MERCHANT,IDENTITY_MISMATCH
186,"Demi keamanan sebelum bayar QRIS, saya memastikan identitas penerima terlebih dahulu. Nama yang terdaftar pada sistem cocok dan identik dengan plang nama toko di depan saya.",QRIS_NORMAL_MERCHANT_TERPERCAYA,IDENTITY_MATCH
186,"Demi keamanan sebelum bayar QRIS, saya memastikan identitas penerima terlebih dahulu. Nama yang terdaftar pada sistem tidak cocok dan berbeda jauh dari plang nama toko di depan saya.",KETIDAKSESUAIAN_IDENTITAS_MERCHANT,IDENTITY_MISMATCH
187,"Tadi saya bayar pakai QRIS di Toko Buah Segar Mandiri. Pembayaran sukses, lalu saat mengecek rincian transaksi di aplikasi, nama merchant yang tercantum valid dan konsisten dengan identitas resmi merchant.",QRIS_NORMAL_MERCHANT_TERPERCAYA,IDENTITY_MATCH
187,"Tadi saya bayar pakai QRIS di Toko Buah Segar Mandiri. Pembayaran sukses, lalu saat mengecek rincian transaksi di aplikasi, nama merchant yang tercantum tidak konsisten dan mengindikasikan rekening pihak ketiga yang mencurigakan.",KETIDAKSESUAIAN_IDENTITAS_MERCHANT,IDENTITY_MISMATCH
188,B,QRIS_NORMAL_MERCHANT_TERPERCAYA,IDENTITY_MATCH
188,B,KETIDAKSESUAIAN_IDENTITAS_MERCHANT,IDENTITY_MISMATCH
189,Saya memeriksa detail informasi QRIS termasuk NMID dan nama merchant sebelum transfer. Informasi yang tampil di layar HP valid dan konsisten dengan identitas resmi merchant.,QRIS_NORMAL_MERCHANT_TERPERCAYA,IDENTITY_MATCH
189,Saya memeriksa detail informasi QRIS termasuk NMID dan nama merchant sebelum transfer. Informasi yang tampil di layar HP tidak konsisten dan mengindikasikan rekening pihak ketiga yang mencurigakan.,KETIDAKSESUAIAN_IDENTITAS_MERCHANT,IDENTITY_MISMATCH
190,Saya memeriksa detail informasi QRIS termasuk NMID dan nama merchant sebelum transfer. Informasi yang tampil di layar HP cocok dan identik dengan plang nama toko di depan saya.,QRIS_NORMAL_MERCHANT_TERPERCAYA,IDENTITY_MATCH
190,Saya memeriksa detail informasi QRIS termasuk NMID dan nama merchant sebelum transfer. Informasi yang tampil di layar HP tidak cocok dan berbeda jauh dari plang nama toko di depan saya.,KETIDAKSESUAIAN_IDENTITAS_MERCHANT,IDENTITY_MISMATCH
191,"Sebelum menekan tombol konfirmasi pembayaran QRIS di warung makan, saya memeriksa nama penerima di layar aplikasi. Hasil pengecekan menunjukkan nama penerima memang resmi atas nama gerai tersebut, dan transaksi berhasil diproses.",QRIS_NORMAL_MERCHANT_TERPERCAYA,IDENTITY_MATCH
191,"Sebelum menekan tombol konfirmasi pembayaran QRIS di warung makan, saya memeriksa nama penerima di layar aplikasi. Hasil pengecekan menunjukkan nama penerima malah mengarah ke rekening pribadi orang lain yang tidak dikenal, dan transaksi berhasil diproses.",KETIDAKSESUAIAN_IDENTITAS_MERCHANT,IDENTITY_MISMATCH
192,B,QRIS_NORMAL_MERCHANT_TERPERCAYA,IDENTITY_MATCH
192,B,KETIDAKSESUAIAN_IDENTITAS_MERCHANT,IDENTITY_MISMATCH
193,"Setelah transaksi QRIS berhasil, saya cek notifikasi dan struk digital di perbankan saya. Nama penerima dana sepenuhnya cocok dengan nama outlet tempat saya belanja.",QRIS_NORMAL_MERCHANT_TERPERCAYA,IDENTITY_MATCH
193,"Setelah transaksi QRIS berhasil, saya cek notifikasi dan struk digital di perbankan saya. Nama penerima dana justru tidak cocok dan memunculkan nama pribadi asing.",KETIDAKSESUAIAN_IDENTITAS_MERCHANT,IDENTITY_MISMATCH
194,"Setelah transaksi QRIS berhasil, saya cek notifikasi dan struk digital di perbankan saya. Nama penerima dana sesuai dengan nama usaha yang tertera di kasir.",QRIS_NORMAL_MERCHANT_TERPERCAYA,IDENTITY_MATCH
194,"Setelah transaksi QRIS berhasil, saya cek notifikasi dan struk digital di perbankan saya. Nama penerima dana tidak sesuai dengan nama usaha yang tertera di kasir.",KETIDAKSESUAIAN_IDENTITAS_MERCHANT,IDENTITY_MISMATCH
195,Saya memeriksa detail informasi QRIS termasuk NMID dan nama merchant sebelum transfer. Informasi yang tampil di layar HP cocok dan identik dengan plang nama toko di depan saya.,QRIS_NORMAL_MERCHANT_TERPERCAYA,IDENTITY_MATCH
195,Saya memeriksa detail informasi QRIS termasuk NMID dan nama merchant sebelum transfer. Informasi yang tampil di layar HP tidak cocok dan berbeda jauh dari plang nama toko di depan saya.,KETIDAKSESUAIAN_IDENTITAS_MERCHANT,IDENTITY_MISMATCH
196,"Sebelum menekan tombol konfirmasi pembayaran QRIS di toko buah, saya memeriksa nama penerima di layar aplikasi. Hasil pengecekan menunjukkan nama penerima benar-benar sesuai dengan nama tempat usaha yang saya datangi, dan transaksi berhasil diproses.",QRIS_NORMAL_MERCHANT_TERPERCAYA,IDENTITY_MATCH
196,"Sebelum menekan tombol konfirmasi pembayaran QRIS di toko buah, saya memeriksa nama penerima di layar aplikasi. Hasil pengecekan menunjukkan nama penerima sama sekali tidak sesuai dengan nama tempat usaha yang saya datangi, dan transaksi berhasil diproses.",KETIDAKSESUAIAN_IDENTITAS_MERCHANT,IDENTITY_MISMATCH
197,"Setelah transaksi QRIS berhasil, saya cek notifikasi dan struk digital di perbankan saya. Nama penerima dana memang resmi atas nama gerai tersebut.",QRIS_NORMAL_MERCHANT_TERPERCAYA,IDENTITY_MATCH
197,"Setelah transaksi QRIS berhasil, saya cek notifikasi dan struk digital di perbankan saya. Nama penerima dana malah mengarah ke rekening pribadi orang lain yang tidak dikenal.",KETIDAKSESUAIAN_IDENTITAS_MERCHANT,IDENTITY_MISMATCH
198,"Nominal belanja sudah pas dan saya cek nama merchant di aplikasi pembayaran. Nama penerima sesuai dengan nama usaha yang tertera di kasir, dan pembayaran selesai lancar.",QRIS_NORMAL_MERCHANT_TERPERCAYA,IDENTITY_MATCH
198,"Nominal belanja sudah pas dan saya cek nama merchant di aplikasi pembayaran. Nama penerima tidak sesuai dengan nama usaha yang tertera di kasir, dan pembayaran selesai lancar.",KETIDAKSESUAIAN_IDENTITAS_MERCHANT,IDENTITY_MISMATCH
199,"Nominal belanja sudah pas dan saya cek nama merchant di aplikasi pembayaran. Nama penerima memang resmi atas nama gerai tersebut, dan pembayaran selesai lancar.",QRIS_NORMAL_MERCHANT_TERPERCAYA,IDENTITY_MATCH
199,"Nominal belanja sudah pas dan saya cek nama merchant di aplikasi pembayaran. Nama penerima malah mengarah ke rekening pribadi orang lain yang tidak dikenal, dan pembayaran selesai lancar.",KETIDAKSESUAIAN_IDENTITAS_MERCHANT,IDENTITY_MISMATCH
200,"Tadi saya bayar pakai QRIS di Toko Buku Gemilang. Pembayaran sukses, lalu saat mengecek rincian transaksi di aplikasi, nama merchant yang tercantum sesuai dengan nama usaha yang tertera di kasir.",QRIS_NORMAL_MERCHANT_TERPERCAYA,IDENTITY_MATCH
200,"Tadi saya bayar pakai QRIS di Toko Buku Gemilang. Pembayaran sukses, lalu saat mengecek rincian transaksi di aplikasi, nama merchant yang tercantum tidak sesuai dengan nama usaha yang tertera di kasir.",KETIDAKSESUAIAN_IDENTITAS_MERCHANT,IDENTITY_MISMATCH
201,"Demi keamanan sebelum bayar QRIS, saya memastikan identitas penerima terlebih dahulu. Nama yang terdaftar pada sistem identik dengan nama toko dan tidak ada kejanggalan.",QRIS_NORMAL_MERCHANT_TERPERCAYA,IDENTITY_MATCH
201,"Demi keamanan sebelum bayar QRIS, saya memastikan identitas penerima terlebih dahulu. Nama yang terdaftar pada sistem berbeda dari nama toko sehingga menimbulkan kecurigaan.",KETIDAKSESUAIAN_IDENTITAS_MERCHANT,IDENTITY_MISMATCH
202,B,QRIS_NORMAL_MERCHANT_TERPERCAYA,IDENTITY_MATCH
202,B,KETIDAKSESUAIAN_IDENTITAS_MERCHANT,IDENTITY_MISMATCH
203,"Demi keamanan sebelum bayar QRIS, saya memastikan identitas penerima terlebih dahulu. Nama yang terdaftar pada sistem sepenuhnya cocok dengan nama outlet tempat saya belanja.",QRIS_NORMAL_MERCHANT_TERPERCAYA,IDENTITY_MATCH
203,"Demi keamanan sebelum bayar QRIS, saya memastikan identitas penerima terlebih dahulu. Nama yang terdaftar pada sistem justru tidak cocok dan memunculkan nama pribadi asing.",KETIDAKSESUAIAN_IDENTITAS_MERCHANT,IDENTITY_MISMATCH
204,"Nominal belanja sudah pas dan saya cek nama merchant di aplikasi pembayaran. Nama penerima benar terdaftar atas nama merchant tersebut, dan pembayaran selesai lancar.",QRIS_NORMAL_MERCHANT_TERPERCAYA,IDENTITY_MATCH
204,"Nominal belanja sudah pas dan saya cek nama merchant di aplikasi pembayaran. Nama penerima justru tertera nama merchant lain yang sama sekali berbeda, dan pembayaran selesai lancar.",KETIDAKSESUAIAN_IDENTITAS_MERCHANT,IDENTITY_MISMATCH
205,"Nominal belanja sudah pas dan saya cek nama merchant di aplikasi pembayaran. Nama penerima sesuai dengan nama usaha yang tertera di kasir, dan pembayaran selesai lancar.",QRIS_NORMAL_MERCHANT_TERPERCAYA,IDENTITY_MATCH
205,"Nominal belanja sudah pas dan saya cek nama merchant di aplikasi pembayaran. Nama penerima tidak sesuai dengan nama usaha yang tertera di kasir, dan pembayaran selesai lancar.",KETIDAKSESUAIAN_IDENTITAS_MERCHANT,IDENTITY_MISMATCH
206,"Kasir di Toko Buku Gemilang mengarahkan untuk scan barcode QRIS. Saya mencocokkan nama usaha pada aplikasi pembayaran dengan nama toko, dan hasilnya sesuai dengan nama usaha yang tertera di kasir.",QRIS_NORMAL_MERCHANT_TERPERCAYA,IDENTITY_MATCH
206,"Kasir di Toko Buku Gemilang mengarahkan untuk scan barcode QRIS. Saya mencocokkan nama usaha pada aplikasi pembayaran dengan nama toko, dan hasilnya tidak sesuai dengan nama usaha yang tertera di kasir.",KETIDAKSESUAIAN_IDENTITAS_MERCHANT,IDENTITY_MISMATCH
207,"Saat melakukan transaksi QRIS di meja kasir counter pulsa, saya teliti melihat nama penerima transfer pada e-wallet. Ternyata nama merchant tersebut memang resmi atas nama gerai tersebut.",QRIS_NORMAL_MERCHANT_TERPERCAYA,IDENTITY_MATCH
207,"Saat melakukan transaksi QRIS di meja kasir counter pulsa, saya teliti melihat nama penerima transfer pada e-wallet. Ternyata nama merchant tersebut malah mengarah ke rekening pribadi orang lain yang tidak dikenal.",KETIDAKSESUAIAN_IDENTITAS_MERCHANT,IDENTITY_MISMATCH
208,"Saat melakukan transaksi QRIS di meja kasir barbershop, saya teliti melihat nama penerima transfer pada e-wallet. Ternyata nama merchant tersebut identik dengan nama toko dan tidak ada kejanggalan.",QRIS_NORMAL_MERCHANT_TERPERCAYA,IDENTITY_MATCH
208,"Saat melakukan transaksi QRIS di meja kasir barbershop, saya teliti melihat nama penerima transfer pada e-wallet. Ternyata nama merchant tersebut berbeda dari nama toko sehingga menimbulkan kecurigaan.",KETIDAKSESUAIAN_IDENTITAS_MERCHANT,IDENTITY_MISMATCH
209,Saya memeriksa detail informasi QRIS termasuk NMID dan nama merchant sebelum transfer. Informasi yang tampil di layar HP valid dan konsisten dengan identitas resmi merchant.,QRIS_NORMAL_MERCHANT_TERPERCAYA,IDENTITY_MATCH
209,Saya memeriksa detail informasi QRIS termasuk NMID dan nama merchant sebelum transfer. Informasi yang tampil di layar HP tidak konsisten dan mengindikasikan rekening pihak ketiga yang mencurigakan.,KETIDAKSESUAIAN_IDENTITAS_MERCHANT,IDENTITY_MISMATCH
210,"Tadi saya bayar pakai QRIS di Counter Cahaya Cell. Pembayaran sukses, lalu saat mengecek rincian transaksi di aplikasi, nama merchant yang tercantum valid dan konsisten dengan identitas resmi merchant.",QRIS_NORMAL_MERCHANT_TERPERCAYA,IDENTITY_MATCH
210,"Tadi saya bayar pakai QRIS di Counter Cahaya Cell. Pembayaran sukses, lalu saat mengecek rincian transaksi di aplikasi, nama merchant yang tercantum tidak konsisten dan mengindikasikan rekening pihak ketiga yang mencurigakan.",KETIDAKSESUAIAN_IDENTITAS_MERCHANT,IDENTITY_MISMATCH
211,"Saat melakukan transaksi QRIS di meja kasir apotek, saya teliti melihat nama penerima transfer pada e-wallet. Ternyata nama merchant tersebut tepat milik toko ini tanpa ada perbedaan sedikit pun.",QRIS_NORMAL_MERCHANT_TERPERCAYA,IDENTITY_MATCH
211,"Saat melakukan transaksi QRIS di meja kasir apotek, saya teliti melihat nama penerima transfer pada e-wallet. Ternyata nama merchant tersebut bukan milik toko ini melainkan atas nama perseorangan.",KETIDAKSESUAIAN_IDENTITAS_MERCHANT,IDENTITY_MISMATCH
212,"Nominal belanja sudah pas dan saya cek nama merchant di aplikasi pembayaran. Nama penerima benar-benar sesuai dengan nama tempat usaha yang saya datangi, dan pembayaran selesai lancar.",QRIS_NORMAL_MERCHANT_TERPERCAYA,IDENTITY_MATCH
212,"Nominal belanja sudah pas dan saya cek nama merchant di aplikasi pembayaran. Nama penerima sama sekali tidak sesuai dengan nama tempat usaha yang saya datangi, dan pembayaran selesai lancar.",KETIDAKSESUAIAN_IDENTITAS_MERCHANT,IDENTITY_MISMATCH
213,"Kasir di Toko Berkah Jaya mengarahkan untuk scan barcode QRIS. Saya mencocokkan nama usaha pada aplikasi pembayaran dengan nama toko, dan hasilnya memang resmi atas nama gerai tersebut.",QRIS_NORMAL_MERCHANT_TERPERCAYA,IDENTITY_MATCH
213,"Kasir di Toko Berkah Jaya mengarahkan untuk scan barcode QRIS. Saya mencocokkan nama usaha pada aplikasi pembayaran dengan nama toko, dan hasilnya malah mengarah ke rekening pribadi orang lain yang tidak dikenal.",KETIDAKSESUAIAN_IDENTITAS_MERCHANT,IDENTITY_MISMATCH
214,"Kasir di Laundry Wangi Bersih mengarahkan untuk scan barcode QRIS. Saya mencocokkan nama usaha pada aplikasi pembayaran dengan nama toko, dan hasilnya memang resmi atas nama gerai tersebut.",QRIS_NORMAL_MERCHANT_TERPERCAYA,IDENTITY_MATCH
214,"Kasir di Laundry Wangi Bersih mengarahkan untuk scan barcode QRIS. Saya mencocokkan nama usaha pada aplikasi pembayaran dengan nama toko, dan hasilnya malah mengarah ke rekening pribadi orang lain yang tidak dikenal.",KETIDAKSESUAIAN_IDENTITAS_MERCHANT,IDENTITY_MISMATCH
215,"Setelah transaksi QRIS berhasil, saya cek notifikasi dan struk digital di perbankan saya. Nama penerima dana benar terdaftar atas nama merchant tersebut.",QRIS_NORMAL_MERCHANT_TERPERCAYA,IDENTITY_MATCH
215,"Setelah transaksi QRIS berhasil, saya cek notifikasi dan struk digital di perbankan saya. Nama penerima dana justru tertera nama merchant lain yang sama sekali berbeda.",KETIDAKSESUAIAN_IDENTITAS_MERCHANT,IDENTITY_MISMATCH
216,"Nominal belanja sudah pas dan saya cek nama merchant di aplikasi pembayaran. Nama penerima sesuai dengan nama usaha yang tertera di kasir, dan pembayaran selesai lancar.",QRIS_NORMAL_MERCHANT_TERPERCAYA,IDENTITY_MATCH
216,"Nominal belanja sudah pas dan saya cek nama merchant di aplikasi pembayaran. Nama penerima tidak sesuai dengan nama usaha yang tertera di kasir, dan pembayaran selesai lancar.",KETIDAKSESUAIAN_IDENTITAS_MERCHANT,IDENTITY_MISMATCH
217,"Sebelum menekan tombol konfirmasi pembayaran QRIS di laundry, saya memeriksa nama penerima di layar aplikasi. Hasil pengecekan menunjukkan nama penerima memang resmi atas nama gerai tersebut, dan transaksi berhasil diproses.",QRIS_NORMAL_MERCHANT_TERPERCAYA,IDENTITY_MATCH
217,"Sebelum menekan tombol konfirmasi pembayaran QRIS di laundry, saya memeriksa nama penerima di layar aplikasi. Hasil pengecekan menunjukkan nama penerima malah mengarah ke rekening pribadi orang lain yang tidak dikenal, dan transaksi berhasil diproses.",KETIDAKSESUAIAN_IDENTITAS_MERCHANT,IDENTITY_MISMATCH
218,"Setelah transaksi QRIS berhasil, saya cek notifikasi dan struk digital di perbankan saya. Nama penerima dana benar terdaftar atas nama merchant tersebut.",QRIS_NORMAL_MERCHANT_TERPERCAYA,IDENTITY_MATCH
218,"Setelah transaksi QRIS berhasil, saya cek notifikasi dan struk digital di perbankan saya. Nama penerima dana justru tertera nama merchant lain yang sama sekali berbeda.",KETIDAKSESUAIAN_IDENTITAS_MERCHANT,IDENTITY_MISMATCH
219,B,QRIS_NORMAL_MERCHANT_TERPERCAYA,IDENTITY_MATCH
219,B,KETIDAKSESUAIAN_IDENTITAS_MERCHANT,IDENTITY_MISMATCH
220,B,QRIS_NORMAL_MERCHANT_TERPERCAYA,IDENTITY_MATCH
220,B,KETIDAKSESUAIAN_IDENTITAS_MERCHANT,IDENTITY_MISMATCH
221,"Sebelum menekan tombol konfirmasi pembayaran QRIS di counter pulsa, saya memeriksa nama penerima di layar aplikasi. Hasil pengecekan menunjukkan nama penerima tepat milik toko ini tanpa ada perbedaan sedikit pun, dan transaksi berhasil diproses.",QRIS_NORMAL_MERCHANT_TERPERCAYA,IDENTITY_MATCH
221,"Sebelum menekan tombol konfirmasi pembayaran QRIS di counter pulsa, saya memeriksa nama penerima di layar aplikasi. Hasil pengecekan menunjukkan nama penerima bukan milik toko ini melainkan atas nama perseorangan, dan transaksi berhasil diproses.",KETIDAKSESUAIAN_IDENTITAS_MERCHANT,IDENTITY_MISMATCH
222,"Setelah transaksi QRIS berhasil, saya cek notifikasi dan struk digital di perbankan saya. Nama penerima dana benar terdaftar atas nama merchant tersebut.",QRIS_NORMAL_MERCHANT_TERPERCAYA,IDENTITY_MATCH
222,"Setelah transaksi QRIS berhasil, saya cek notifikasi dan struk digital di perbankan saya. Nama penerima dana justru tertera nama merchant lain yang sama sekali berbeda.",KETIDAKSESUAIAN_IDENTITAS_MERCHANT,IDENTITY_MISMATCH
223,"Nominal belanja sudah pas dan saya cek nama merchant di aplikasi pembayaran. Nama penerima sepenuhnya cocok dengan nama outlet tempat saya belanja, dan pembayaran selesai lancar.",QRIS_NORMAL_MERCHANT_TERPERCAYA,IDENTITY_MATCH
223,"Nominal belanja sudah pas dan saya cek nama merchant di aplikasi pembayaran. Nama penerima justru tidak cocok dan memunculkan nama pribadi asing, dan pembayaran selesai lancar.",KETIDAKSESUAIAN_IDENTITAS_MERCHANT,IDENTITY_MISMATCH
224,Saya memeriksa detail informasi QRIS termasuk NMID dan nama merchant sebelum transfer. Informasi yang tampil di layar HP sesuai dengan nama usaha yang tertera di kasir.,QRIS_NORMAL_MERCHANT_TERPERCAYA,IDENTITY_MATCH
224,Saya memeriksa detail informasi QRIS termasuk NMID dan nama merchant sebelum transfer. Informasi yang tampil di layar HP tidak sesuai dengan nama usaha yang tertera di kasir.,KETIDAKSESUAIAN_IDENTITAS_MERCHANT,IDENTITY_MISMATCH
225,"Saat melakukan transaksi QRIS di meja kasir apotek, saya teliti melihat nama penerima transfer pada e-wallet. Ternyata nama merchant tersebut benar terdaftar atas nama merchant tersebut.",QRIS_NORMAL_MERCHANT_TERPERCAYA,IDENTITY_MATCH
225,"Saat melakukan transaksi QRIS di meja kasir apotek, saya teliti melihat nama penerima transfer pada e-wallet. Ternyata nama merchant tersebut justru tertera nama merchant lain yang sama sekali berbeda.",KETIDAKSESUAIAN_IDENTITAS_MERCHANT,IDENTITY_MISMATCH
226,"Sebelum menekan tombol konfirmasi pembayaran QRIS di counter pulsa, saya memeriksa nama penerima di layar aplikasi. Hasil pengecekan menunjukkan nama penerima benar terdaftar atas nama merchant tersebut, dan transaksi berhasil diproses.",QRIS_NORMAL_MERCHANT_TERPERCAYA,IDENTITY_MATCH
226,"Sebelum menekan tombol konfirmasi pembayaran QRIS di counter pulsa, saya memeriksa nama penerima di layar aplikasi. Hasil pengecekan menunjukkan nama penerima justru tertera nama merchant lain yang sama sekali berbeda, dan transaksi berhasil diproses.",KETIDAKSESUAIAN_IDENTITAS_MERCHANT,IDENTITY_MISMATCH
227,"Setelah transaksi QRIS berhasil, saya cek notifikasi dan struk digital di perbankan saya. Nama penerima dana cocok dan identik dengan plang nama toko di depan saya.",QRIS_NORMAL_MERCHANT_TERPERCAYA,IDENTITY_MATCH
227,"Setelah transaksi QRIS berhasil, saya cek notifikasi dan struk digital di perbankan saya. Nama penerima dana tidak cocok dan berbeda jauh dari plang nama toko di depan saya.",KETIDAKSESUAIAN_IDENTITAS_MERCHANT,IDENTITY_MISMATCH
228,"Demi keamanan sebelum bayar QRIS, saya memastikan identitas penerima terlebih dahulu. Nama yang terdaftar pada sistem cocok dan identik dengan plang nama toko di depan saya.",QRIS_NORMAL_MERCHANT_TERPERCAYA,IDENTITY_MATCH
228,"Demi keamanan sebelum bayar QRIS, saya memastikan identitas penerima terlebih dahulu. Nama yang terdaftar pada sistem tidak cocok dan berbeda jauh dari plang nama toko di depan saya.",KETIDAKSESUAIAN_IDENTITAS_MERCHANT,IDENTITY_MISMATCH
229,"Nominal belanja sudah pas dan saya cek nama merchant di aplikasi pembayaran. Nama penerima sama persis dengan nama toko tempat saya berbelanja, dan pembayaran selesai lancar.",QRIS_NORMAL_MERCHANT_TERPERCAYA,IDENTITY_MATCH
229,"Nominal belanja sudah pas dan saya cek nama merchant di aplikasi pembayaran. Nama penerima berbeda dengan nama toko tempat saya berbelanja, dan pembayaran selesai lancar.",KETIDAKSESUAIAN_IDENTITAS_MERCHANT,IDENTITY_MISMATCH
230,"Setelah transaksi QRIS berhasil, saya cek notifikasi dan struk digital di perbankan saya. Nama penerima dana sepenuhnya cocok dengan nama outlet tempat saya belanja.",QRIS_NORMAL_MERCHANT_TERPERCAYA,IDENTITY_MATCH
230,"Setelah transaksi QRIS berhasil, saya cek notifikasi dan struk digital di perbankan saya. Nama penerima dana justru tidak cocok dan memunculkan nama pribadi asing.",KETIDAKSESUAIAN_IDENTITAS_MERCHANT,IDENTITY_MISMATCH
231,"Sebelum menekan tombol konfirmasi pembayaran QRIS di stand boba, saya memeriksa nama penerima di layar aplikasi. Hasil pengecekan menunjukkan nama penerima benar-benar sesuai dengan nama tempat usaha yang saya datangi, dan transaksi berhasil diproses.",QRIS_NORMAL_MERCHANT_TERPERCAYA,IDENTITY_MATCH
231,"Sebelum menekan tombol konfirmasi pembayaran QRIS di stand boba, saya memeriksa nama penerima di layar aplikasi. Hasil pengecekan menunjukkan nama penerima sama sekali tidak sesuai dengan nama tempat usaha yang saya datangi, dan transaksi berhasil diproses.",KETIDAKSESUAIAN_IDENTITAS_MERCHANT,IDENTITY_MISMATCH
232,"Setelah transaksi QRIS berhasil, saya cek notifikasi dan struk digital di perbankan saya. Nama penerima dana cocok dan identik dengan plang nama toko di depan saya.",QRIS_NORMAL_MERCHANT_TERPERCAYA,IDENTITY_MATCH
232,"Setelah transaksi QRIS berhasil, saya cek notifikasi dan struk digital di perbankan saya. Nama penerima dana tidak cocok dan berbeda jauh dari plang nama toko di depan saya.",KETIDAKSESUAIAN_IDENTITAS_MERCHANT,IDENTITY_MISMATCH
233,"Demi keamanan sebelum bayar QRIS, saya memastikan identitas penerima terlebih dahulu. Nama yang terdaftar pada sistem cocok dan identik dengan plang nama toko di depan saya.",QRIS_NORMAL_MERCHANT_TERPERCAYA,IDENTITY_MATCH
233,"Demi keamanan sebelum bayar QRIS, saya memastikan identitas penerima terlebih dahulu. Nama yang terdaftar pada sistem tidak cocok dan berbeda jauh dari plang nama toko di depan saya.",KETIDAKSESUAIAN_IDENTITAS_MERCHANT,IDENTITY_MISMATCH
234,"Saat melakukan transaksi QRIS di meja kasir warung makan, saya teliti melihat nama penerima transfer pada e-wallet. Ternyata nama merchant tersebut benar terdaftar atas nama merchant tersebut.",QRIS_NORMAL_MERCHANT_TERPERCAYA,IDENTITY_MATCH
234,"Saat melakukan transaksi QRIS di meja kasir warung makan, saya teliti melihat nama penerima transfer pada e-wallet. Ternyata nama merchant tersebut justru tertera nama merchant lain yang sama sekali berbeda.",KETIDAKSESUAIAN_IDENTITAS_MERCHANT,IDENTITY_MISMATCH
235,Saya memeriksa detail informasi QRIS termasuk NMID dan nama merchant sebelum transfer. Informasi yang tampil di layar HP sesuai dengan nama usaha yang tertera di kasir.,QRIS_NORMAL_MERCHANT_TERPERCAYA,IDENTITY_MATCH
235,Saya memeriksa detail informasi QRIS termasuk NMID dan nama merchant sebelum transfer. Informasi yang tampil di layar HP tidak sesuai dengan nama usaha yang tertera di kasir.,KETIDAKSESUAIAN_IDENTITAS_MERCHANT,IDENTITY_MISMATCH
236,Nama merchant yang muncul di aplikasi setelah scan QRIS benar terdaftar atas nama merchant tersebut.,QRIS_NORMAL_MERCHANT_TERPERCAYA,IDENTITY_MATCH
236,Nama merchant yang muncul di aplikasi setelah scan QRIS justru tertera nama merchant lain yang sama sekali berbeda.,KETIDAKSESUAIAN_IDENTITAS_MERCHANT,IDENTITY_MISMATCH
237,"Setelah transaksi QRIS berhasil, saya cek notifikasi dan struk digital di perbankan saya. Nama penerima dana valid dan konsisten dengan identitas resmi merchant.",QRIS_NORMAL_MERCHANT_TERPERCAYA,IDENTITY_MATCH
237,"Setelah transaksi QRIS berhasil, saya cek notifikasi dan struk digital di perbankan saya. Nama penerima dana tidak konsisten dan mengindikasikan rekening pihak ketiga yang mencurigakan.",KETIDAKSESUAIAN_IDENTITAS_MERCHANT,IDENTITY_MISMATCH
238,"Tadi saya bayar pakai QRIS di Ganteng Barbershop. Pembayaran sukses, lalu saat mengecek rincian transaksi di aplikasi, nama merchant yang tercantum sesuai dengan nama usaha yang tertera di kasir.",QRIS_NORMAL_MERCHANT_TERPERCAYA,IDENTITY_MATCH
238,"Tadi saya bayar pakai QRIS di Ganteng Barbershop. Pembayaran sukses, lalu saat mengecek rincian transaksi di aplikasi, nama merchant yang tercantum tidak sesuai dengan nama usaha yang tertera di kasir.",KETIDAKSESUAIAN_IDENTITAS_MERCHANT,IDENTITY_MISMATCH
239,"Nominal belanja sudah pas dan saya cek nama merchant di aplikasi pembayaran. Nama penerima sama persis dengan nama toko tempat saya berbelanja, dan pembayaran selesai lancar.",QRIS_NORMAL_MERCHANT_TERPERCAYA,IDENTITY_MATCH
239,"Nominal belanja sudah pas dan saya cek nama merchant di aplikasi pembayaran. Nama penerima berbeda dengan nama toko tempat saya berbelanja, dan pembayaran selesai lancar.",KETIDAKSESUAIAN_IDENTITAS_MERCHANT,IDENTITY_MISMATCH
240,Saya memeriksa detail informasi QRIS termasuk NMID dan nama merchant sebelum transfer. Informasi yang tampil di layar HP benar-benar sesuai dengan nama tempat usaha yang saya datangi.,QRIS_NORMAL_MERCHANT_TERPERCAYA,IDENTITY_MATCH
240,Saya memeriksa detail informasi QRIS termasuk NMID dan nama merchant sebelum transfer. Informasi yang tampil di layar HP sama sekali tidak sesuai dengan nama tempat usaha yang saya datangi.,KETIDAKSESUAIAN_IDENTITAS_MERCHANT,IDENTITY_MISMATCH
241,"Sebelum menekan tombol konfirmasi pembayaran QRIS di toko pakaian, saya memeriksa nama penerima di layar aplikasi. Hasil pengecekan menunjukkan nama penerima sama persis dengan nama toko tempat saya berbelanja, dan transaksi berhasil diproses.",QRIS_NORMAL_MERCHANT_TERPERCAYA,IDENTITY_MATCH
241,"Sebelum menekan tombol konfirmasi pembayaran QRIS di toko pakaian, saya memeriksa nama penerima di layar aplikasi. Hasil pengecekan menunjukkan nama penerima berbeda dengan nama toko tempat saya berbelanja, dan transaksi berhasil diproses.",KETIDAKSESUAIAN_IDENTITAS_MERCHANT,IDENTITY_MISMATCH
242,Saya memeriksa detail informasi QRIS termasuk NMID dan nama merchant sebelum transfer. Informasi yang tampil di layar HP sama persis dengan nama toko tempat saya berbelanja.,QRIS_NORMAL_MERCHANT_TERPERCAYA,IDENTITY_MATCH
242,Saya memeriksa detail informasi QRIS termasuk NMID dan nama merchant sebelum transfer. Informasi yang tampil di layar HP berbeda dengan nama toko tempat saya berbelanja.,KETIDAKSESUAIAN_IDENTITAS_MERCHANT,IDENTITY_MISMATCH
243,"Kasir di Boba Fresh Delight mengarahkan untuk scan barcode QRIS. Saya mencocokkan nama usaha pada aplikasi pembayaran dengan nama toko, dan hasilnya memang resmi atas nama gerai tersebut.",QRIS_NORMAL_MERCHANT_TERPERCAYA,IDENTITY_MATCH
243,"Kasir di Boba Fresh Delight mengarahkan untuk scan barcode QRIS. Saya mencocokkan nama usaha pada aplikasi pembayaran dengan nama toko, dan hasilnya malah mengarah ke rekening pribadi orang lain yang tidak dikenal.",KETIDAKSESUAIAN_IDENTITAS_MERCHANT,IDENTITY_MISMATCH
244,"Demi keamanan sebelum bayar QRIS, saya memastikan identitas penerima terlebih dahulu. Nama yang terdaftar pada sistem benar-benar sesuai dengan nama tempat usaha yang saya datangi.",QRIS_NORMAL_MERCHANT_TERPERCAYA,IDENTITY_MATCH
244,"Demi keamanan sebelum bayar QRIS, saya memastikan identitas penerima terlebih dahulu. Nama yang terdaftar pada sistem sama sekali tidak sesuai dengan nama tempat usaha yang saya datangi.",KETIDAKSESUAIAN_IDENTITAS_MERCHANT,IDENTITY_MISMATCH
245,Saya memeriksa detail informasi QRIS termasuk NMID dan nama merchant sebelum transfer. Informasi yang tampil di layar HP sesuai dengan nama usaha yang tertera di kasir.,QRIS_NORMAL_MERCHANT_TERPERCAYA,IDENTITY_MATCH
245,Saya memeriksa detail informasi QRIS termasuk NMID dan nama merchant sebelum transfer. Informasi yang tampil di layar HP tidak sesuai dengan nama usaha yang tertera di kasir.,KETIDAKSESUAIAN_IDENTITAS_MERCHANT,IDENTITY_MISMATCH
246,"Saat melakukan transaksi QRIS di meja kasir kedai bakso, saya teliti melihat nama penerima transfer pada e-wallet. Ternyata nama merchant tersebut tepat milik toko ini tanpa ada perbedaan sedikit pun.",QRIS_NORMAL_MERCHANT_TERPERCAYA,IDENTITY_MATCH
246,"Saat melakukan transaksi QRIS di meja kasir kedai bakso, saya teliti melihat nama penerima transfer pada e-wallet. Ternyata nama merchant tersebut bukan milik toko ini melainkan atas nama perseorangan.",KETIDAKSESUAIAN_IDENTITAS_MERCHANT,IDENTITY_MISMATCH
247,B,QRIS_NORMAL_MERCHANT_TERPERCAYA,IDENTITY_MATCH
247,B,KETIDAKSESUAIAN_IDENTITAS_MERCHANT,IDENTITY_MISMATCH
248,"Tadi saya bayar pakai QRIS di Bakso Super Urat Mas Bejo. Pembayaran sukses, lalu saat mengecek rincian transaksi di aplikasi, nama merchant yang tercantum cocok dan identik dengan plang nama toko di depan saya.",QRIS_NORMAL_MERCHANT_TERPERCAYA,IDENTITY_MATCH
248,"Tadi saya bayar pakai QRIS di Bakso Super Urat Mas Bejo. Pembayaran sukses, lalu saat mengecek rincian transaksi di aplikasi, nama merchant yang tercantum tidak cocok dan berbeda jauh dari plang nama toko di depan saya.",KETIDAKSESUAIAN_IDENTITAS_MERCHANT,IDENTITY_MISMATCH
249,"Tadi saya bayar pakai QRIS di Minimarket Barokah. Pembayaran sukses, lalu saat mengecek rincian transaksi di aplikasi, nama merchant yang tercantum sepenuhnya cocok dengan nama outlet tempat saya belanja.",QRIS_NORMAL_MERCHANT_TERPERCAYA,IDENTITY_MATCH
249,"Tadi saya bayar pakai QRIS di Minimarket Barokah. Pembayaran sukses, lalu saat mengecek rincian transaksi di aplikasi, nama merchant yang tercantum justru tidak cocok dan memunculkan nama pribadi asing.",KETIDAKSESUAIAN_IDENTITAS_MERCHANT,IDENTITY_MISMATCH
250,"Saat melakukan transaksi QRIS di meja kasir warung makan, saya teliti melihat nama penerima transfer pada e-wallet. Ternyata nama merchant tersebut sepenuhnya cocok dengan nama outlet tempat saya belanja.",QRIS_NORMAL_MERCHANT_TERPERCAYA,IDENTITY_MATCH
250,"Saat melakukan transaksi QRIS di meja kasir warung makan, saya teliti melihat nama penerima transfer pada e-wallet. Ternyata nama merchant tersebut justru tidak cocok dan memunculkan nama pribadi asing.",KETIDAKSESUAIAN_IDENTITAS_MERCHANT,IDENTITY_MISMATCH
251,"Setelah transaksi QRIS berhasil, saya cek notifikasi dan struk digital di perbankan saya. Nama penerima dana benar terdaftar atas nama merchant tersebut.",QRIS_NORMAL_MERCHANT_TERPERCAYA,IDENTITY_MATCH
251,"Setelah transaksi QRIS berhasil, saya cek notifikasi dan struk digital di perbankan saya. Nama penerima dana justru tertera nama merchant lain yang sama sekali berbeda.",KETIDAKSESUAIAN_IDENTITAS_MERCHANT,IDENTITY_MISMATCH
252,Saya memeriksa detail informasi QRIS termasuk NMID dan nama merchant sebelum transfer. Informasi yang tampil di layar HP benar-benar sesuai dengan nama tempat usaha yang saya datangi.,QRIS_NORMAL_MERCHANT_TERPERCAYA,IDENTITY_MATCH
252,Saya memeriksa detail informasi QRIS termasuk NMID dan nama merchant sebelum transfer. Informasi yang tampil di layar HP sama sekali tidak sesuai dengan nama tempat usaha yang saya datangi.,KETIDAKSESUAIAN_IDENTITAS_MERCHANT,IDENTITY_MISMATCH
253,Saya memeriksa detail informasi QRIS termasuk NMID dan nama merchant sebelum transfer. Informasi yang tampil di layar HP benar-benar sesuai dengan nama tempat usaha yang saya datangi.,QRIS_NORMAL_MERCHANT_TERPERCAYA,IDENTITY_MATCH
253,Saya memeriksa detail informasi QRIS termasuk NMID dan nama merchant sebelum transfer. Informasi yang tampil di layar HP sama sekali tidak sesuai dengan nama tempat usaha yang saya datangi.,KETIDAKSESUAIAN_IDENTITAS_MERCHANT,IDENTITY_MISMATCH
254,"Saat melakukan transaksi QRIS di meja kasir kedai bakso, saya teliti melihat nama penerima transfer pada e-wallet. Ternyata nama merchant tersebut sepenuhnya cocok dengan nama outlet tempat saya belanja.",QRIS_NORMAL_MERCHANT_TERPERCAYA,IDENTITY_MATCH
254,"Saat melakukan transaksi QRIS di meja kasir kedai bakso, saya teliti melihat nama penerima transfer pada e-wallet. Ternyata nama merchant tersebut justru tidak cocok dan memunculkan nama pribadi asing.",KETIDAKSESUAIAN_IDENTITAS_MERCHANT,IDENTITY_MISMATCH
255,"Tadi saya bayar pakai QRIS di Fashion Style Boutique. Pembayaran sukses, lalu saat mengecek rincian transaksi di aplikasi, nama merchant yang tercantum sepenuhnya cocok dengan nama outlet tempat saya belanja.",QRIS_NORMAL_MERCHANT_TERPERCAYA,IDENTITY_MATCH
255,"Tadi saya bayar pakai QRIS di Fashion Style Boutique. Pembayaran sukses, lalu saat mengecek rincian transaksi di aplikasi, nama merchant yang tercantum justru tidak cocok dan memunculkan nama pribadi asing.",KETIDAKSESUAIAN_IDENTITAS_MERCHANT,IDENTITY_MISMATCH
256,"Sebelum menekan tombol konfirmasi pembayaran QRIS di toko pakaian, saya memeriksa nama penerima di layar aplikasi. Hasil pengecekan menunjukkan nama penerima tepat milik toko ini tanpa ada perbedaan sedikit pun, dan transaksi berhasil diproses.",QRIS_NORMAL_MERCHANT_TERPERCAYA,IDENTITY_MATCH
256,"Sebelum menekan tombol konfirmasi pembayaran QRIS di toko pakaian, saya memeriksa nama penerima di layar aplikasi. Hasil pengecekan menunjukkan nama penerima bukan milik toko ini melainkan atas nama perseorangan, dan transaksi berhasil diproses.",KETIDAKSESUAIAN_IDENTITAS_MERCHANT,IDENTITY_MISMATCH
257,"Setelah transaksi QRIS berhasil, saya cek notifikasi dan struk digital di perbankan saya. Nama penerima dana tepat milik toko ini tanpa ada perbedaan sedikit pun.",QRIS_NORMAL_MERCHANT_TERPERCAYA,IDENTITY_MATCH
257,"Setelah transaksi QRIS berhasil, saya cek notifikasi dan struk digital di perbankan saya. Nama penerima dana bukan milik toko ini melainkan atas nama perseorangan.",KETIDAKSESUAIAN_IDENTITAS_MERCHANT,IDENTITY_MISMATCH
258,"Nominal belanja sudah pas dan saya cek nama merchant di aplikasi pembayaran. Nama penerima tepat milik toko ini tanpa ada perbedaan sedikit pun, dan pembayaran selesai lancar.",QRIS_NORMAL_MERCHANT_TERPERCAYA,IDENTITY_MATCH
258,"Nominal belanja sudah pas dan saya cek nama merchant di aplikasi pembayaran. Nama penerima bukan milik toko ini melainkan atas nama perseorangan, dan pembayaran selesai lancar.",KETIDAKSESUAIAN_IDENTITAS_MERCHANT,IDENTITY_MISMATCH
259,"Setelah transaksi QRIS berhasil, saya cek notifikasi dan struk digital di perbankan saya. Nama penerima dana sesuai dengan nama usaha yang tertera di kasir.",QRIS_NORMAL_MERCHANT_TERPERCAYA,IDENTITY_MATCH
259,"Setelah transaksi QRIS berhasil, saya cek notifikasi dan struk digital di perbankan saya. Nama penerima dana tidak sesuai dengan nama usaha yang tertera di kasir.",KETIDAKSESUAIAN_IDENTITAS_MERCHANT,IDENTITY_MISMATCH
260,"Setelah transaksi QRIS berhasil, saya cek notifikasi dan struk digital di perbankan saya. Nama penerima dana tepat milik toko ini tanpa ada perbedaan sedikit pun.",QRIS_NORMAL_MERCHANT_TERPERCAYA,IDENTITY_MATCH
260,"Setelah transaksi QRIS berhasil, saya cek notifikasi dan struk digital di perbankan saya. Nama penerima dana bukan milik toko ini melainkan atas nama perseorangan.",KETIDAKSESUAIAN_IDENTITAS_MERCHANT,IDENTITY_MISMATCH
261,"Demi keamanan sebelum bayar QRIS, saya memastikan identitas penerima terlebih dahulu. Nama yang terdaftar pada sistem cocok dan identik dengan plang nama toko di depan saya.",QRIS_NORMAL_MERCHANT_TERPERCAYA,IDENTITY_MATCH
261,"Demi keamanan sebelum bayar QRIS, saya memastikan identitas penerima terlebih dahulu. Nama yang terdaftar pada sistem tidak cocok dan berbeda jauh dari plang nama toko di depan saya.",KETIDAKSESUAIAN_IDENTITAS_MERCHANT,IDENTITY_MISMATCH
262,"Kasir di Laundry Wangi Bersih mengarahkan untuk scan barcode QRIS. Saya mencocokkan nama usaha pada aplikasi pembayaran dengan nama toko, dan hasilnya identik dengan nama toko dan tidak ada kejanggalan.",QRIS_NORMAL_MERCHANT_TERPERCAYA,IDENTITY_MATCH
262,"Kasir di Laundry Wangi Bersih mengarahkan untuk scan barcode QRIS. Saya mencocokkan nama usaha pada aplikasi pembayaran dengan nama toko, dan hasilnya berbeda dari nama toko sehingga menimbulkan kecurigaan.",KETIDAKSESUAIAN_IDENTITAS_MERCHANT,IDENTITY_MISMATCH
263,"Saat melakukan transaksi QRIS di meja kasir toko buah, saya teliti melihat nama penerima transfer pada e-wallet. Ternyata nama merchant tersebut sepenuhnya cocok dengan nama outlet tempat saya belanja.",QRIS_NORMAL_MERCHANT_TERPERCAYA,IDENTITY_MATCH
263,"Saat melakukan transaksi QRIS di meja kasir toko buah, saya teliti melihat nama penerima transfer pada e-wallet. Ternyata nama merchant tersebut justru tidak cocok dan memunculkan nama pribadi asing.",KETIDAKSESUAIAN_IDENTITAS_MERCHANT,IDENTITY_MISMATCH
264,"Nominal belanja sudah pas dan saya cek nama merchant di aplikasi pembayaran. Nama penerima sesuai dengan nama usaha yang tertera di kasir, dan pembayaran selesai lancar.",QRIS_NORMAL_MERCHANT_TERPERCAYA,IDENTITY_MATCH
264,"Nominal belanja sudah pas dan saya cek nama merchant di aplikasi pembayaran. Nama penerima tidak sesuai dengan nama usaha yang tertera di kasir, dan pembayaran selesai lancar.",KETIDAKSESUAIAN_IDENTITAS_MERCHANT,IDENTITY_MISMATCH
265,"Setelah transaksi QRIS berhasil, saya cek notifikasi dan struk digital di perbankan saya. Nama penerima dana sepenuhnya cocok dengan nama outlet tempat saya belanja.",QRIS_NORMAL_MERCHANT_TERPERCAYA,IDENTITY_MATCH
265,"Setelah transaksi QRIS berhasil, saya cek notifikasi dan struk digital di perbankan saya. Nama penerima dana justru tidak cocok dan memunculkan nama pribadi asing.",KETIDAKSESUAIAN_IDENTITAS_MERCHANT,IDENTITY_MISMATCH
266,Nama merchant yang muncul di aplikasi setelah scan QRIS memang resmi atas nama gerai tersebut.,QRIS_NORMAL_MERCHANT_TERPERCAYA,IDENTITY_MATCH
266,Nama merchant yang muncul di aplikasi setelah scan QRIS malah mengarah ke rekening pribadi orang lain yang tidak dikenal.,KETIDAKSESUAIAN_IDENTITAS_MERCHANT,IDENTITY_MISMATCH
267,"Tadi saya bayar pakai QRIS di Ganteng Barbershop. Pembayaran sukses, lalu saat mengecek rincian transaksi di aplikasi, nama merchant yang tercantum valid dan konsisten dengan identitas resmi merchant.",QRIS_NORMAL_MERCHANT_TERPERCAYA,IDENTITY_MATCH
267,"Tadi saya bayar pakai QRIS di Ganteng Barbershop. Pembayaran sukses, lalu saat mengecek rincian transaksi di aplikasi, nama merchant yang tercantum tidak konsisten dan mengindikasikan rekening pihak ketiga yang mencurigakan.",KETIDAKSESUAIAN_IDENTITAS_MERCHANT,IDENTITY_MISMATCH
268,"Demi keamanan sebelum bayar QRIS, saya memastikan identitas penerima terlebih dahulu. Nama yang terdaftar pada sistem memang resmi atas nama gerai tersebut.",QRIS_NORMAL_MERCHANT_TERPERCAYA,IDENTITY_MATCH
268,"Demi keamanan sebelum bayar QRIS, saya memastikan identitas penerima terlebih dahulu. Nama yang terdaftar pada sistem malah mengarah ke rekening pribadi orang lain yang tidak dikenal.",KETIDAKSESUAIAN_IDENTITAS_MERCHANT,IDENTITY_MISMATCH
269,"Demi keamanan sebelum bayar QRIS, saya memastikan identitas penerima terlebih dahulu. Nama yang terdaftar pada sistem sepenuhnya cocok dengan nama outlet tempat saya belanja.",QRIS_NORMAL_MERCHANT_TERPERCAYA,IDENTITY_MATCH
269,"Demi keamanan sebelum bayar QRIS, saya memastikan identitas penerima terlebih dahulu. Nama yang terdaftar pada sistem justru tidak cocok dan memunculkan nama pribadi asing.",KETIDAKSESUAIAN_IDENTITAS_MERCHANT,IDENTITY_MISMATCH
270,"Setelah transaksi QRIS berhasil, saya cek notifikasi dan struk digital di perbankan saya. Nama penerima dana tepat milik toko ini tanpa ada perbedaan sedikit pun.",QRIS_NORMAL_MERCHANT_TERPERCAYA,IDENTITY_MATCH
270,"Setelah transaksi QRIS berhasil, saya cek notifikasi dan struk digital di perbankan saya. Nama penerima dana bukan milik toko ini melainkan atas nama perseorangan.",KETIDAKSESUAIAN_IDENTITAS_MERCHANT,IDENTITY_MISMATCH
271,"Demi keamanan sebelum bayar QRIS, saya memastikan identitas penerima terlebih dahulu. Nama yang terdaftar pada sistem tepat milik toko ini tanpa ada perbedaan sedikit pun.",QRIS_NORMAL_MERCHANT_TERPERCAYA,IDENTITY_MATCH
271,"Demi keamanan sebelum bayar QRIS, saya memastikan identitas penerima terlebih dahulu. Nama yang terdaftar pada sistem bukan milik toko ini melainkan atas nama perseorangan.",KETIDAKSESUAIAN_IDENTITAS_MERCHANT,IDENTITY_MISMATCH
272,"Demi keamanan sebelum bayar QRIS, saya memastikan identitas penerima terlebih dahulu. Nama yang terdaftar pada sistem memang resmi atas nama gerai tersebut.",QRIS_NORMAL_MERCHANT_TERPERCAYA,IDENTITY_MATCH
272,"Demi keamanan sebelum bayar QRIS, saya memastikan identitas penerima terlebih dahulu. Nama yang terdaftar pada sistem malah mengarah ke rekening pribadi orang lain yang tidak dikenal.",KETIDAKSESUAIAN_IDENTITAS_MERCHANT,IDENTITY_MISMATCH
273,"Saat melakukan transaksi QRIS di meja kasir bengkel motor, saya teliti melihat nama penerima transfer pada e-wallet. Ternyata nama merchant tersebut tepat milik toko ini tanpa ada perbedaan sedikit pun.",QRIS_NORMAL_MERCHANT_TERPERCAYA,IDENTITY_MATCH
273,"Saat melakukan transaksi QRIS di meja kasir bengkel motor, saya teliti melihat nama penerima transfer pada e-wallet. Ternyata nama merchant tersebut bukan milik toko ini melainkan atas nama perseorangan.",KETIDAKSESUAIAN_IDENTITAS_MERCHANT,IDENTITY_MISMATCH
274,B,QRIS_NORMAL_MERCHANT_TERPERCAYA,IDENTITY_MATCH
274,B,KETIDAKSESUAIAN_IDENTITAS_MERCHANT,IDENTITY_MISMATCH
275,"Sebelum menekan tombol konfirmasi pembayaran QRIS di restoran padang, saya memeriksa nama penerima di layar aplikasi. Hasil pengecekan menunjukkan nama penerima identik dengan nama toko dan tidak ada kejanggalan, dan transaksi berhasil diproses.",QRIS_NORMAL_MERCHANT_TERPERCAYA,IDENTITY_MATCH
275,"Sebelum menekan tombol konfirmasi pembayaran QRIS di restoran padang, saya memeriksa nama penerima di layar aplikasi. Hasil pengecekan menunjukkan nama penerima berbeda dari nama toko sehingga menimbulkan kecurigaan, dan transaksi berhasil diproses.",KETIDAKSESUAIAN_IDENTITAS_MERCHANT,IDENTITY_MISMATCH
276,"Tadi saya bayar pakai QRIS di Apotek Sehat Medika. Pembayaran sukses, lalu saat mengecek rincian transaksi di aplikasi, nama merchant yang tercantum memang resmi atas nama gerai tersebut.",QRIS_NORMAL_MERCHANT_TERPERCAYA,IDENTITY_MATCH
276,"Tadi saya bayar pakai QRIS di Apotek Sehat Medika. Pembayaran sukses, lalu saat mengecek rincian transaksi di aplikasi, nama merchant yang tercantum malah mengarah ke rekening pribadi orang lain yang tidak dikenal.",KETIDAKSESUAIAN_IDENTITAS_MERCHANT,IDENTITY_MISMATCH
277,"Setelah transaksi QRIS berhasil, saya cek notifikasi dan struk digital di perbankan saya. Nama penerima dana sesuai dengan nama usaha yang tertera di kasir.",QRIS_NORMAL_MERCHANT_TERPERCAYA,IDENTITY_MATCH
277,"Setelah transaksi QRIS berhasil, saya cek notifikasi dan struk digital di perbankan saya. Nama penerima dana tidak sesuai dengan nama usaha yang tertera di kasir.",KETIDAKSESUAIAN_IDENTITAS_MERCHANT,IDENTITY_MISMATCH
278,Saya memeriksa detail informasi QRIS termasuk NMID dan nama merchant sebelum transfer. Informasi yang tampil di layar HP sesuai dengan nama usaha yang tertera di kasir.,QRIS_NORMAL_MERCHANT_TERPERCAYA,IDENTITY_MATCH
278,Saya memeriksa detail informasi QRIS termasuk NMID dan nama merchant sebelum transfer. Informasi yang tampil di layar HP tidak sesuai dengan nama usaha yang tertera di kasir.,KETIDAKSESUAIAN_IDENTITAS_MERCHANT,IDENTITY_MISMATCH
279,"Demi keamanan sebelum bayar QRIS, saya memastikan identitas penerima terlebih dahulu. Nama yang terdaftar pada sistem sesuai dengan nama usaha yang tertera di kasir.",QRIS_NORMAL_MERCHANT_TERPERCAYA,IDENTITY_MATCH
279,"Demi keamanan sebelum bayar QRIS, saya memastikan identitas penerima terlebih dahulu. Nama yang terdaftar pada sistem tidak sesuai dengan nama usaha yang tertera di kasir.",KETIDAKSESUAIAN_IDENTITAS_MERCHANT,IDENTITY_MISMATCH
280,"Sebelum menekan tombol konfirmasi pembayaran QRIS di toko pakaian, saya memeriksa nama penerima di layar aplikasi. Hasil pengecekan menunjukkan nama penerima benar-benar sesuai dengan nama tempat usaha yang saya datangi, dan transaksi berhasil diproses.",QRIS_NORMAL_MERCHANT_TERPERCAYA,IDENTITY_MATCH
280,"Sebelum menekan tombol konfirmasi pembayaran QRIS di toko pakaian, saya memeriksa nama penerima di layar aplikasi. Hasil pengecekan menunjukkan nama penerima sama sekali tidak sesuai dengan nama tempat usaha yang saya datangi, dan transaksi berhasil diproses.",KETIDAKSESUAIAN_IDENTITAS_MERCHANT,IDENTITY_MISMATCH
281,Saya memeriksa detail informasi QRIS termasuk NMID dan nama merchant sebelum transfer. Informasi yang tampil di layar HP benar terdaftar atas nama merchant tersebut.,QRIS_NORMAL_MERCHANT_TERPERCAYA,IDENTITY_MATCH
281,Saya memeriksa detail informasi QRIS termasuk NMID dan nama merchant sebelum transfer. Informasi yang tampil di layar HP justru tertera nama merchant lain yang sama sekali berbeda.,KETIDAKSESUAIAN_IDENTITAS_MERCHANT,IDENTITY_MISMATCH
282,Saya memeriksa detail informasi QRIS termasuk NMID dan nama merchant sebelum transfer. Informasi yang tampil di layar HP valid dan konsisten dengan identitas resmi merchant.,QRIS_NORMAL_MERCHANT_TERPERCAYA,IDENTITY_MATCH
282,Saya memeriksa detail informasi QRIS termasuk NMID dan nama merchant sebelum transfer. Informasi yang tampil di layar HP tidak konsisten dan mengindikasikan rekening pihak ketiga yang mencurigakan.,KETIDAKSESUAIAN_IDENTITAS_MERCHANT,IDENTITY_MISMATCH
283,B,QRIS_NORMAL_MERCHANT_TERPERCAYA,IDENTITY_MATCH
283,B,KETIDAKSESUAIAN_IDENTITAS_MERCHANT,IDENTITY_MISMATCH
284,"Nominal belanja sudah pas dan saya cek nama merchant di aplikasi pembayaran. Nama penerima identik dengan nama toko dan tidak ada kejanggalan, dan pembayaran selesai lancar.",QRIS_NORMAL_MERCHANT_TERPERCAYA,IDENTITY_MATCH
284,"Nominal belanja sudah pas dan saya cek nama merchant di aplikasi pembayaran. Nama penerima berbeda dari nama toko sehingga menimbulkan kecurigaan, dan pembayaran selesai lancar.",KETIDAKSESUAIAN_IDENTITAS_MERCHANT,IDENTITY_MISMATCH
285,"Setelah transaksi QRIS berhasil, saya cek notifikasi dan struk digital di perbankan saya. Nama penerima dana identik dengan nama toko dan tidak ada kejanggalan.",QRIS_NORMAL_MERCHANT_TERPERCAYA,IDENTITY_MATCH
285,"Setelah transaksi QRIS berhasil, saya cek notifikasi dan struk digital di perbankan saya. Nama penerima dana berbeda dari nama toko sehingga menimbulkan kecurigaan.",KETIDAKSESUAIAN_IDENTITAS_MERCHANT,IDENTITY_MISMATCH
286,Nama merchant yang muncul di aplikasi setelah scan QRIS sesuai dengan nama usaha yang tertera di kasir.,QRIS_NORMAL_MERCHANT_TERPERCAYA,IDENTITY_MATCH
286,Nama merchant yang muncul di aplikasi setelah scan QRIS tidak sesuai dengan nama usaha yang tertera di kasir.,KETIDAKSESUAIAN_IDENTITAS_MERCHANT,IDENTITY_MISMATCH
287,"Saat melakukan transaksi QRIS di meja kasir minimarket, saya teliti melihat nama penerima transfer pada e-wallet. Ternyata nama merchant tersebut valid dan konsisten dengan identitas resmi merchant.",QRIS_NORMAL_MERCHANT_TERPERCAYA,IDENTITY_MATCH
287,"Saat melakukan transaksi QRIS di meja kasir minimarket, saya teliti melihat nama penerima transfer pada e-wallet. Ternyata nama merchant tersebut tidak konsisten dan mengindikasikan rekening pihak ketiga yang mencurigakan.",KETIDAKSESUAIAN_IDENTITAS_MERCHANT,IDENTITY_MISMATCH
288,"Tadi saya bayar pakai QRIS di Apotek Sehat Medika. Pembayaran sukses, lalu saat mengecek rincian transaksi di aplikasi, nama merchant yang tercantum memang resmi atas nama gerai tersebut.",QRIS_NORMAL_MERCHANT_TERPERCAYA,IDENTITY_MATCH
288,"Tadi saya bayar pakai QRIS di Apotek Sehat Medika. Pembayaran sukses, lalu saat mengecek rincian transaksi di aplikasi, nama merchant yang tercantum malah mengarah ke rekening pribadi orang lain yang tidak dikenal.",KETIDAKSESUAIAN_IDENTITAS_MERCHANT,IDENTITY_MISMATCH
289,"Tadi saya bayar pakai QRIS di Bengkel Maju Lancar. Pembayaran sukses, lalu saat mengecek rincian transaksi di aplikasi, nama merchant yang tercantum identik dengan nama toko dan tidak ada kejanggalan.",QRIS_NORMAL_MERCHANT_TERPERCAYA,IDENTITY_MATCH
289,"Tadi saya bayar pakai QRIS di Bengkel Maju Lancar. Pembayaran sukses, lalu saat mengecek rincian transaksi di aplikasi, nama merchant yang tercantum berbeda dari nama toko sehingga menimbulkan kecurigaan.",KETIDAKSESUAIAN_IDENTITAS_MERCHANT,IDENTITY_MISMATCH
290,"Kasir di Fashion Style Boutique mengarahkan untuk scan barcode QRIS. Saya mencocokkan nama usaha pada aplikasi pembayaran dengan nama toko, dan hasilnya memang resmi atas nama gerai tersebut.",QRIS_NORMAL_MERCHANT_TERPERCAYA,IDENTITY_MATCH
290,"Kasir di Fashion Style Boutique mengarahkan untuk scan barcode QRIS. Saya mencocokkan nama usaha pada aplikasi pembayaran dengan nama toko, dan hasilnya malah mengarah ke rekening pribadi orang lain yang tidak dikenal.",KETIDAKSESUAIAN_IDENTITAS_MERCHANT,IDENTITY_MISMATCH
291,"Demi keamanan sebelum bayar QRIS, saya memastikan identitas penerima terlebih dahulu. Nama yang terdaftar pada sistem valid dan konsisten dengan identitas resmi merchant.",QRIS_NORMAL_MERCHANT_TERPERCAYA,IDENTITY_MATCH
291,"Demi keamanan sebelum bayar QRIS, saya memastikan identitas penerima terlebih dahulu. Nama yang terdaftar pada sistem tidak konsisten dan mengindikasikan rekening pihak ketiga yang mencurigakan.",KETIDAKSESUAIAN_IDENTITAS_MERCHANT,IDENTITY_MISMATCH
292,B,QRIS_NORMAL_MERCHANT_TERPERCAYA,IDENTITY_MATCH
292,B,KETIDAKSESUAIAN_IDENTITAS_MERCHANT,IDENTITY_MISMATCH
293,"Saat melakukan transaksi QRIS di meja kasir stand boba, saya teliti melihat nama penerima transfer pada e-wallet. Ternyata nama merchant tersebut benar-benar sesuai dengan nama tempat usaha yang saya datangi.",QRIS_NORMAL_MERCHANT_TERPERCAYA,IDENTITY_MATCH
293,"Saat melakukan transaksi QRIS di meja kasir stand boba, saya teliti melihat nama penerima transfer pada e-wallet. Ternyata nama merchant tersebut sama sekali tidak sesuai dengan nama tempat usaha yang saya datangi.",KETIDAKSESUAIAN_IDENTITAS_MERCHANT,IDENTITY_MISMATCH
294,Saya memeriksa detail informasi QRIS termasuk NMID dan nama merchant sebelum transfer. Informasi yang tampil di layar HP valid dan konsisten dengan identitas resmi merchant.,QRIS_NORMAL_MERCHANT_TERPERCAYA,IDENTITY_MATCH
294,Saya memeriksa detail informasi QRIS termasuk NMID dan nama merchant sebelum transfer. Informasi yang tampil di layar HP tidak konsisten dan mengindikasikan rekening pihak ketiga yang mencurigakan.,KETIDAKSESUAIAN_IDENTITAS_MERCHANT,IDENTITY_MISMATCH
295,Nama merchant yang muncul di aplikasi setelah scan QRIS cocok dan identik dengan plang nama toko di depan saya.,QRIS_NORMAL_MERCHANT_TERPERCAYA,IDENTITY_MATCH
295,Nama merchant yang muncul di aplikasi setelah scan QRIS tidak cocok dan berbeda jauh dari plang nama toko di depan saya.,KETIDAKSESUAIAN_IDENTITAS_MERCHANT,IDENTITY_MISMATCH
296,"Sebelum menekan tombol konfirmasi pembayaran QRIS di minimarket, saya memeriksa nama penerima di layar aplikasi. Hasil pengecekan menunjukkan nama penerima identik dengan nama toko dan tidak ada kejanggalan, dan transaksi berhasil diproses.",QRIS_NORMAL_MERCHANT_TERPERCAYA,IDENTITY_MATCH
296,"Sebelum menekan tombol konfirmasi pembayaran QRIS di minimarket, saya memeriksa nama penerima di layar aplikasi. Hasil pengecekan menunjukkan nama penerima berbeda dari nama toko sehingga menimbulkan kecurigaan, dan transaksi berhasil diproses.",KETIDAKSESUAIAN_IDENTITAS_MERCHANT,IDENTITY_MISMATCH
297,"Saat melakukan transaksi QRIS di meja kasir toko kelontong, saya teliti melihat nama penerima transfer pada e-wallet. Ternyata nama merchant tersebut sama persis dengan nama toko tempat saya berbelanja.",QRIS_NORMAL_MERCHANT_TERPERCAYA,IDENTITY_MATCH
297,"Saat melakukan transaksi QRIS di meja kasir toko kelontong, saya teliti melihat nama penerima transfer pada e-wallet. Ternyata nama merchant tersebut berbeda dengan nama toko tempat saya berbelanja.",KETIDAKSESUAIAN_IDENTITAS_MERCHANT,IDENTITY_MISMATCH
298,"Nominal belanja sudah pas dan saya cek nama merchant di aplikasi pembayaran. Nama penerima valid dan konsisten dengan identitas resmi merchant, dan pembayaran selesai lancar.",QRIS_NORMAL_MERCHANT_TERPERCAYA,IDENTITY_MATCH
298,"Nominal belanja sudah pas dan saya cek nama merchant di aplikasi pembayaran. Nama penerima tidak konsisten dan mengindikasikan rekening pihak ketiga yang mencurigakan, dan pembayaran selesai lancar.",KETIDAKSESUAIAN_IDENTITAS_MERCHANT,IDENTITY_MISMATCH
299,"Kasir di Bakso Super Urat Mas Bejo mengarahkan untuk scan barcode QRIS. Saya mencocokkan nama usaha pada aplikasi pembayaran dengan nama toko, dan hasilnya sesuai dengan nama usaha yang tertera di kasir.",QRIS_NORMAL_MERCHANT_TERPERCAYA,IDENTITY_MATCH
299,"Kasir di Bakso Super Urat Mas Bejo mengarahkan untuk scan barcode QRIS. Saya mencocokkan nama usaha pada aplikasi pembayaran dengan nama toko, dan hasilnya tidak sesuai dengan nama usaha yang tertera di kasir.",KETIDAKSESUAIAN_IDENTITAS_MERCHANT,IDENTITY_MISMATCH
300,"Sebelum menekan tombol konfirmasi pembayaran QRIS di kedai kopi, saya memeriksa nama penerima di layar aplikasi. Hasil pengecekan menunjukkan nama penerima sepenuhnya cocok dengan nama outlet tempat saya belanja, dan transaksi berhasil diproses.",QRIS_NORMAL_MERCHANT_TERPERCAYA,IDENTITY_MATCH
300,"Sebelum menekan tombol konfirmasi pembayaran QRIS di kedai kopi, saya memeriksa nama penerima di layar aplikasi. Hasil pengecekan menunjukkan nama penerima justru tidak cocok dan memunculkan nama pribadi asing, dan transaksi berhasil diproses.",KETIDAKSESUAIAN_IDENTITAS_MERCHANT,IDENTITY_MISMATCH
301,"Demi keamanan sebelum bayar QRIS, saya memastikan identitas penerima terlebih dahulu. Nama yang terdaftar pada sistem sesuai dengan nama usaha yang tertera di kasir.",QRIS_NORMAL_MERCHANT_TERPERCAYA,IDENTITY_MATCH
301,"Demi keamanan sebelum bayar QRIS, saya memastikan identitas penerima terlebih dahulu. Nama yang terdaftar pada sistem tidak sesuai dengan nama usaha yang tertera di kasir.",KETIDAKSESUAIAN_IDENTITAS_MERCHANT,IDENTITY_MISMATCH
302,Nama merchant yang muncul di aplikasi setelah scan QRIS cocok dan identik dengan plang nama toko di depan saya.,QRIS_NORMAL_MERCHANT_TERPERCAYA,IDENTITY_MATCH
302,Nama merchant yang muncul di aplikasi setelah scan QRIS tidak cocok dan berbeda jauh dari plang nama toko di depan saya.,KETIDAKSESUAIAN_IDENTITAS_MERCHANT,IDENTITY_MISMATCH
303,"Saat melakukan transaksi QRIS di meja kasir warung makan, saya teliti melihat nama penerima transfer pada e-wallet. Ternyata nama merchant tersebut sesuai dengan nama usaha yang tertera di kasir.",QRIS_NORMAL_MERCHANT_TERPERCAYA,IDENTITY_MATCH
303,"Saat melakukan transaksi QRIS di meja kasir warung makan, saya teliti melihat nama penerima transfer pada e-wallet. Ternyata nama merchant tersebut tidak sesuai dengan nama usaha yang tertera di kasir.",KETIDAKSESUAIAN_IDENTITAS_MERCHANT,IDENTITY_MISMATCH
304,"Tadi saya bayar pakai QRIS di Kopi Kenangan Senja. Pembayaran sukses, lalu saat mengecek rincian transaksi di aplikasi, nama merchant yang tercantum benar terdaftar atas nama merchant tersebut.",QRIS_NORMAL_MERCHANT_TERPERCAYA,IDENTITY_MATCH
304,"Tadi saya bayar pakai QRIS di Kopi Kenangan Senja. Pembayaran sukses, lalu saat mengecek rincian transaksi di aplikasi, nama merchant yang tercantum justru tertera nama merchant lain yang sama sekali berbeda.",KETIDAKSESUAIAN_IDENTITAS_MERCHANT,IDENTITY_MISMATCH
305,"Tadi saya bayar pakai QRIS di Counter Cahaya Cell. Pembayaran sukses, lalu saat mengecek rincian transaksi di aplikasi, nama merchant yang tercantum sepenuhnya cocok dengan nama outlet tempat saya belanja.",QRIS_NORMAL_MERCHANT_TERPERCAYA,IDENTITY_MATCH
305,"Tadi saya bayar pakai QRIS di Counter Cahaya Cell. Pembayaran sukses, lalu saat mengecek rincian transaksi di aplikasi, nama merchant yang tercantum justru tidak cocok dan memunculkan nama pribadi asing.",KETIDAKSESUAIAN_IDENTITAS_MERCHANT,IDENTITY_MISMATCH
306,"Sebelum menekan tombol konfirmasi pembayaran QRIS di toko buah, saya memeriksa nama penerima di layar aplikasi. Hasil pengecekan menunjukkan nama penerima cocok dan identik dengan plang nama toko di depan saya, dan transaksi berhasil diproses.",QRIS_NORMAL_MERCHANT_TERPERCAYA,IDENTITY_MATCH
306,"Sebelum menekan tombol konfirmasi pembayaran QRIS di toko buah, saya memeriksa nama penerima di layar aplikasi. Hasil pengecekan menunjukkan nama penerima tidak cocok dan berbeda jauh dari plang nama toko di depan saya, dan transaksi berhasil diproses.",KETIDAKSESUAIAN_IDENTITAS_MERCHANT,IDENTITY_MISMATCH
307,B,QRIS_NORMAL_MERCHANT_TERPERCAYA,IDENTITY_MATCH
307,B,KETIDAKSESUAIAN_IDENTITAS_MERCHANT,IDENTITY_MISMATCH
308,Saya memeriksa detail informasi QRIS termasuk NMID dan nama merchant sebelum transfer. Informasi yang tampil di layar HP benar-benar sesuai dengan nama tempat usaha yang saya datangi.,QRIS_NORMAL_MERCHANT_TERPERCAYA,IDENTITY_MATCH
308,Saya memeriksa detail informasi QRIS termasuk NMID dan nama merchant sebelum transfer. Informasi yang tampil di layar HP sama sekali tidak sesuai dengan nama tempat usaha yang saya datangi.,KETIDAKSESUAIAN_IDENTITAS_MERCHANT,IDENTITY_MISMATCH
309,"Setelah transaksi QRIS berhasil, saya cek notifikasi dan struk digital di perbankan saya. Nama penerima dana sepenuhnya cocok dengan nama outlet tempat saya belanja.",QRIS_NORMAL_MERCHANT_TERPERCAYA,IDENTITY_MATCH
309,"Setelah transaksi QRIS berhasil, saya cek notifikasi dan struk digital di perbankan saya. Nama penerima dana justru tidak cocok dan memunculkan nama pribadi asing.",KETIDAKSESUAIAN_IDENTITAS_MERCHANT,IDENTITY_MISMATCH
310,B,QRIS_NORMAL_MERCHANT_TERPERCAYA,IDENTITY_MATCH
310,B,KETIDAKSESUAIAN_IDENTITAS_MERCHANT,IDENTITY_MISMATCH
311,"Nominal belanja sudah pas dan saya cek nama merchant di aplikasi pembayaran. Nama penerima benar terdaftar atas nama merchant tersebut, dan pembayaran selesai lancar.",QRIS_NORMAL_MERCHANT_TERPERCAYA,IDENTITY_MATCH
311,"Nominal belanja sudah pas dan saya cek nama merchant di aplikasi pembayaran. Nama penerima justru tertera nama merchant lain yang sama sekali berbeda, dan pembayaran selesai lancar.",KETIDAKSESUAIAN_IDENTITAS_MERCHANT,IDENTITY_MISMATCH
312,"Demi keamanan sebelum bayar QRIS, saya memastikan identitas penerima terlebih dahulu. Nama yang terdaftar pada sistem valid dan konsisten dengan identitas resmi merchant.",QRIS_NORMAL_MERCHANT_TERPERCAYA,IDENTITY_MATCH
312,"Demi keamanan sebelum bayar QRIS, saya memastikan identitas penerima terlebih dahulu. Nama yang terdaftar pada sistem tidak konsisten dan mengindikasikan rekening pihak ketiga yang mencurigakan.",KETIDAKSESUAIAN_IDENTITAS_MERCHANT,IDENTITY_MISMATCH
313,B,QRIS_NORMAL_MERCHANT_TERPERCAYA,IDENTITY_MATCH
313,B,KETIDAKSESUAIAN_IDENTITAS_MERCHANT,IDENTITY_MISMATCH
314,B,QRIS_NORMAL_MERCHANT_TERPERCAYA,IDENTITY_MATCH
314,B,KETIDAKSESUAIAN_IDENTITAS_MERCHANT,IDENTITY_MISMATCH
315,B,QRIS_NORMAL_MERCHANT_TERPERCAYA,IDENTITY_MATCH
315,B,KETIDAKSESUAIAN_IDENTITAS_MERCHANT,IDENTITY_MISMATCH
316,Saya memeriksa detail informasi QRIS termasuk NMID dan nama merchant sebelum transfer. Informasi yang tampil di layar HP memang resmi atas nama gerai tersebut.,QRIS_NORMAL_MERCHANT_TERPERCAYA,IDENTITY_MATCH
316,Saya memeriksa detail informasi QRIS termasuk NMID dan nama merchant sebelum transfer. Informasi yang tampil di layar HP malah mengarah ke rekening pribadi orang lain yang tidak dikenal.,KETIDAKSESUAIAN_IDENTITAS_MERCHANT,IDENTITY_MISMATCH
317,"Tadi saya bayar pakai QRIS di Minimarket Barokah. Pembayaran sukses, lalu saat mengecek rincian transaksi di aplikasi, nama merchant yang tercantum cocok dan identik dengan plang nama toko di depan saya.",QRIS_NORMAL_MERCHANT_TERPERCAYA,IDENTITY_MATCH
317,"Tadi saya bayar pakai QRIS di Minimarket Barokah. Pembayaran sukses, lalu saat mengecek rincian transaksi di aplikasi, nama merchant yang tercantum tidak cocok dan berbeda jauh dari plang nama toko di depan saya.",KETIDAKSESUAIAN_IDENTITAS_MERCHANT,IDENTITY_MISMATCH
318,"Kasir di Apotek Sehat Medika mengarahkan untuk scan barcode QRIS. Saya mencocokkan nama usaha pada aplikasi pembayaran dengan nama toko, dan hasilnya identik dengan nama toko dan tidak ada kejanggalan.",QRIS_NORMAL_MERCHANT_TERPERCAYA,IDENTITY_MATCH
318,"Kasir di Apotek Sehat Medika mengarahkan untuk scan barcode QRIS. Saya mencocokkan nama usaha pada aplikasi pembayaran dengan nama toko, dan hasilnya berbeda dari nama toko sehingga menimbulkan kecurigaan.",KETIDAKSESUAIAN_IDENTITAS_MERCHANT,IDENTITY_MISMATCH
319,"Kasir di Kopi Kenangan Senja mengarahkan untuk scan barcode QRIS. Saya mencocokkan nama usaha pada aplikasi pembayaran dengan nama toko, dan hasilnya sama persis dengan nama toko tempat saya berbelanja.",QRIS_NORMAL_MERCHANT_TERPERCAYA,IDENTITY_MATCH
319,"Kasir di Kopi Kenangan Senja mengarahkan untuk scan barcode QRIS. Saya mencocokkan nama usaha pada aplikasi pembayaran dengan nama toko, dan hasilnya berbeda dengan nama toko tempat saya berbelanja.",KETIDAKSESUAIAN_IDENTITAS_MERCHANT,IDENTITY_MISMATCH
320,"Demi keamanan sebelum bayar QRIS, saya memastikan identitas penerima terlebih dahulu. Nama yang terdaftar pada sistem sepenuhnya cocok dengan nama outlet tempat saya belanja.",QRIS_NORMAL_MERCHANT_TERPERCAYA,IDENTITY_MATCH
320,"Demi keamanan sebelum bayar QRIS, saya memastikan identitas penerima terlebih dahulu. Nama yang terdaftar pada sistem justru tidak cocok dan memunculkan nama pribadi asing.",KETIDAKSESUAIAN_IDENTITAS_MERCHANT,IDENTITY_MISMATCH
321,"Saat melakukan transaksi QRIS di meja kasir counter pulsa, saya teliti melihat nama penerima transfer pada e-wallet. Ternyata nama merchant tersebut sama persis dengan nama toko tempat saya berbelanja.",QRIS_NORMAL_MERCHANT_TERPERCAYA,IDENTITY_MATCH
321,"Saat melakukan transaksi QRIS di meja kasir counter pulsa, saya teliti melihat nama penerima transfer pada e-wallet. Ternyata nama merchant tersebut berbeda dengan nama toko tempat saya berbelanja.",KETIDAKSESUAIAN_IDENTITAS_MERCHANT,IDENTITY_MISMATCH
322,"Saat melakukan transaksi QRIS di meja kasir apotek, saya teliti melihat nama penerima transfer pada e-wallet. Ternyata nama merchant tersebut valid dan konsisten dengan identitas resmi merchant.",QRIS_NORMAL_MERCHANT_TERPERCAYA,IDENTITY_MATCH
322,"Saat melakukan transaksi QRIS di meja kasir apotek, saya teliti melihat nama penerima transfer pada e-wallet. Ternyata nama merchant tersebut tidak konsisten dan mengindikasikan rekening pihak ketiga yang mencurigakan.",KETIDAKSESUAIAN_IDENTITAS_MERCHANT,IDENTITY_MISMATCH
323,"Demi keamanan sebelum bayar QRIS, saya memastikan identitas penerima terlebih dahulu. Nama yang terdaftar pada sistem benar-benar sesuai dengan nama tempat usaha yang saya datangi.",QRIS_NORMAL_MERCHANT_TERPERCAYA,IDENTITY_MATCH
323,"Demi keamanan sebelum bayar QRIS, saya memastikan identitas penerima terlebih dahulu. Nama yang terdaftar pada sistem sama sekali tidak sesuai dengan nama tempat usaha yang saya datangi.",KETIDAKSESUAIAN_IDENTITAS_MERCHANT,IDENTITY_MISMATCH
324,Saya memeriksa detail informasi QRIS termasuk NMID dan nama merchant sebelum transfer. Informasi yang tampil di layar HP valid dan konsisten dengan identitas resmi merchant.,QRIS_NORMAL_MERCHANT_TERPERCAYA,IDENTITY_MATCH
324,Saya memeriksa detail informasi QRIS termasuk NMID dan nama merchant sebelum transfer. Informasi yang tampil di layar HP tidak konsisten dan mengindikasikan rekening pihak ketiga yang mencurigakan.,KETIDAKSESUAIAN_IDENTITAS_MERCHANT,IDENTITY_MISMATCH
325,B,QRIS_NORMAL_MERCHANT_TERPERCAYA,IDENTITY_MATCH
325,B,KETIDAKSESUAIAN_IDENTITAS_MERCHANT,IDENTITY_MISMATCH
326,"Tadi saya bayar pakai QRIS di Laundry Wangi Bersih. Pembayaran sukses, lalu saat mengecek rincian transaksi di aplikasi, nama merchant yang tercantum identik dengan nama toko dan tidak ada kejanggalan.",QRIS_NORMAL_MERCHANT_TERPERCAYA,IDENTITY_MATCH
326,"Tadi saya bayar pakai QRIS di Laundry Wangi Bersih. Pembayaran sukses, lalu saat mengecek rincian transaksi di aplikasi, nama merchant yang tercantum berbeda dari nama toko sehingga menimbulkan kecurigaan.",KETIDAKSESUAIAN_IDENTITAS_MERCHANT,IDENTITY_MISMATCH
327,"Kasir di Apotek Sehat Medika mengarahkan untuk scan barcode QRIS. Saya mencocokkan nama usaha pada aplikasi pembayaran dengan nama toko, dan hasilnya valid dan konsisten dengan identitas resmi merchant.",QRIS_NORMAL_MERCHANT_TERPERCAYA,IDENTITY_MATCH
327,"Kasir di Apotek Sehat Medika mengarahkan untuk scan barcode QRIS. Saya mencocokkan nama usaha pada aplikasi pembayaran dengan nama toko, dan hasilnya tidak konsisten dan mengindikasikan rekening pihak ketiga yang mencurigakan.",KETIDAKSESUAIAN_IDENTITAS_MERCHANT,IDENTITY_MISMATCH
328,"Kasir di Ganteng Barbershop mengarahkan untuk scan barcode QRIS. Saya mencocokkan nama usaha pada aplikasi pembayaran dengan nama toko, dan hasilnya benar-benar sesuai dengan nama tempat usaha yang saya datangi.",QRIS_NORMAL_MERCHANT_TERPERCAYA,IDENTITY_MATCH
328,"Kasir di Ganteng Barbershop mengarahkan untuk scan barcode QRIS. Saya mencocokkan nama usaha pada aplikasi pembayaran dengan nama toko, dan hasilnya sama sekali tidak sesuai dengan nama tempat usaha yang saya datangi.",KETIDAKSESUAIAN_IDENTITAS_MERCHANT,IDENTITY_MISMATCH
329,"Kasir di Warung Bu Siti mengarahkan untuk scan barcode QRIS. Saya mencocokkan nama usaha pada aplikasi pembayaran dengan nama toko, dan hasilnya valid dan konsisten dengan identitas resmi merchant.",QRIS_NORMAL_MERCHANT_TERPERCAYA,IDENTITY_MATCH
329,"Kasir di Warung Bu Siti mengarahkan untuk scan barcode QRIS. Saya mencocokkan nama usaha pada aplikasi pembayaran dengan nama toko, dan hasilnya tidak konsisten dan mengindikasikan rekening pihak ketiga yang mencurigakan.",KETIDAKSESUAIAN_IDENTITAS_MERCHANT,IDENTITY_MISMATCH
330,B,QRIS_NORMAL_MERCHANT_TERPERCAYA,IDENTITY_MATCH
330,B,KETIDAKSESUAIAN_IDENTITAS_MERCHANT,IDENTITY_MISMATCH
331,"Tadi saya bayar pakai QRIS di Counter Cahaya Cell. Pembayaran sukses, lalu saat mengecek rincian transaksi di aplikasi, nama merchant yang tercantum sesuai dengan nama usaha yang tertera di kasir.",QRIS_NORMAL_MERCHANT_TERPERCAYA,IDENTITY_MATCH
331,"Tadi saya bayar pakai QRIS di Counter Cahaya Cell. Pembayaran sukses, lalu saat mengecek rincian transaksi di aplikasi, nama merchant yang tercantum tidak sesuai dengan nama usaha yang tertera di kasir.",KETIDAKSESUAIAN_IDENTITAS_MERCHANT,IDENTITY_MISMATCH
332,"Saat melakukan transaksi QRIS di meja kasir kedai bakso, saya teliti melihat nama penerima transfer pada e-wallet. Ternyata nama merchant tersebut benar terdaftar atas nama merchant tersebut.",QRIS_NORMAL_MERCHANT_TERPERCAYA,IDENTITY_MATCH
332,"Saat melakukan transaksi QRIS di meja kasir kedai bakso, saya teliti melihat nama penerima transfer pada e-wallet. Ternyata nama merchant tersebut justru tertera nama merchant lain yang sama sekali berbeda.",KETIDAKSESUAIAN_IDENTITAS_MERCHANT,IDENTITY_MISMATCH
333,"Nominal belanja sudah pas dan saya cek nama merchant di aplikasi pembayaran. Nama penerima identik dengan nama toko dan tidak ada kejanggalan, dan pembayaran selesai lancar.",QRIS_NORMAL_MERCHANT_TERPERCAYA,IDENTITY_MATCH
333,"Nominal belanja sudah pas dan saya cek nama merchant di aplikasi pembayaran. Nama penerima berbeda dari nama toko sehingga menimbulkan kecurigaan, dan pembayaran selesai lancar.",KETIDAKSESUAIAN_IDENTITAS_MERCHANT,IDENTITY_MISMATCH
334,"Demi keamanan sebelum bayar QRIS, saya memastikan identitas penerima terlebih dahulu. Nama yang terdaftar pada sistem benar-benar sesuai dengan nama tempat usaha yang saya datangi.",QRIS_NORMAL_MERCHANT_TERPERCAYA,IDENTITY_MATCH
334,"Demi keamanan sebelum bayar QRIS, saya memastikan identitas penerima terlebih dahulu. Nama yang terdaftar pada sistem sama sekali tidak sesuai dengan nama tempat usaha yang saya datangi.",KETIDAKSESUAIAN_IDENTITAS_MERCHANT,IDENTITY_MISMATCH
335,"Sebelum menekan tombol konfirmasi pembayaran QRIS di stand boba, saya memeriksa nama penerima di layar aplikasi. Hasil pengecekan menunjukkan nama penerima benar terdaftar atas nama merchant tersebut, dan transaksi berhasil diproses.",QRIS_NORMAL_MERCHANT_TERPERCAYA,IDENTITY_MATCH
335,"Sebelum menekan tombol konfirmasi pembayaran QRIS di stand boba, saya memeriksa nama penerima di layar aplikasi. Hasil pengecekan menunjukkan nama penerima justru tertera nama merchant lain yang sama sekali berbeda, dan transaksi berhasil diproses.",KETIDAKSESUAIAN_IDENTITAS_MERCHANT,IDENTITY_MISMATCH
336,Nama merchant yang muncul di aplikasi setelah scan QRIS sepenuhnya cocok dengan nama outlet tempat saya belanja.,QRIS_NORMAL_MERCHANT_TERPERCAYA,IDENTITY_MATCH
336,Nama merchant yang muncul di aplikasi setelah scan QRIS justru tidak cocok dan memunculkan nama pribadi asing.,KETIDAKSESUAIAN_IDENTITAS_MERCHANT,IDENTITY_MISMATCH
337,"Sebelum menekan tombol konfirmasi pembayaran QRIS di minimarket, saya memeriksa nama penerima di layar aplikasi. Hasil pengecekan menunjukkan nama penerima benar-benar sesuai dengan nama tempat usaha yang saya datangi, dan transaksi berhasil diproses.",QRIS_NORMAL_MERCHANT_TERPERCAYA,IDENTITY_MATCH
337,"Sebelum menekan tombol konfirmasi pembayaran QRIS di minimarket, saya memeriksa nama penerima di layar aplikasi. Hasil pengecekan menunjukkan nama penerima sama sekali tidak sesuai dengan nama tempat usaha yang saya datangi, dan transaksi berhasil diproses.",KETIDAKSESUAIAN_IDENTITAS_MERCHANT,IDENTITY_MISMATCH
338,B,QRIS_NORMAL_MERCHANT_TERPERCAYA,IDENTITY_MATCH
338,B,KETIDAKSESUAIAN_IDENTITAS_MERCHANT,IDENTITY_MISMATCH
339,"Saat melakukan transaksi QRIS di meja kasir warung makan, saya teliti melihat nama penerima transfer pada e-wallet. Ternyata nama merchant tersebut sepenuhnya cocok dengan nama outlet tempat saya belanja.",QRIS_NORMAL_MERCHANT_TERPERCAYA,IDENTITY_MATCH
339,"Saat melakukan transaksi QRIS di meja kasir warung makan, saya teliti melihat nama penerima transfer pada e-wallet. Ternyata nama merchant tersebut justru tidak cocok dan memunculkan nama pribadi asing.",KETIDAKSESUAIAN_IDENTITAS_MERCHANT,IDENTITY_MISMATCH
340,"Kasir di Warung Bu Siti mengarahkan untuk scan barcode QRIS. Saya mencocokkan nama usaha pada aplikasi pembayaran dengan nama toko, dan hasilnya sesuai dengan nama usaha yang tertera di kasir.",QRIS_NORMAL_MERCHANT_TERPERCAYA,IDENTITY_MATCH
340,"Kasir di Warung Bu Siti mengarahkan untuk scan barcode QRIS. Saya mencocokkan nama usaha pada aplikasi pembayaran dengan nama toko, dan hasilnya tidak sesuai dengan nama usaha yang tertera di kasir.",KETIDAKSESUAIAN_IDENTITAS_MERCHANT,IDENTITY_MISMATCH
341,"Demi keamanan sebelum bayar QRIS, saya memastikan identitas penerima terlebih dahulu. Nama yang terdaftar pada sistem valid dan konsisten dengan identitas resmi merchant.",QRIS_NORMAL_MERCHANT_TERPERCAYA,IDENTITY_MATCH
341,"Demi keamanan sebelum bayar QRIS, saya memastikan identitas penerima terlebih dahulu. Nama yang terdaftar pada sistem tidak konsisten dan mengindikasikan rekening pihak ketiga yang mencurigakan.",KETIDAKSESUAIAN_IDENTITAS_MERCHANT,IDENTITY_MISMATCH
342,B,QRIS_NORMAL_MERCHANT_TERPERCAYA,IDENTITY_MATCH
342,B,KETIDAKSESUAIAN_IDENTITAS_MERCHANT,IDENTITY_MISMATCH
343,"Demi keamanan sebelum bayar QRIS, saya memastikan identitas penerima terlebih dahulu. Nama yang terdaftar pada sistem benar-benar sesuai dengan nama tempat usaha yang saya datangi.",QRIS_NORMAL_MERCHANT_TERPERCAYA,IDENTITY_MATCH
343,"Demi keamanan sebelum bayar QRIS, saya memastikan identitas penerima terlebih dahulu. Nama yang terdaftar pada sistem sama sekali tidak sesuai dengan nama tempat usaha yang saya datangi.",KETIDAKSESUAIAN_IDENTITAS_MERCHANT,IDENTITY_MISMATCH
344,Nama merchant yang muncul di aplikasi setelah scan QRIS benar terdaftar atas nama merchant tersebut.,QRIS_NORMAL_MERCHANT_TERPERCAYA,IDENTITY_MATCH
344,Nama merchant yang muncul di aplikasi setelah scan QRIS justru tertera nama merchant lain yang sama sekali berbeda.,KETIDAKSESUAIAN_IDENTITAS_MERCHANT,IDENTITY_MISMATCH
345,Nama merchant yang muncul di aplikasi setelah scan QRIS benar-benar sesuai dengan nama tempat usaha yang saya datangi.,QRIS_NORMAL_MERCHANT_TERPERCAYA,IDENTITY_MATCH
345,Nama merchant yang muncul di aplikasi setelah scan QRIS sama sekali tidak sesuai dengan nama tempat usaha yang saya datangi.,KETIDAKSESUAIAN_IDENTITAS_MERCHANT,IDENTITY_MISMATCH
346,"Kasir di Ganteng Barbershop mengarahkan untuk scan barcode QRIS. Saya mencocokkan nama usaha pada aplikasi pembayaran dengan nama toko, dan hasilnya tepat milik toko ini tanpa ada perbedaan sedikit pun.",QRIS_NORMAL_MERCHANT_TERPERCAYA,IDENTITY_MATCH
346,"Kasir di Ganteng Barbershop mengarahkan untuk scan barcode QRIS. Saya mencocokkan nama usaha pada aplikasi pembayaran dengan nama toko, dan hasilnya bukan milik toko ini melainkan atas nama perseorangan.",KETIDAKSESUAIAN_IDENTITAS_MERCHANT,IDENTITY_MISMATCH
347,"Demi keamanan sebelum bayar QRIS, saya memastikan identitas penerima terlebih dahulu. Nama yang terdaftar pada sistem valid dan konsisten dengan identitas resmi merchant.",QRIS_NORMAL_MERCHANT_TERPERCAYA,IDENTITY_MATCH
347,"Demi keamanan sebelum bayar QRIS, saya memastikan identitas penerima terlebih dahulu. Nama yang terdaftar pada sistem tidak konsisten dan mengindikasikan rekening pihak ketiga yang mencurigakan.",KETIDAKSESUAIAN_IDENTITAS_MERCHANT,IDENTITY_MISMATCH
348,"Setelah transaksi QRIS berhasil, saya cek notifikasi dan struk digital di perbankan saya. Nama penerima dana identik dengan nama toko dan tidak ada kejanggalan.",QRIS_NORMAL_MERCHANT_TERPERCAYA,IDENTITY_MATCH
348,"Setelah transaksi QRIS berhasil, saya cek notifikasi dan struk digital di perbankan saya. Nama penerima dana berbeda dari nama toko sehingga menimbulkan kecurigaan.",KETIDAKSESUAIAN_IDENTITAS_MERCHANT,IDENTITY_MISMATCH
349,"Demi keamanan sebelum bayar QRIS, saya memastikan identitas penerima terlebih dahulu. Nama yang terdaftar pada sistem benar-benar sesuai dengan nama tempat usaha yang saya datangi.",QRIS_NORMAL_MERCHANT_TERPERCAYA,IDENTITY_MATCH
349,"Demi keamanan sebelum bayar QRIS, saya memastikan identitas penerima terlebih dahulu. Nama yang terdaftar pada sistem sama sekali tidak sesuai dengan nama tempat usaha yang saya datangi.",KETIDAKSESUAIAN_IDENTITAS_MERCHANT,IDENTITY_MISMATCH
350,"Saat melakukan transaksi QRIS di meja kasir bengkel motor, saya teliti melihat nama penerima transfer pada e-wallet. Ternyata nama merchant tersebut tepat milik toko ini tanpa ada perbedaan sedikit pun.",QRIS_NORMAL_MERCHANT_TERPERCAYA,IDENTITY_MATCH
350,"Saat melakukan transaksi QRIS di meja kasir bengkel motor, saya teliti melihat nama penerima transfer pada e-wallet. Ternyata nama merchant tersebut bukan milik toko ini melainkan atas nama perseorangan.",KETIDAKSESUAIAN_IDENTITAS_MERCHANT,IDENTITY_MISMATCH
351,"Setelah transaksi QRIS berhasil, saya cek notifikasi dan struk digital di perbankan saya. Nama penerima dana identik dengan nama toko dan tidak ada kejanggalan.",QRIS_NORMAL_MERCHANT_TERPERCAYA,IDENTITY_MATCH
351,"Setelah transaksi QRIS berhasil, saya cek notifikasi dan struk digital di perbankan saya. Nama penerima dana berbeda dari nama toko sehingga menimbulkan kecurigaan.",KETIDAKSESUAIAN_IDENTITAS_MERCHANT,IDENTITY_MISMATCH
352,"Sebelum menekan tombol konfirmasi pembayaran QRIS di barbershop, saya memeriksa nama penerima di layar aplikasi. Hasil pengecekan menunjukkan nama penerima identik dengan nama toko dan tidak ada kejanggalan, dan transaksi berhasil diproses.",QRIS_NORMAL_MERCHANT_TERPERCAYA,IDENTITY_MATCH
352,"Sebelum menekan tombol konfirmasi pembayaran QRIS di barbershop, saya memeriksa nama penerima di layar aplikasi. Hasil pengecekan menunjukkan nama penerima berbeda dari nama toko sehingga menimbulkan kecurigaan, dan transaksi berhasil diproses.",KETIDAKSESUAIAN_IDENTITAS_MERCHANT,IDENTITY_MISMATCH
353,"Setelah transaksi QRIS berhasil, saya cek notifikasi dan struk digital di perbankan saya. Nama penerima dana sama persis dengan nama toko tempat saya berbelanja.",QRIS_NORMAL_MERCHANT_TERPERCAYA,IDENTITY_MATCH
353,"Setelah transaksi QRIS berhasil, saya cek notifikasi dan struk digital di perbankan saya. Nama penerima dana berbeda dengan nama toko tempat saya berbelanja.",KETIDAKSESUAIAN_IDENTITAS_MERCHANT,IDENTITY_MISMATCH
354,"Nominal belanja sudah pas dan saya cek nama merchant di aplikasi pembayaran. Nama penerima tepat milik toko ini tanpa ada perbedaan sedikit pun, dan pembayaran selesai lancar.",QRIS_NORMAL_MERCHANT_TERPERCAYA,IDENTITY_MATCH
354,"Nominal belanja sudah pas dan saya cek nama merchant di aplikasi pembayaran. Nama penerima bukan milik toko ini melainkan atas nama perseorangan, dan pembayaran selesai lancar.",KETIDAKSESUAIAN_IDENTITAS_MERCHANT,IDENTITY_MISMATCH
355,"Demi keamanan sebelum bayar QRIS, saya memastikan identitas penerima terlebih dahulu. Nama yang terdaftar pada sistem sesuai dengan nama usaha yang tertera di kasir.",QRIS_NORMAL_MERCHANT_TERPERCAYA,IDENTITY_MATCH
355,"Demi keamanan sebelum bayar QRIS, saya memastikan identitas penerima terlebih dahulu. Nama yang terdaftar pada sistem tidak sesuai dengan nama usaha yang tertera di kasir.",KETIDAKSESUAIAN_IDENTITAS_MERCHANT,IDENTITY_MISMATCH
356,"Sebelum menekan tombol konfirmasi pembayaran QRIS di toko pakaian, saya memeriksa nama penerima di layar aplikasi. Hasil pengecekan menunjukkan nama penerima memang resmi atas nama gerai tersebut, dan transaksi berhasil diproses.",QRIS_NORMAL_MERCHANT_TERPERCAYA,IDENTITY_MATCH
356,"Sebelum menekan tombol konfirmasi pembayaran QRIS di toko pakaian, saya memeriksa nama penerima di layar aplikasi. Hasil pengecekan menunjukkan nama penerima malah mengarah ke rekening pribadi orang lain yang tidak dikenal, dan transaksi berhasil diproses.",KETIDAKSESUAIAN_IDENTITAS_MERCHANT,IDENTITY_MISMATCH
357,"Nominal belanja sudah pas dan saya cek nama merchant di aplikasi pembayaran. Nama penerima cocok dan identik dengan plang nama toko di depan saya, dan pembayaran selesai lancar.",QRIS_NORMAL_MERCHANT_TERPERCAYA,IDENTITY_MATCH
357,"Nominal belanja sudah pas dan saya cek nama merchant di aplikasi pembayaran. Nama penerima tidak cocok dan berbeda jauh dari plang nama toko di depan saya, dan pembayaran selesai lancar.",KETIDAKSESUAIAN_IDENTITAS_MERCHANT,IDENTITY_MISMATCH
358,"Saat melakukan transaksi QRIS di meja kasir toko alat tulis, saya teliti melihat nama penerima transfer pada e-wallet. Ternyata nama merchant tersebut sesuai dengan nama usaha yang tertera di kasir.",QRIS_NORMAL_MERCHANT_TERPERCAYA,IDENTITY_MATCH
358,"Saat melakukan transaksi QRIS di meja kasir toko alat tulis, saya teliti melihat nama penerima transfer pada e-wallet. Ternyata nama merchant tersebut tidak sesuai dengan nama usaha yang tertera di kasir.",KETIDAKSESUAIAN_IDENTITAS_MERCHANT,IDENTITY_MISMATCH
359,"Demi keamanan sebelum bayar QRIS, saya memastikan identitas penerima terlebih dahulu. Nama yang terdaftar pada sistem benar-benar sesuai dengan nama tempat usaha yang saya datangi.",QRIS_NORMAL_MERCHANT_TERPERCAYA,IDENTITY_MATCH
359,"Demi keamanan sebelum bayar QRIS, saya memastikan identitas penerima terlebih dahulu. Nama yang terdaftar pada sistem sama sekali tidak sesuai dengan nama tempat usaha yang saya datangi.",KETIDAKSESUAIAN_IDENTITAS_MERCHANT,IDENTITY_MISMATCH
360,B,QRIS_NORMAL_MERCHANT_TERPERCAYA,IDENTITY_MATCH
360,B,KETIDAKSESUAIAN_IDENTITAS_MERCHANT,IDENTITY_MISMATCH
361,"Kasir di Bakso Super Urat Mas Bejo mengarahkan untuk scan barcode QRIS. Saya mencocokkan nama usaha pada aplikasi pembayaran dengan nama toko, dan hasilnya valid dan konsisten dengan identitas resmi merchant.",QRIS_NORMAL_MERCHANT_TERPERCAYA,IDENTITY_MATCH
361,"Kasir di Bakso Super Urat Mas Bejo mengarahkan untuk scan barcode QRIS. Saya mencocokkan nama usaha pada aplikasi pembayaran dengan nama toko, dan hasilnya tidak konsisten dan mengindikasikan rekening pihak ketiga yang mencurigakan.",KETIDAKSESUAIAN_IDENTITAS_MERCHANT,IDENTITY_MISMATCH
362,"Sebelum menekan tombol konfirmasi pembayaran QRIS di restoran padang, saya memeriksa nama penerima di layar aplikasi. Hasil pengecekan menunjukkan nama penerima identik dengan nama toko dan tidak ada kejanggalan, dan transaksi berhasil diproses.",QRIS_NORMAL_MERCHANT_TERPERCAYA,IDENTITY_MATCH
362,"Sebelum menekan tombol konfirmasi pembayaran QRIS di restoran padang, saya memeriksa nama penerima di layar aplikasi. Hasil pengecekan menunjukkan nama penerima berbeda dari nama toko sehingga menimbulkan kecurigaan, dan transaksi berhasil diproses.",KETIDAKSESUAIAN_IDENTITAS_MERCHANT,IDENTITY_MISMATCH
363,"Tadi saya bayar pakai QRIS di Laundry Wangi Bersih. Pembayaran sukses, lalu saat mengecek rincian transaksi di aplikasi, nama merchant yang tercantum memang resmi atas nama gerai tersebut.",QRIS_NORMAL_MERCHANT_TERPERCAYA,IDENTITY_MATCH
363,"Tadi saya bayar pakai QRIS di Laundry Wangi Bersih. Pembayaran sukses, lalu saat mengecek rincian transaksi di aplikasi, nama merchant yang tercantum malah mengarah ke rekening pribadi orang lain yang tidak dikenal.",KETIDAKSESUAIAN_IDENTITAS_MERCHANT,IDENTITY_MISMATCH
364,"Tadi saya bayar pakai QRIS di Ganteng Barbershop. Pembayaran sukses, lalu saat mengecek rincian transaksi di aplikasi, nama merchant yang tercantum sesuai dengan nama usaha yang tertera di kasir.",QRIS_NORMAL_MERCHANT_TERPERCAYA,IDENTITY_MATCH
364,"Tadi saya bayar pakai QRIS di Ganteng Barbershop. Pembayaran sukses, lalu saat mengecek rincian transaksi di aplikasi, nama merchant yang tercantum tidak sesuai dengan nama usaha yang tertera di kasir.",KETIDAKSESUAIAN_IDENTITAS_MERCHANT,IDENTITY_MISMATCH
365,"Kasir di Kopi Kenangan Senja mengarahkan untuk scan barcode QRIS. Saya mencocokkan nama usaha pada aplikasi pembayaran dengan nama toko, dan hasilnya sesuai dengan nama usaha yang tertera di kasir.",QRIS_NORMAL_MERCHANT_TERPERCAYA,IDENTITY_MATCH
365,"Kasir di Kopi Kenangan Senja mengarahkan untuk scan barcode QRIS. Saya mencocokkan nama usaha pada aplikasi pembayaran dengan nama toko, dan hasilnya tidak sesuai dengan nama usaha yang tertera di kasir.",KETIDAKSESUAIAN_IDENTITAS_MERCHANT,IDENTITY_MISMATCH
366,"Saat melakukan transaksi QRIS di meja kasir toko alat tulis, saya teliti melihat nama penerima transfer pada e-wallet. Ternyata nama merchant tersebut identik dengan nama toko dan tidak ada kejanggalan.",QRIS_NORMAL_MERCHANT_TERPERCAYA,IDENTITY_MATCH
366,"Saat melakukan transaksi QRIS di meja kasir toko alat tulis, saya teliti melihat nama penerima transfer pada e-wallet. Ternyata nama merchant tersebut berbeda dari nama toko sehingga menimbulkan kecurigaan.",KETIDAKSESUAIAN_IDENTITAS_MERCHANT,IDENTITY_MISMATCH
367,"Saat melakukan transaksi QRIS di meja kasir kedai bakso, saya teliti melihat nama penerima transfer pada e-wallet. Ternyata nama merchant tersebut benar terdaftar atas nama merchant tersebut.",QRIS_NORMAL_MERCHANT_TERPERCAYA,IDENTITY_MATCH
367,"Saat melakukan transaksi QRIS di meja kasir kedai bakso, saya teliti melihat nama penerima transfer pada e-wallet. Ternyata nama merchant tersebut justru tertera nama merchant lain yang sama sekali berbeda.",KETIDAKSESUAIAN_IDENTITAS_MERCHANT,IDENTITY_MISMATCH
368,"Demi keamanan sebelum bayar QRIS, saya memastikan identitas penerima terlebih dahulu. Nama yang terdaftar pada sistem sesuai dengan nama usaha yang tertera di kasir.",QRIS_NORMAL_MERCHANT_TERPERCAYA,IDENTITY_MATCH
368,"Demi keamanan sebelum bayar QRIS, saya memastikan identitas penerima terlebih dahulu. Nama yang terdaftar pada sistem tidak sesuai dengan nama usaha yang tertera di kasir.",KETIDAKSESUAIAN_IDENTITAS_MERCHANT,IDENTITY_MISMATCH
369,"Demi keamanan sebelum bayar QRIS, saya memastikan identitas penerima terlebih dahulu. Nama yang terdaftar pada sistem identik dengan nama toko dan tidak ada kejanggalan.",QRIS_NORMAL_MERCHANT_TERPERCAYA,IDENTITY_MATCH
369,"Demi keamanan sebelum bayar QRIS, saya memastikan identitas penerima terlebih dahulu. Nama yang terdaftar pada sistem berbeda dari nama toko sehingga menimbulkan kecurigaan.",KETIDAKSESUAIAN_IDENTITAS_MERCHANT,IDENTITY_MISMATCH
370,"Setelah transaksi QRIS berhasil, saya cek notifikasi dan struk digital di perbankan saya. Nama penerima dana memang resmi atas nama gerai tersebut.",QRIS_NORMAL_MERCHANT_TERPERCAYA,IDENTITY_MATCH
370,"Setelah transaksi QRIS berhasil, saya cek notifikasi dan struk digital di perbankan saya. Nama penerima dana malah mengarah ke rekening pribadi orang lain yang tidak dikenal.",KETIDAKSESUAIAN_IDENTITAS_MERCHANT,IDENTITY_MISMATCH
371,B,QRIS_NORMAL_MERCHANT_TERPERCAYA,IDENTITY_MATCH
371,B,KETIDAKSESUAIAN_IDENTITAS_MERCHANT,IDENTITY_MISMATCH
372,"Kasir di Bakso Super Urat Mas Bejo mengarahkan untuk scan barcode QRIS. Saya mencocokkan nama usaha pada aplikasi pembayaran dengan nama toko, dan hasilnya benar-benar sesuai dengan nama tempat usaha yang saya datangi.",QRIS_NORMAL_MERCHANT_TERPERCAYA,IDENTITY_MATCH
372,"Kasir di Bakso Super Urat Mas Bejo mengarahkan untuk scan barcode QRIS. Saya mencocokkan nama usaha pada aplikasi pembayaran dengan nama toko, dan hasilnya sama sekali tidak sesuai dengan nama tempat usaha yang saya datangi.",KETIDAKSESUAIAN_IDENTITAS_MERCHANT,IDENTITY_MISMATCH
373,"Setelah transaksi QRIS berhasil, saya cek notifikasi dan struk digital di perbankan saya. Nama penerima dana tepat milik toko ini tanpa ada perbedaan sedikit pun.",QRIS_NORMAL_MERCHANT_TERPERCAYA,IDENTITY_MATCH
373,"Setelah transaksi QRIS berhasil, saya cek notifikasi dan struk digital di perbankan saya. Nama penerima dana bukan milik toko ini melainkan atas nama perseorangan.",KETIDAKSESUAIAN_IDENTITAS_MERCHANT,IDENTITY_MISMATCH
374,"Nominal belanja sudah pas dan saya cek nama merchant di aplikasi pembayaran. Nama penerima valid dan konsisten dengan identitas resmi merchant, dan pembayaran selesai lancar.",QRIS_NORMAL_MERCHANT_TERPERCAYA,IDENTITY_MATCH
374,"Nominal belanja sudah pas dan saya cek nama merchant di aplikasi pembayaran. Nama penerima tidak konsisten dan mengindikasikan rekening pihak ketiga yang mencurigakan, dan pembayaran selesai lancar.",KETIDAKSESUAIAN_IDENTITAS_MERCHANT,IDENTITY_MISMATCH
375,"Sebelum menekan tombol konfirmasi pembayaran QRIS di barbershop, saya memeriksa nama penerima di layar aplikasi. Hasil pengecekan menunjukkan nama penerima valid dan konsisten dengan identitas resmi merchant, dan transaksi berhasil diproses.",QRIS_NORMAL_MERCHANT_TERPERCAYA,IDENTITY_MATCH
375,"Sebelum menekan tombol konfirmasi pembayaran QRIS di barbershop, saya memeriksa nama penerima di layar aplikasi. Hasil pengecekan menunjukkan nama penerima tidak konsisten dan mengindikasikan rekening pihak ketiga yang mencurigakan, dan transaksi berhasil diproses.",KETIDAKSESUAIAN_IDENTITAS_MERCHANT,IDENTITY_MISMATCH
376,"Saat melakukan transaksi QRIS di meja kasir kedai bakso, saya teliti melihat nama penerima transfer pada e-wallet. Ternyata nama merchant tersebut sepenuhnya cocok dengan nama outlet tempat saya belanja.",QRIS_NORMAL_MERCHANT_TERPERCAYA,IDENTITY_MATCH
376,"Saat melakukan transaksi QRIS di meja kasir kedai bakso, saya teliti melihat nama penerima transfer pada e-wallet. Ternyata nama merchant tersebut justru tidak cocok dan memunculkan nama pribadi asing.",KETIDAKSESUAIAN_IDENTITAS_MERCHANT,IDENTITY_MISMATCH
377,"Demi keamanan sebelum bayar QRIS, saya memastikan identitas penerima terlebih dahulu. Nama yang terdaftar pada sistem cocok dan identik dengan plang nama toko di depan saya.",QRIS_NORMAL_MERCHANT_TERPERCAYA,IDENTITY_MATCH
377,"Demi keamanan sebelum bayar QRIS, saya memastikan identitas penerima terlebih dahulu. Nama yang terdaftar pada sistem tidak cocok dan berbeda jauh dari plang nama toko di depan saya.",KETIDAKSESUAIAN_IDENTITAS_MERCHANT,IDENTITY_MISMATCH
378,"Nominal belanja sudah pas dan saya cek nama merchant di aplikasi pembayaran. Nama penerima sesuai dengan nama usaha yang tertera di kasir, dan pembayaran selesai lancar.",QRIS_NORMAL_MERCHANT_TERPERCAYA,IDENTITY_MATCH
378,"Nominal belanja sudah pas dan saya cek nama merchant di aplikasi pembayaran. Nama penerima tidak sesuai dengan nama usaha yang tertera di kasir, dan pembayaran selesai lancar.",KETIDAKSESUAIAN_IDENTITAS_MERCHANT,IDENTITY_MISMATCH
379,Nama merchant yang muncul di aplikasi setelah scan QRIS identik dengan nama toko dan tidak ada kejanggalan.,QRIS_NORMAL_MERCHANT_TERPERCAYA,IDENTITY_MATCH
379,Nama merchant yang muncul di aplikasi setelah scan QRIS berbeda dari nama toko sehingga menimbulkan kecurigaan.,KETIDAKSESUAIAN_IDENTITAS_MERCHANT,IDENTITY_MISMATCH
380,"Nominal belanja sudah pas dan saya cek nama merchant di aplikasi pembayaran. Nama penerima benar terdaftar atas nama merchant tersebut, dan pembayaran selesai lancar.",QRIS_NORMAL_MERCHANT_TERPERCAYA,IDENTITY_MATCH
380,"Nominal belanja sudah pas dan saya cek nama merchant di aplikasi pembayaran. Nama penerima justru tertera nama merchant lain yang sama sekali berbeda, dan pembayaran selesai lancar.",KETIDAKSESUAIAN_IDENTITAS_MERCHANT,IDENTITY_MISMATCH
381,Nama merchant yang muncul di aplikasi setelah scan QRIS memang resmi atas nama gerai tersebut.,QRIS_NORMAL_MERCHANT_TERPERCAYA,IDENTITY_MATCH
381,Nama merchant yang muncul di aplikasi setelah scan QRIS malah mengarah ke rekening pribadi orang lain yang tidak dikenal.,KETIDAKSESUAIAN_IDENTITAS_MERCHANT,IDENTITY_MISMATCH
382,Saya memeriksa detail informasi QRIS termasuk NMID dan nama merchant sebelum transfer. Informasi yang tampil di layar HP sepenuhnya cocok dengan nama outlet tempat saya belanja.,QRIS_NORMAL_MERCHANT_TERPERCAYA,IDENTITY_MATCH
382,Saya memeriksa detail informasi QRIS termasuk NMID dan nama merchant sebelum transfer. Informasi yang tampil di layar HP justru tidak cocok dan memunculkan nama pribadi asing.,KETIDAKSESUAIAN_IDENTITAS_MERCHANT,IDENTITY_MISMATCH
383,Saya memeriksa detail informasi QRIS termasuk NMID dan nama merchant sebelum transfer. Informasi yang tampil di layar HP benar terdaftar atas nama merchant tersebut.,QRIS_NORMAL_MERCHANT_TERPERCAYA,IDENTITY_MATCH
383,Saya memeriksa detail informasi QRIS termasuk NMID dan nama merchant sebelum transfer. Informasi yang tampil di layar HP justru tertera nama merchant lain yang sama sekali berbeda.,KETIDAKSESUAIAN_IDENTITAS_MERCHANT,IDENTITY_MISMATCH
384,Nama merchant yang muncul di aplikasi setelah scan QRIS sesuai dengan nama usaha yang tertera di kasir.,QRIS_NORMAL_MERCHANT_TERPERCAYA,IDENTITY_MATCH
384,Nama merchant yang muncul di aplikasi setelah scan QRIS tidak sesuai dengan nama usaha yang tertera di kasir.,KETIDAKSESUAIAN_IDENTITAS_MERCHANT,IDENTITY_MISMATCH
385,"Setelah transaksi QRIS berhasil, saya cek notifikasi dan struk digital di perbankan saya. Nama penerima dana benar terdaftar atas nama merchant tersebut.",QRIS_NORMAL_MERCHANT_TERPERCAYA,IDENTITY_MATCH
385,"Setelah transaksi QRIS berhasil, saya cek notifikasi dan struk digital di perbankan saya. Nama penerima dana justru tertera nama merchant lain yang sama sekali berbeda.",KETIDAKSESUAIAN_IDENTITAS_MERCHANT,IDENTITY_MISMATCH
386,"Kasir di Toko Buah Segar Mandiri mengarahkan untuk scan barcode QRIS. Saya mencocokkan nama usaha pada aplikasi pembayaran dengan nama toko, dan hasilnya sesuai dengan nama usaha yang tertera di kasir.",QRIS_NORMAL_MERCHANT_TERPERCAYA,IDENTITY_MATCH
386,"Kasir di Toko Buah Segar Mandiri mengarahkan untuk scan barcode QRIS. Saya mencocokkan nama usaha pada aplikasi pembayaran dengan nama toko, dan hasilnya tidak sesuai dengan nama usaha yang tertera di kasir.",KETIDAKSESUAIAN_IDENTITAS_MERCHANT,IDENTITY_MISMATCH
387,"Kasir di Warung Bu Siti mengarahkan untuk scan barcode QRIS. Saya mencocokkan nama usaha pada aplikasi pembayaran dengan nama toko, dan hasilnya identik dengan nama toko dan tidak ada kejanggalan.",QRIS_NORMAL_MERCHANT_TERPERCAYA,IDENTITY_MATCH
387,"Kasir di Warung Bu Siti mengarahkan untuk scan barcode QRIS. Saya mencocokkan nama usaha pada aplikasi pembayaran dengan nama toko, dan hasilnya berbeda dari nama toko sehingga menimbulkan kecurigaan.",KETIDAKSESUAIAN_IDENTITAS_MERCHANT,IDENTITY_MISMATCH
388,Nama merchant yang muncul di aplikasi setelah scan QRIS benar-benar sesuai dengan nama tempat usaha yang saya datangi.,QRIS_NORMAL_MERCHANT_TERPERCAYA,IDENTITY_MATCH
388,Nama merchant yang muncul di aplikasi setelah scan QRIS sama sekali tidak sesuai dengan nama tempat usaha yang saya datangi.,KETIDAKSESUAIAN_IDENTITAS_MERCHANT,IDENTITY_MISMATCH
389,"Demi keamanan sebelum bayar QRIS, saya memastikan identitas penerima terlebih dahulu. Nama yang terdaftar pada sistem benar-benar sesuai dengan nama tempat usaha yang saya datangi.",QRIS_NORMAL_MERCHANT_TERPERCAYA,IDENTITY_MATCH
389,"Demi keamanan sebelum bayar QRIS, saya memastikan identitas penerima terlebih dahulu. Nama yang terdaftar pada sistem sama sekali tidak sesuai dengan nama tempat usaha yang saya datangi.",KETIDAKSESUAIAN_IDENTITAS_MERCHANT,IDENTITY_MISMATCH
390,"Demi keamanan sebelum bayar QRIS, saya memastikan identitas penerima terlebih dahulu. Nama yang terdaftar pada sistem sama persis dengan nama toko tempat saya berbelanja.",QRIS_NORMAL_MERCHANT_TERPERCAYA,IDENTITY_MATCH
390,"Demi keamanan sebelum bayar QRIS, saya memastikan identitas penerima terlebih dahulu. Nama yang terdaftar pada sistem berbeda dengan nama toko tempat saya berbelanja.",KETIDAKSESUAIAN_IDENTITAS_MERCHANT,IDENTITY_MISMATCH
391,"Kasir di Bakso Super Urat Mas Bejo mengarahkan untuk scan barcode QRIS. Saya mencocokkan nama usaha pada aplikasi pembayaran dengan nama toko, dan hasilnya benar terdaftar atas nama merchant tersebut.",QRIS_NORMAL_MERCHANT_TERPERCAYA,IDENTITY_MATCH
391,"Kasir di Bakso Super Urat Mas Bejo mengarahkan untuk scan barcode QRIS. Saya mencocokkan nama usaha pada aplikasi pembayaran dengan nama toko, dan hasilnya justru tertera nama merchant lain yang sama sekali berbeda.",KETIDAKSESUAIAN_IDENTITAS_MERCHANT,IDENTITY_MISMATCH
392,"Kasir di Ganteng Barbershop mengarahkan untuk scan barcode QRIS. Saya mencocokkan nama usaha pada aplikasi pembayaran dengan nama toko, dan hasilnya benar-benar sesuai dengan nama tempat usaha yang saya datangi.",QRIS_NORMAL_MERCHANT_TERPERCAYA,IDENTITY_MATCH
392,"Kasir di Ganteng Barbershop mengarahkan untuk scan barcode QRIS. Saya mencocokkan nama usaha pada aplikasi pembayaran dengan nama toko, dan hasilnya sama sekali tidak sesuai dengan nama tempat usaha yang saya datangi.",KETIDAKSESUAIAN_IDENTITAS_MERCHANT,IDENTITY_MISMATCH
393,"Saat melakukan transaksi QRIS di meja kasir counter pulsa, saya teliti melihat nama penerima transfer pada e-wallet. Ternyata nama merchant tersebut tepat milik toko ini tanpa ada perbedaan sedikit pun.",QRIS_NORMAL_MERCHANT_TERPERCAYA,IDENTITY_MATCH
393,"Saat melakukan transaksi QRIS di meja kasir counter pulsa, saya teliti melihat nama penerima transfer pada e-wallet. Ternyata nama merchant tersebut bukan milik toko ini melainkan atas nama perseorangan.",KETIDAKSESUAIAN_IDENTITAS_MERCHANT,IDENTITY_MISMATCH
394,"Setelah transaksi QRIS berhasil, saya cek notifikasi dan struk digital di perbankan saya. Nama penerima dana benar-benar sesuai dengan nama tempat usaha yang saya datangi.",QRIS_NORMAL_MERCHANT_TERPERCAYA,IDENTITY_MATCH
394,"Setelah transaksi QRIS berhasil, saya cek notifikasi dan struk digital di perbankan saya. Nama penerima dana sama sekali tidak sesuai dengan nama tempat usaha yang saya datangi.",KETIDAKSESUAIAN_IDENTITAS_MERCHANT,IDENTITY_MISMATCH
395,Nama merchant yang muncul di aplikasi setelah scan QRIS identik dengan nama toko dan tidak ada kejanggalan.,QRIS_NORMAL_MERCHANT_TERPERCAYA,IDENTITY_MATCH
395,Nama merchant yang muncul di aplikasi setelah scan QRIS berbeda dari nama toko sehingga menimbulkan kecurigaan.,KETIDAKSESUAIAN_IDENTITAS_MERCHANT,IDENTITY_MISMATCH
396,Nama merchant yang muncul di aplikasi setelah scan QRIS sesuai dengan nama usaha yang tertera di kasir.,QRIS_NORMAL_MERCHANT_TERPERCAYA,IDENTITY_MATCH
396,Nama merchant yang muncul di aplikasi setelah scan QRIS tidak sesuai dengan nama usaha yang tertera di kasir.,KETIDAKSESUAIAN_IDENTITAS_MERCHANT,IDENTITY_MISMATCH
397,"Nominal belanja sudah pas dan saya cek nama merchant di aplikasi pembayaran. Nama penerima sama persis dengan nama toko tempat saya berbelanja, dan pembayaran selesai lancar.",QRIS_NORMAL_MERCHANT_TERPERCAYA,IDENTITY_MATCH
397,"Nominal belanja sudah pas dan saya cek nama merchant di aplikasi pembayaran. Nama penerima berbeda dengan nama toko tempat saya berbelanja, dan pembayaran selesai lancar.",KETIDAKSESUAIAN_IDENTITAS_MERCHANT,IDENTITY_MISMATCH
398,"Tadi saya bayar pakai QRIS di Boba Fresh Delight. Pembayaran sukses, lalu saat mengecek rincian transaksi di aplikasi, nama merchant yang tercantum memang resmi atas nama gerai tersebut.",QRIS_NORMAL_MERCHANT_TERPERCAYA,IDENTITY_MATCH
398,"Tadi saya bayar pakai QRIS di Boba Fresh Delight. Pembayaran sukses, lalu saat mengecek rincian transaksi di aplikasi, nama merchant yang tercantum malah mengarah ke rekening pribadi orang lain yang tidak dikenal.",KETIDAKSESUAIAN_IDENTITAS_MERCHANT,IDENTITY_MISMATCH
399,"Saat melakukan transaksi QRIS di meja kasir toko buah, saya teliti melihat nama penerima transfer pada e-wallet. Ternyata nama merchant tersebut memang resmi atas nama gerai tersebut.",QRIS_NORMAL_MERCHANT_TERPERCAYA,IDENTITY_MATCH
399,"Saat melakukan transaksi QRIS di meja kasir toko buah, saya teliti melihat nama penerima transfer pada e-wallet. Ternyata nama merchant tersebut malah mengarah ke rekening pribadi orang lain yang tidak dikenal.",KETIDAKSESUAIAN_IDENTITAS_MERCHANT,IDENTITY_MISMATCH
400,"Tadi saya bayar pakai QRIS di Bakso Super Urat Mas Bejo. Pembayaran sukses, lalu saat mengecek rincian transaksi di aplikasi, nama merchant yang tercantum benar terdaftar atas nama merchant tersebut.",QRIS_NORMAL_MERCHANT_TERPERCAYA,IDENTITY_MATCH
400,"Tadi saya bayar pakai QRIS di Bakso Super Urat Mas Bejo. Pembayaran sukses, lalu saat mengecek rincian transaksi di aplikasi, nama merchant yang tercantum justru tertera nama merchant lain yang sama sekali berbeda.",KETIDAKSESUAIAN_IDENTITAS_MERCHANT,IDENTITY_MISMATCH
401,"Tadi saya bayar pakai QRIS di Kopi Kenangan Senja. Pembayaran sukses, lalu saat mengecek rincian transaksi di aplikasi, nama merchant yang tercantum sesuai dengan nama usaha yang tertera di kasir.",QRIS_NORMAL_MERCHANT_TERPERCAYA,IDENTITY_MATCH
401,"Tadi saya bayar pakai QRIS di Kopi Kenangan Senja. Pembayaran sukses, lalu saat mengecek rincian transaksi di aplikasi, nama merchant yang tercantum tidak sesuai dengan nama usaha yang tertera di kasir.",KETIDAKSESUAIAN_IDENTITAS_MERCHANT,IDENTITY_MISMATCH
402,"Saat melakukan transaksi QRIS di meja kasir toko kelontong, saya teliti melihat nama penerima transfer pada e-wallet. Ternyata nama merchant tersebut sama persis dengan nama toko tempat saya berbelanja.",QRIS_NORMAL_MERCHANT_TERPERCAYA,IDENTITY_MATCH
402,"Saat melakukan transaksi QRIS di meja kasir toko kelontong, saya teliti melihat nama penerima transfer pada e-wallet. Ternyata nama merchant tersebut berbeda dengan nama toko tempat saya berbelanja.",KETIDAKSESUAIAN_IDENTITAS_MERCHANT,IDENTITY_MISMATCH
403,Nama merchant yang muncul di aplikasi setelah scan QRIS sama persis dengan nama toko tempat saya berbelanja.,QRIS_NORMAL_MERCHANT_TERPERCAYA,IDENTITY_MATCH
403,Nama merchant yang muncul di aplikasi setelah scan QRIS berbeda dengan nama toko tempat saya berbelanja.,KETIDAKSESUAIAN_IDENTITAS_MERCHANT,IDENTITY_MISMATCH
404,Nama merchant yang muncul di aplikasi setelah scan QRIS tepat milik toko ini tanpa ada perbedaan sedikit pun.,QRIS_NORMAL_MERCHANT_TERPERCAYA,IDENTITY_MATCH
404,Nama merchant yang muncul di aplikasi setelah scan QRIS bukan milik toko ini melainkan atas nama perseorangan.,KETIDAKSESUAIAN_IDENTITAS_MERCHANT,IDENTITY_MISMATCH
405,"Kasir di Laundry Wangi Bersih mengarahkan untuk scan barcode QRIS. Saya mencocokkan nama usaha pada aplikasi pembayaran dengan nama toko, dan hasilnya memang resmi atas nama gerai tersebut.",QRIS_NORMAL_MERCHANT_TERPERCAYA,IDENTITY_MATCH
405,"Kasir di Laundry Wangi Bersih mengarahkan untuk scan barcode QRIS. Saya mencocokkan nama usaha pada aplikasi pembayaran dengan nama toko, dan hasilnya malah mengarah ke rekening pribadi orang lain yang tidak dikenal.",KETIDAKSESUAIAN_IDENTITAS_MERCHANT,IDENTITY_MISMATCH
406,"Setelah transaksi QRIS berhasil, saya cek notifikasi dan struk digital di perbankan saya. Nama penerima dana sepenuhnya cocok dengan nama outlet tempat saya belanja.",QRIS_NORMAL_MERCHANT_TERPERCAYA,IDENTITY_MATCH
406,"Setelah transaksi QRIS berhasil, saya cek notifikasi dan struk digital di perbankan saya. Nama penerima dana justru tidak cocok dan memunculkan nama pribadi asing.",KETIDAKSESUAIAN_IDENTITAS_MERCHANT,IDENTITY_MISMATCH
407,"Kasir di Toko Buah Segar Mandiri mengarahkan untuk scan barcode QRIS. Saya mencocokkan nama usaha pada aplikasi pembayaran dengan nama toko, dan hasilnya cocok dan identik dengan plang nama toko di depan saya.",QRIS_NORMAL_MERCHANT_TERPERCAYA,IDENTITY_MATCH
407,"Kasir di Toko Buah Segar Mandiri mengarahkan untuk scan barcode QRIS. Saya mencocokkan nama usaha pada aplikasi pembayaran dengan nama toko, dan hasilnya tidak cocok dan berbeda jauh dari plang nama toko di depan saya.",KETIDAKSESUAIAN_IDENTITAS_MERCHANT,IDENTITY_MISMATCH
408,"Tadi saya bayar pakai QRIS di Toko Berkah Jaya. Pembayaran sukses, lalu saat mengecek rincian transaksi di aplikasi, nama merchant yang tercantum sepenuhnya cocok dengan nama outlet tempat saya belanja.",QRIS_NORMAL_MERCHANT_TERPERCAYA,IDENTITY_MATCH
408,"Tadi saya bayar pakai QRIS di Toko Berkah Jaya. Pembayaran sukses, lalu saat mengecek rincian transaksi di aplikasi, nama merchant yang tercantum justru tidak cocok dan memunculkan nama pribadi asing.",KETIDAKSESUAIAN_IDENTITAS_MERCHANT,IDENTITY_MISMATCH
409,"Setelah transaksi QRIS berhasil, saya cek notifikasi dan struk digital di perbankan saya. Nama penerima dana sepenuhnya cocok dengan nama outlet tempat saya belanja.",QRIS_NORMAL_MERCHANT_TERPERCAYA,IDENTITY_MATCH
409,"Setelah transaksi QRIS berhasil, saya cek notifikasi dan struk digital di perbankan saya. Nama penerima dana justru tidak cocok dan memunculkan nama pribadi asing.",KETIDAKSESUAIAN_IDENTITAS_MERCHANT,IDENTITY_MISMATCH
410,Saya memeriksa detail informasi QRIS termasuk NMID dan nama merchant sebelum transfer. Informasi yang tampil di layar HP sesuai dengan nama usaha yang tertera di kasir.,QRIS_NORMAL_MERCHANT_TERPERCAYA,IDENTITY_MATCH
410,Saya memeriksa detail informasi QRIS termasuk NMID dan nama merchant sebelum transfer. Informasi yang tampil di layar HP tidak sesuai dengan nama usaha yang tertera di kasir.,KETIDAKSESUAIAN_IDENTITAS_MERCHANT,IDENTITY_MISMATCH
411,B,QRIS_NORMAL_MERCHANT_TERPERCAYA,IDENTITY_MATCH
411,B,KETIDAKSESUAIAN_IDENTITAS_MERCHANT,IDENTITY_MISMATCH
412,"Demi keamanan sebelum bayar QRIS, saya memastikan identitas penerima terlebih dahulu. Nama yang terdaftar pada sistem valid dan konsisten dengan identitas resmi merchant.",QRIS_NORMAL_MERCHANT_TERPERCAYA,IDENTITY_MATCH
412,"Demi keamanan sebelum bayar QRIS, saya memastikan identitas penerima terlebih dahulu. Nama yang terdaftar pada sistem tidak konsisten dan mengindikasikan rekening pihak ketiga yang mencurigakan.",KETIDAKSESUAIAN_IDENTITAS_MERCHANT,IDENTITY_MISMATCH
413,"Saat melakukan transaksi QRIS di meja kasir counter pulsa, saya teliti melihat nama penerima transfer pada e-wallet. Ternyata nama merchant tersebut sama persis dengan nama toko tempat saya berbelanja.",QRIS_NORMAL_MERCHANT_TERPERCAYA,IDENTITY_MATCH
413,"Saat melakukan transaksi QRIS di meja kasir counter pulsa, saya teliti melihat nama penerima transfer pada e-wallet. Ternyata nama merchant tersebut berbeda dengan nama toko tempat saya berbelanja.",KETIDAKSESUAIAN_IDENTITAS_MERCHANT,IDENTITY_MISMATCH
414,"Demi keamanan sebelum bayar QRIS, saya memastikan identitas penerima terlebih dahulu. Nama yang terdaftar pada sistem valid dan konsisten dengan identitas resmi merchant.",QRIS_NORMAL_MERCHANT_TERPERCAYA,IDENTITY_MATCH
414,"Demi keamanan sebelum bayar QRIS, saya memastikan identitas penerima terlebih dahulu. Nama yang terdaftar pada sistem tidak konsisten dan mengindikasikan rekening pihak ketiga yang mencurigakan.",KETIDAKSESUAIAN_IDENTITAS_MERCHANT,IDENTITY_MISMATCH
415,"Nominal belanja sudah pas dan saya cek nama merchant di aplikasi pembayaran. Nama penerima cocok dan identik dengan plang nama toko di depan saya, dan pembayaran selesai lancar.",QRIS_NORMAL_MERCHANT_TERPERCAYA,IDENTITY_MATCH
415,"Nominal belanja sudah pas dan saya cek nama merchant di aplikasi pembayaran. Nama penerima tidak cocok dan berbeda jauh dari plang nama toko di depan saya, dan pembayaran selesai lancar.",KETIDAKSESUAIAN_IDENTITAS_MERCHANT,IDENTITY_MISMATCH
416,"Demi keamanan sebelum bayar QRIS, saya memastikan identitas penerima terlebih dahulu. Nama yang terdaftar pada sistem tepat milik toko ini tanpa ada perbedaan sedikit pun.",QRIS_NORMAL_MERCHANT_TERPERCAYA,IDENTITY_MATCH
416,"Demi keamanan sebelum bayar QRIS, saya memastikan identitas penerima terlebih dahulu. Nama yang terdaftar pada sistem bukan milik toko ini melainkan atas nama perseorangan.",KETIDAKSESUAIAN_IDENTITAS_MERCHANT,IDENTITY_MISMATCH
417,"Saat melakukan transaksi QRIS di meja kasir stand boba, saya teliti melihat nama penerima transfer pada e-wallet. Ternyata nama merchant tersebut benar terdaftar atas nama merchant tersebut.",QRIS_NORMAL_MERCHANT_TERPERCAYA,IDENTITY_MATCH
417,"Saat melakukan transaksi QRIS di meja kasir stand boba, saya teliti melihat nama penerima transfer pada e-wallet. Ternyata nama merchant tersebut justru tertera nama merchant lain yang sama sekali berbeda.",KETIDAKSESUAIAN_IDENTITAS_MERCHANT,IDENTITY_MISMATCH
418,"Saat melakukan transaksi QRIS di meja kasir kedai bakso, saya teliti melihat nama penerima transfer pada e-wallet. Ternyata nama merchant tersebut sesuai dengan nama usaha yang tertera di kasir.",QRIS_NORMAL_MERCHANT_TERPERCAYA,IDENTITY_MATCH
418,"Saat melakukan transaksi QRIS di meja kasir kedai bakso, saya teliti melihat nama penerima transfer pada e-wallet. Ternyata nama merchant tersebut tidak sesuai dengan nama usaha yang tertera di kasir.",KETIDAKSESUAIAN_IDENTITAS_MERCHANT,IDENTITY_MISMATCH
419,"Saat melakukan transaksi QRIS di meja kasir barbershop, saya teliti melihat nama penerima transfer pada e-wallet. Ternyata nama merchant tersebut memang resmi atas nama gerai tersebut.",QRIS_NORMAL_MERCHANT_TERPERCAYA,IDENTITY_MATCH
419,"Saat melakukan transaksi QRIS di meja kasir barbershop, saya teliti melihat nama penerima transfer pada e-wallet. Ternyata nama merchant tersebut malah mengarah ke rekening pribadi orang lain yang tidak dikenal.",KETIDAKSESUAIAN_IDENTITAS_MERCHANT,IDENTITY_MISMATCH
420,"Demi keamanan sebelum bayar QRIS, saya memastikan identitas penerima terlebih dahulu. Nama yang terdaftar pada sistem benar-benar sesuai dengan nama tempat usaha yang saya datangi.",QRIS_NORMAL_MERCHANT_TERPERCAYA,IDENTITY_MATCH
420,"Demi keamanan sebelum bayar QRIS, saya memastikan identitas penerima terlebih dahulu. Nama yang terdaftar pada sistem sama sekali tidak sesuai dengan nama tempat usaha yang saya datangi.",KETIDAKSESUAIAN_IDENTITAS_MERCHANT,IDENTITY_MISMATCH
421,"Setelah transaksi QRIS berhasil, saya cek notifikasi dan struk digital di perbankan saya. Nama penerima dana sepenuhnya cocok dengan nama outlet tempat saya belanja.",QRIS_NORMAL_MERCHANT_TERPERCAYA,IDENTITY_MATCH
421,"Setelah transaksi QRIS berhasil, saya cek notifikasi dan struk digital di perbankan saya. Nama penerima dana justru tidak cocok dan memunculkan nama pribadi asing.",KETIDAKSESUAIAN_IDENTITAS_MERCHANT,IDENTITY_MISMATCH
422,B,QRIS_NORMAL_MERCHANT_TERPERCAYA,IDENTITY_MATCH
422,B,KETIDAKSESUAIAN_IDENTITAS_MERCHANT,IDENTITY_MISMATCH
423,"Saat melakukan transaksi QRIS di meja kasir kedai bakso, saya teliti melihat nama penerima transfer pada e-wallet. Ternyata nama merchant tersebut sama persis dengan nama toko tempat saya berbelanja.",QRIS_NORMAL_MERCHANT_TERPERCAYA,IDENTITY_MATCH
423,"Saat melakukan transaksi QRIS di meja kasir kedai bakso, saya teliti melihat nama penerima transfer pada e-wallet. Ternyata nama merchant tersebut berbeda dengan nama toko tempat saya berbelanja.",KETIDAKSESUAIAN_IDENTITAS_MERCHANT,IDENTITY_MISMATCH
424,"Setelah transaksi QRIS berhasil, saya cek notifikasi dan struk digital di perbankan saya. Nama penerima dana valid dan konsisten dengan identitas resmi merchant.",QRIS_NORMAL_MERCHANT_TERPERCAYA,IDENTITY_MATCH
424,"Setelah transaksi QRIS berhasil, saya cek notifikasi dan struk digital di perbankan saya. Nama penerima dana tidak konsisten dan mengindikasikan rekening pihak ketiga yang mencurigakan.",KETIDAKSESUAIAN_IDENTITAS_MERCHANT,IDENTITY_MISMATCH
425,B,QRIS_NORMAL_MERCHANT_TERPERCAYA,IDENTITY_MATCH
425,B,KETIDAKSESUAIAN_IDENTITAS_MERCHANT,IDENTITY_MISMATCH
426,B,QRIS_NORMAL_MERCHANT_TERPERCAYA,IDENTITY_MATCH
426,B,KETIDAKSESUAIAN_IDENTITAS_MERCHANT,IDENTITY_MISMATCH
427,"Saat melakukan transaksi QRIS di meja kasir barbershop, saya teliti melihat nama penerima transfer pada e-wallet. Ternyata nama merchant tersebut memang resmi atas nama gerai tersebut.",QRIS_NORMAL_MERCHANT_TERPERCAYA,IDENTITY_MATCH
427,"Saat melakukan transaksi QRIS di meja kasir barbershop, saya teliti melihat nama penerima transfer pada e-wallet. Ternyata nama merchant tersebut malah mengarah ke rekening pribadi orang lain yang tidak dikenal.",KETIDAKSESUAIAN_IDENTITAS_MERCHANT,IDENTITY_MISMATCH
428,Nama merchant yang muncul di aplikasi setelah scan QRIS memang resmi atas nama gerai tersebut.,QRIS_NORMAL_MERCHANT_TERPERCAYA,IDENTITY_MATCH
428,Nama merchant yang muncul di aplikasi setelah scan QRIS malah mengarah ke rekening pribadi orang lain yang tidak dikenal.,KETIDAKSESUAIAN_IDENTITAS_MERCHANT,IDENTITY_MISMATCH
429,Saya memeriksa detail informasi QRIS termasuk NMID dan nama merchant sebelum transfer. Informasi yang tampil di layar HP sepenuhnya cocok dengan nama outlet tempat saya belanja.,QRIS_NORMAL_MERCHANT_TERPERCAYA,IDENTITY_MATCH
429,Saya memeriksa detail informasi QRIS termasuk NMID dan nama merchant sebelum transfer. Informasi yang tampil di layar HP justru tidak cocok dan memunculkan nama pribadi asing.,KETIDAKSESUAIAN_IDENTITAS_MERCHANT,IDENTITY_MISMATCH
430,"Kasir di Minimarket Barokah mengarahkan untuk scan barcode QRIS. Saya mencocokkan nama usaha pada aplikasi pembayaran dengan nama toko, dan hasilnya benar-benar sesuai dengan nama tempat usaha yang saya datangi.",QRIS_NORMAL_MERCHANT_TERPERCAYA,IDENTITY_MATCH
430,"Kasir di Minimarket Barokah mengarahkan untuk scan barcode QRIS. Saya mencocokkan nama usaha pada aplikasi pembayaran dengan nama toko, dan hasilnya sama sekali tidak sesuai dengan nama tempat usaha yang saya datangi.",KETIDAKSESUAIAN_IDENTITAS_MERCHANT,IDENTITY_MISMATCH
431,"Sebelum menekan tombol konfirmasi pembayaran QRIS di toko alat tulis, saya memeriksa nama penerima di layar aplikasi. Hasil pengecekan menunjukkan nama penerima valid dan konsisten dengan identitas resmi merchant, dan transaksi berhasil diproses.",QRIS_NORMAL_MERCHANT_TERPERCAYA,IDENTITY_MATCH
431,"Sebelum menekan tombol konfirmasi pembayaran QRIS di toko alat tulis, saya memeriksa nama penerima di layar aplikasi. Hasil pengecekan menunjukkan nama penerima tidak konsisten dan mengindikasikan rekening pihak ketiga yang mencurigakan, dan transaksi berhasil diproses.",KETIDAKSESUAIAN_IDENTITAS_MERCHANT,IDENTITY_MISMATCH
432,"Demi keamanan sebelum bayar QRIS, saya memastikan identitas penerima terlebih dahulu. Nama yang terdaftar pada sistem sama persis dengan nama toko tempat saya berbelanja.",QRIS_NORMAL_MERCHANT_TERPERCAYA,IDENTITY_MATCH
432,"Demi keamanan sebelum bayar QRIS, saya memastikan identitas penerima terlebih dahulu. Nama yang terdaftar pada sistem berbeda dengan nama toko tempat saya berbelanja.",KETIDAKSESUAIAN_IDENTITAS_MERCHANT,IDENTITY_MISMATCH
433,Nama merchant yang muncul di aplikasi setelah scan QRIS cocok dan identik dengan plang nama toko di depan saya.,QRIS_NORMAL_MERCHANT_TERPERCAYA,IDENTITY_MATCH
433,Nama merchant yang muncul di aplikasi setelah scan QRIS tidak cocok dan berbeda jauh dari plang nama toko di depan saya.,KETIDAKSESUAIAN_IDENTITAS_MERCHANT,IDENTITY_MISMATCH
434,"Saat melakukan transaksi QRIS di meja kasir kedai kopi, saya teliti melihat nama penerima transfer pada e-wallet. Ternyata nama merchant tersebut tepat milik toko ini tanpa ada perbedaan sedikit pun.",QRIS_NORMAL_MERCHANT_TERPERCAYA,IDENTITY_MATCH
434,"Saat melakukan transaksi QRIS di meja kasir kedai kopi, saya teliti melihat nama penerima transfer pada e-wallet. Ternyata nama merchant tersebut bukan milik toko ini melainkan atas nama perseorangan.",KETIDAKSESUAIAN_IDENTITAS_MERCHANT,IDENTITY_MISMATCH
435,"Setelah transaksi QRIS berhasil, saya cek notifikasi dan struk digital di perbankan saya. Nama penerima dana cocok dan identik dengan plang nama toko di depan saya.",QRIS_NORMAL_MERCHANT_TERPERCAYA,IDENTITY_MATCH
435,"Setelah transaksi QRIS berhasil, saya cek notifikasi dan struk digital di perbankan saya. Nama penerima dana tidak cocok dan berbeda jauh dari plang nama toko di depan saya.",KETIDAKSESUAIAN_IDENTITAS_MERCHANT,IDENTITY_MISMATCH
436,"Kasir di Apotek Sehat Medika mengarahkan untuk scan barcode QRIS. Saya mencocokkan nama usaha pada aplikasi pembayaran dengan nama toko, dan hasilnya identik dengan nama toko dan tidak ada kejanggalan.",QRIS_NORMAL_MERCHANT_TERPERCAYA,IDENTITY_MATCH
436,"Kasir di Apotek Sehat Medika mengarahkan untuk scan barcode QRIS. Saya mencocokkan nama usaha pada aplikasi pembayaran dengan nama toko, dan hasilnya berbeda dari nama toko sehingga menimbulkan kecurigaan.",KETIDAKSESUAIAN_IDENTITAS_MERCHANT,IDENTITY_MISMATCH
437,Nama merchant yang muncul di aplikasi setelah scan QRIS identik dengan nama toko dan tidak ada kejanggalan.,QRIS_NORMAL_MERCHANT_TERPERCAYA,IDENTITY_MATCH
437,Nama merchant yang muncul di aplikasi setelah scan QRIS berbeda dari nama toko sehingga menimbulkan kecurigaan.,KETIDAKSESUAIAN_IDENTITAS_MERCHANT,IDENTITY_MISMATCH
438,"Saat melakukan transaksi QRIS di meja kasir restoran padang, saya teliti melihat nama penerima transfer pada e-wallet. Ternyata nama merchant tersebut cocok dan identik dengan plang nama toko di depan saya.",QRIS_NORMAL_MERCHANT_TERPERCAYA,IDENTITY_MATCH
438,"Saat melakukan transaksi QRIS di meja kasir restoran padang, saya teliti melihat nama penerima transfer pada e-wallet. Ternyata nama merchant tersebut tidak cocok dan berbeda jauh dari plang nama toko di depan saya.",KETIDAKSESUAIAN_IDENTITAS_MERCHANT,IDENTITY_MISMATCH
439,"Demi keamanan sebelum bayar QRIS, saya memastikan identitas penerima terlebih dahulu. Nama yang terdaftar pada sistem valid dan konsisten dengan identitas resmi merchant.",QRIS_NORMAL_MERCHANT_TERPERCAYA,IDENTITY_MATCH
439,"Demi keamanan sebelum bayar QRIS, saya memastikan identitas penerima terlebih dahulu. Nama yang terdaftar pada sistem tidak konsisten dan mengindikasikan rekening pihak ketiga yang mencurigakan.",KETIDAKSESUAIAN_IDENTITAS_MERCHANT,IDENTITY_MISMATCH
440,Nama merchant yang muncul di aplikasi setelah scan QRIS benar-benar sesuai dengan nama tempat usaha yang saya datangi.,QRIS_NORMAL_MERCHANT_TERPERCAYA,IDENTITY_MATCH
440,Nama merchant yang muncul di aplikasi setelah scan QRIS sama sekali tidak sesuai dengan nama tempat usaha yang saya datangi.,KETIDAKSESUAIAN_IDENTITAS_MERCHANT,IDENTITY_MISMATCH
441,"Tadi saya bayar pakai QRIS di Counter Cahaya Cell. Pembayaran sukses, lalu saat mengecek rincian transaksi di aplikasi, nama merchant yang tercantum cocok dan identik dengan plang nama toko di depan saya.",QRIS_NORMAL_MERCHANT_TERPERCAYA,IDENTITY_MATCH
441,"Tadi saya bayar pakai QRIS di Counter Cahaya Cell. Pembayaran sukses, lalu saat mengecek rincian transaksi di aplikasi, nama merchant yang tercantum tidak cocok dan berbeda jauh dari plang nama toko di depan saya.",KETIDAKSESUAIAN_IDENTITAS_MERCHANT,IDENTITY_MISMATCH
442,Saya memeriksa detail informasi QRIS termasuk NMID dan nama merchant sebelum transfer. Informasi yang tampil di layar HP benar terdaftar atas nama merchant tersebut.,QRIS_NORMAL_MERCHANT_TERPERCAYA,IDENTITY_MATCH
442,Saya memeriksa detail informasi QRIS termasuk NMID dan nama merchant sebelum transfer. Informasi yang tampil di layar HP justru tertera nama merchant lain yang sama sekali berbeda.,KETIDAKSESUAIAN_IDENTITAS_MERCHANT,IDENTITY_MISMATCH
443,"Nominal belanja sudah pas dan saya cek nama merchant di aplikasi pembayaran. Nama penerima tepat milik toko ini tanpa ada perbedaan sedikit pun, dan pembayaran selesai lancar.",QRIS_NORMAL_MERCHANT_TERPERCAYA,IDENTITY_MATCH
443,"Nominal belanja sudah pas dan saya cek nama merchant di aplikasi pembayaran. Nama penerima bukan milik toko ini melainkan atas nama perseorangan, dan pembayaran selesai lancar.",KETIDAKSESUAIAN_IDENTITAS_MERCHANT,IDENTITY_MISMATCH
444,"Setelah transaksi QRIS berhasil, saya cek notifikasi dan struk digital di perbankan saya. Nama penerima dana sama persis dengan nama toko tempat saya berbelanja.",QRIS_NORMAL_MERCHANT_TERPERCAYA,IDENTITY_MATCH
444,"Setelah transaksi QRIS berhasil, saya cek notifikasi dan struk digital di perbankan saya. Nama penerima dana berbeda dengan nama toko tempat saya berbelanja.",KETIDAKSESUAIAN_IDENTITAS_MERCHANT,IDENTITY_MISMATCH
445,"Nominal belanja sudah pas dan saya cek nama merchant di aplikasi pembayaran. Nama penerima benar-benar sesuai dengan nama tempat usaha yang saya datangi, dan pembayaran selesai lancar.",QRIS_NORMAL_MERCHANT_TERPERCAYA,IDENTITY_MATCH
445,"Nominal belanja sudah pas dan saya cek nama merchant di aplikasi pembayaran. Nama penerima sama sekali tidak sesuai dengan nama tempat usaha yang saya datangi, dan pembayaran selesai lancar.",KETIDAKSESUAIAN_IDENTITAS_MERCHANT,IDENTITY_MISMATCH
446,Nama merchant yang muncul di aplikasi setelah scan QRIS valid dan konsisten dengan identitas resmi merchant.,QRIS_NORMAL_MERCHANT_TERPERCAYA,IDENTITY_MATCH
446,Nama merchant yang muncul di aplikasi setelah scan QRIS tidak konsisten dan mengindikasikan rekening pihak ketiga yang mencurigakan.,KETIDAKSESUAIAN_IDENTITAS_MERCHANT,IDENTITY_MISMATCH
447,"Setelah transaksi QRIS berhasil, saya cek notifikasi dan struk digital di perbankan saya. Nama penerima dana tepat milik toko ini tanpa ada perbedaan sedikit pun.",QRIS_NORMAL_MERCHANT_TERPERCAYA,IDENTITY_MATCH
447,"Setelah transaksi QRIS berhasil, saya cek notifikasi dan struk digital di perbankan saya. Nama penerima dana bukan milik toko ini melainkan atas nama perseorangan.",KETIDAKSESUAIAN_IDENTITAS_MERCHANT,IDENTITY_MISMATCH
448,Saya memeriksa detail informasi QRIS termasuk NMID dan nama merchant sebelum transfer. Informasi yang tampil di layar HP sesuai dengan nama usaha yang tertera di kasir.,QRIS_NORMAL_MERCHANT_TERPERCAYA,IDENTITY_MATCH
448,Saya memeriksa detail informasi QRIS termasuk NMID dan nama merchant sebelum transfer. Informasi yang tampil di layar HP tidak sesuai dengan nama usaha yang tertera di kasir.,KETIDAKSESUAIAN_IDENTITAS_MERCHANT,IDENTITY_MISMATCH
449,B,QRIS_NORMAL_MERCHANT_TERPERCAYA,IDENTITY_MATCH
449,B,KETIDAKSESUAIAN_IDENTITAS_MERCHANT,IDENTITY_MISMATCH
450,B,QRIS_NORMAL_MERCHANT_TERPERCAYA,IDENTITY_MATCH
450,B,KETIDAKSESUAIAN_IDENTITAS_MERCHANT,IDENTITY_MISMATCH
451,"Tadi saya bayar pakai QRIS di Toko Buah Segar Mandiri. Pembayaran sukses, lalu saat mengecek rincian transaksi di aplikasi, nama merchant yang tercantum sesuai dengan nama usaha yang tertera di kasir.",QRIS_NORMAL_MERCHANT_TERPERCAYA,IDENTITY_MATCH
451,"Tadi saya bayar pakai QRIS di Toko Buah Segar Mandiri. Pembayaran sukses, lalu saat mengecek rincian transaksi di aplikasi, nama merchant yang tercantum tidak sesuai dengan nama usaha yang tertera di kasir.",KETIDAKSESUAIAN_IDENTITAS_MERCHANT,IDENTITY_MISMATCH
452,"Saat melakukan transaksi QRIS di meja kasir toko alat tulis, saya teliti melihat nama penerima transfer pada e-wallet. Ternyata nama merchant tersebut benar terdaftar atas nama merchant tersebut.",QRIS_NORMAL_MERCHANT_TERPERCAYA,IDENTITY_MATCH
452,"Saat melakukan transaksi QRIS di meja kasir toko alat tulis, saya teliti melihat nama penerima transfer pada e-wallet. Ternyata nama merchant tersebut justru tertera nama merchant lain yang sama sekali berbeda.",KETIDAKSESUAIAN_IDENTITAS_MERCHANT,IDENTITY_MISMATCH
453,"Kasir di Kopi Kenangan Senja mengarahkan untuk scan barcode QRIS. Saya mencocokkan nama usaha pada aplikasi pembayaran dengan nama toko, dan hasilnya sama persis dengan nama toko tempat saya berbelanja.",QRIS_NORMAL_MERCHANT_TERPERCAYA,IDENTITY_MATCH
453,"Kasir di Kopi Kenangan Senja mengarahkan untuk scan barcode QRIS. Saya mencocokkan nama usaha pada aplikasi pembayaran dengan nama toko, dan hasilnya berbeda dengan nama toko tempat saya berbelanja.",KETIDAKSESUAIAN_IDENTITAS_MERCHANT,IDENTITY_MISMATCH
454,"Saat melakukan transaksi QRIS di meja kasir warung makan, saya teliti melihat nama penerima transfer pada e-wallet. Ternyata nama merchant tersebut sesuai dengan nama usaha yang tertera di kasir.",QRIS_NORMAL_MERCHANT_TERPERCAYA,IDENTITY_MATCH
454,"Saat melakukan transaksi QRIS di meja kasir warung makan, saya teliti melihat nama penerima transfer pada e-wallet. Ternyata nama merchant tersebut tidak sesuai dengan nama usaha yang tertera di kasir.",KETIDAKSESUAIAN_IDENTITAS_MERCHANT,IDENTITY_MISMATCH
455,"Tadi saya bayar pakai QRIS di Kopi Kenangan Senja. Pembayaran sukses, lalu saat mengecek rincian transaksi di aplikasi, nama merchant yang tercantum memang resmi atas nama gerai tersebut.",QRIS_NORMAL_MERCHANT_TERPERCAYA,IDENTITY_MATCH
455,"Tadi saya bayar pakai QRIS di Kopi Kenangan Senja. Pembayaran sukses, lalu saat mengecek rincian transaksi di aplikasi, nama merchant yang tercantum malah mengarah ke rekening pribadi orang lain yang tidak dikenal.",KETIDAKSESUAIAN_IDENTITAS_MERCHANT,IDENTITY_MISMATCH
456,"Nominal belanja sudah pas dan saya cek nama merchant di aplikasi pembayaran. Nama penerima cocok dan identik dengan plang nama toko di depan saya, dan pembayaran selesai lancar.",QRIS_NORMAL_MERCHANT_TERPERCAYA,IDENTITY_MATCH
456,"Nominal belanja sudah pas dan saya cek nama merchant di aplikasi pembayaran. Nama penerima tidak cocok dan berbeda jauh dari plang nama toko di depan saya, dan pembayaran selesai lancar.",KETIDAKSESUAIAN_IDENTITAS_MERCHANT,IDENTITY_MISMATCH
457,"Demi keamanan sebelum bayar QRIS, saya memastikan identitas penerima terlebih dahulu. Nama yang terdaftar pada sistem tepat milik toko ini tanpa ada perbedaan sedikit pun.",QRIS_NORMAL_MERCHANT_TERPERCAYA,IDENTITY_MATCH
457,"Demi keamanan sebelum bayar QRIS, saya memastikan identitas penerima terlebih dahulu. Nama yang terdaftar pada sistem bukan milik toko ini melainkan atas nama perseorangan.",KETIDAKSESUAIAN_IDENTITAS_MERCHANT,IDENTITY_MISMATCH
458,"Nominal belanja sudah pas dan saya cek nama merchant di aplikasi pembayaran. Nama penerima benar terdaftar atas nama merchant tersebut, dan pembayaran selesai lancar.",QRIS_NORMAL_MERCHANT_TERPERCAYA,IDENTITY_MATCH
458,"Nominal belanja sudah pas dan saya cek nama merchant di aplikasi pembayaran. Nama penerima justru tertera nama merchant lain yang sama sekali berbeda, dan pembayaran selesai lancar.",KETIDAKSESUAIAN_IDENTITAS_MERCHANT,IDENTITY_MISMATCH
459,"Kasir di Boba Fresh Delight mengarahkan untuk scan barcode QRIS. Saya mencocokkan nama usaha pada aplikasi pembayaran dengan nama toko, dan hasilnya benar terdaftar atas nama merchant tersebut.",QRIS_NORMAL_MERCHANT_TERPERCAYA,IDENTITY_MATCH
459,"Kasir di Boba Fresh Delight mengarahkan untuk scan barcode QRIS. Saya mencocokkan nama usaha pada aplikasi pembayaran dengan nama toko, dan hasilnya justru tertera nama merchant lain yang sama sekali berbeda.",KETIDAKSESUAIAN_IDENTITAS_MERCHANT,IDENTITY_MISMATCH
460,"Tadi saya bayar pakai QRIS di Toko Buah Segar Mandiri. Pembayaran sukses, lalu saat mengecek rincian transaksi di aplikasi, nama merchant yang tercantum sesuai dengan nama usaha yang tertera di kasir.",QRIS_NORMAL_MERCHANT_TERPERCAYA,IDENTITY_MATCH
460,"Tadi saya bayar pakai QRIS di Toko Buah Segar Mandiri. Pembayaran sukses, lalu saat mengecek rincian transaksi di aplikasi, nama merchant yang tercantum tidak sesuai dengan nama usaha yang tertera di kasir.",KETIDAKSESUAIAN_IDENTITAS_MERCHANT,IDENTITY_MISMATCH
461,"Setelah transaksi QRIS berhasil, saya cek notifikasi dan struk digital di perbankan saya. Nama penerima dana valid dan konsisten dengan identitas resmi merchant.",QRIS_NORMAL_MERCHANT_TERPERCAYA,IDENTITY_MATCH
461,"Setelah transaksi QRIS berhasil, saya cek notifikasi dan struk digital di perbankan saya. Nama penerima dana tidak konsisten dan mengindikasikan rekening pihak ketiga yang mencurigakan.",KETIDAKSESUAIAN_IDENTITAS_MERCHANT,IDENTITY_MISMATCH
462,Nama merchant yang muncul di aplikasi setelah scan QRIS memang resmi atas nama gerai tersebut.,QRIS_NORMAL_MERCHANT_TERPERCAYA,IDENTITY_MATCH
462,Nama merchant yang muncul di aplikasi setelah scan QRIS malah mengarah ke rekening pribadi orang lain yang tidak dikenal.,KETIDAKSESUAIAN_IDENTITAS_MERCHANT,IDENTITY_MISMATCH
463,"Demi keamanan sebelum bayar QRIS, saya memastikan identitas penerima terlebih dahulu. Nama yang terdaftar pada sistem memang resmi atas nama gerai tersebut.",QRIS_NORMAL_MERCHANT_TERPERCAYA,IDENTITY_MATCH
463,"Demi keamanan sebelum bayar QRIS, saya memastikan identitas penerima terlebih dahulu. Nama yang terdaftar pada sistem malah mengarah ke rekening pribadi orang lain yang tidak dikenal.",KETIDAKSESUAIAN_IDENTITAS_MERCHANT,IDENTITY_MISMATCH
464,Nama merchant yang muncul di aplikasi setelah scan QRIS benar-benar sesuai dengan nama tempat usaha yang saya datangi.,QRIS_NORMAL_MERCHANT_TERPERCAYA,IDENTITY_MATCH
464,Nama merchant yang muncul di aplikasi setelah scan QRIS sama sekali tidak sesuai dengan nama tempat usaha yang saya datangi.,KETIDAKSESUAIAN_IDENTITAS_MERCHANT,IDENTITY_MISMATCH
465,Nama merchant yang muncul di aplikasi setelah scan QRIS identik dengan nama toko dan tidak ada kejanggalan.,QRIS_NORMAL_MERCHANT_TERPERCAYA,IDENTITY_MATCH
465,Nama merchant yang muncul di aplikasi setelah scan QRIS berbeda dari nama toko sehingga menimbulkan kecurigaan.,KETIDAKSESUAIAN_IDENTITAS_MERCHANT,IDENTITY_MISMATCH
466,Nama merchant yang muncul di aplikasi setelah scan QRIS sama persis dengan nama toko tempat saya berbelanja.,QRIS_NORMAL_MERCHANT_TERPERCAYA,IDENTITY_MATCH
466,Nama merchant yang muncul di aplikasi setelah scan QRIS berbeda dengan nama toko tempat saya berbelanja.,KETIDAKSESUAIAN_IDENTITAS_MERCHANT,IDENTITY_MISMATCH
467,"Saat melakukan transaksi QRIS di meja kasir laundry, saya teliti melihat nama penerima transfer pada e-wallet. Ternyata nama merchant tersebut memang resmi atas nama gerai tersebut.",QRIS_NORMAL_MERCHANT_TERPERCAYA,IDENTITY_MATCH
467,"Saat melakukan transaksi QRIS di meja kasir laundry, saya teliti melihat nama penerima transfer pada e-wallet. Ternyata nama merchant tersebut malah mengarah ke rekening pribadi orang lain yang tidak dikenal.",KETIDAKSESUAIAN_IDENTITAS_MERCHANT,IDENTITY_MISMATCH
468,"Demi keamanan sebelum bayar QRIS, saya memastikan identitas penerima terlebih dahulu. Nama yang terdaftar pada sistem benar-benar sesuai dengan nama tempat usaha yang saya datangi.",QRIS_NORMAL_MERCHANT_TERPERCAYA,IDENTITY_MATCH
468,"Demi keamanan sebelum bayar QRIS, saya memastikan identitas penerima terlebih dahulu. Nama yang terdaftar pada sistem sama sekali tidak sesuai dengan nama tempat usaha yang saya datangi.",KETIDAKSESUAIAN_IDENTITAS_MERCHANT,IDENTITY_MISMATCH
469,Saya memeriksa detail informasi QRIS termasuk NMID dan nama merchant sebelum transfer. Informasi yang tampil di layar HP sepenuhnya cocok dengan nama outlet tempat saya belanja.,QRIS_NORMAL_MERCHANT_TERPERCAYA,IDENTITY_MATCH
469,Saya memeriksa detail informasi QRIS termasuk NMID dan nama merchant sebelum transfer. Informasi yang tampil di layar HP justru tidak cocok dan memunculkan nama pribadi asing.,KETIDAKSESUAIAN_IDENTITAS_MERCHANT,IDENTITY_MISMATCH
470,"Sebelum menekan tombol konfirmasi pembayaran QRIS di warung makan, saya memeriksa nama penerima di layar aplikasi. Hasil pengecekan menunjukkan nama penerima tepat milik toko ini tanpa ada perbedaan sedikit pun, dan transaksi berhasil diproses.",QRIS_NORMAL_MERCHANT_TERPERCAYA,IDENTITY_MATCH
470,"Sebelum menekan tombol konfirmasi pembayaran QRIS di warung makan, saya memeriksa nama penerima di layar aplikasi. Hasil pengecekan menunjukkan nama penerima bukan milik toko ini melainkan atas nama perseorangan, dan transaksi berhasil diproses.",KETIDAKSESUAIAN_IDENTITAS_MERCHANT,IDENTITY_MISMATCH
471,"Kasir di Apotek Sehat Medika mengarahkan untuk scan barcode QRIS. Saya mencocokkan nama usaha pada aplikasi pembayaran dengan nama toko, dan hasilnya sepenuhnya cocok dengan nama outlet tempat saya belanja.",QRIS_NORMAL_MERCHANT_TERPERCAYA,IDENTITY_MATCH
471,"Kasir di Apotek Sehat Medika mengarahkan untuk scan barcode QRIS. Saya mencocokkan nama usaha pada aplikasi pembayaran dengan nama toko, dan hasilnya justru tidak cocok dan memunculkan nama pribadi asing.",KETIDAKSESUAIAN_IDENTITAS_MERCHANT,IDENTITY_MISMATCH
472,"Tadi saya bayar pakai QRIS di Apotek Sehat Medika. Pembayaran sukses, lalu saat mengecek rincian transaksi di aplikasi, nama merchant yang tercantum identik dengan nama toko dan tidak ada kejanggalan.",QRIS_NORMAL_MERCHANT_TERPERCAYA,IDENTITY_MATCH
472,"Tadi saya bayar pakai QRIS di Apotek Sehat Medika. Pembayaran sukses, lalu saat mengecek rincian transaksi di aplikasi, nama merchant yang tercantum berbeda dari nama toko sehingga menimbulkan kecurigaan.",KETIDAKSESUAIAN_IDENTITAS_MERCHANT,IDENTITY_MISMATCH
473,B,QRIS_NORMAL_MERCHANT_TERPERCAYA,IDENTITY_MATCH
473,B,KETIDAKSESUAIAN_IDENTITAS_MERCHANT,IDENTITY_MISMATCH
474,Saya memeriksa detail informasi QRIS termasuk NMID dan nama merchant sebelum transfer. Informasi yang tampil di layar HP tepat milik toko ini tanpa ada perbedaan sedikit pun.,QRIS_NORMAL_MERCHANT_TERPERCAYA,IDENTITY_MATCH
474,Saya memeriksa detail informasi QRIS termasuk NMID dan nama merchant sebelum transfer. Informasi yang tampil di layar HP bukan milik toko ini melainkan atas nama perseorangan.,KETIDAKSESUAIAN_IDENTITAS_MERCHANT,IDENTITY_MISMATCH
475,"Kasir di Fashion Style Boutique mengarahkan untuk scan barcode QRIS. Saya mencocokkan nama usaha pada aplikasi pembayaran dengan nama toko, dan hasilnya sepenuhnya cocok dengan nama outlet tempat saya belanja.",QRIS_NORMAL_MERCHANT_TERPERCAYA,IDENTITY_MATCH
475,"Kasir di Fashion Style Boutique mengarahkan untuk scan barcode QRIS. Saya mencocokkan nama usaha pada aplikasi pembayaran dengan nama toko, dan hasilnya justru tidak cocok dan memunculkan nama pribadi asing.",KETIDAKSESUAIAN_IDENTITAS_MERCHANT,IDENTITY_MISMATCH
476,"Saat melakukan transaksi QRIS di meja kasir warung makan, saya teliti melihat nama penerima transfer pada e-wallet. Ternyata nama merchant tersebut cocok dan identik dengan plang nama toko di depan saya.",QRIS_NORMAL_MERCHANT_TERPERCAYA,IDENTITY_MATCH
476,"Saat melakukan transaksi QRIS di meja kasir warung makan, saya teliti melihat nama penerima transfer pada e-wallet. Ternyata nama merchant tersebut tidak cocok dan berbeda jauh dari plang nama toko di depan saya.",KETIDAKSESUAIAN_IDENTITAS_MERCHANT,IDENTITY_MISMATCH
477,"Nominal belanja sudah pas dan saya cek nama merchant di aplikasi pembayaran. Nama penerima valid dan konsisten dengan identitas resmi merchant, dan pembayaran selesai lancar.",QRIS_NORMAL_MERCHANT_TERPERCAYA,IDENTITY_MATCH
477,"Nominal belanja sudah pas dan saya cek nama merchant di aplikasi pembayaran. Nama penerima tidak konsisten dan mengindikasikan rekening pihak ketiga yang mencurigakan, dan pembayaran selesai lancar.",KETIDAKSESUAIAN_IDENTITAS_MERCHANT,IDENTITY_MISMATCH
478,"Kasir di Fashion Style Boutique mengarahkan untuk scan barcode QRIS. Saya mencocokkan nama usaha pada aplikasi pembayaran dengan nama toko, dan hasilnya benar-benar sesuai dengan nama tempat usaha yang saya datangi.",QRIS_NORMAL_MERCHANT_TERPERCAYA,IDENTITY_MATCH
478,"Kasir di Fashion Style Boutique mengarahkan untuk scan barcode QRIS. Saya mencocokkan nama usaha pada aplikasi pembayaran dengan nama toko, dan hasilnya sama sekali tidak sesuai dengan nama tempat usaha yang saya datangi.",KETIDAKSESUAIAN_IDENTITAS_MERCHANT,IDENTITY_MISMATCH
479,"Sebelum menekan tombol konfirmasi pembayaran QRIS di toko buah, saya memeriksa nama penerima di layar aplikasi. Hasil pengecekan menunjukkan nama penerima cocok dan identik dengan plang nama toko di depan saya, dan transaksi berhasil diproses.",QRIS_NORMAL_MERCHANT_TERPERCAYA,IDENTITY_MATCH
479,"Sebelum menekan tombol konfirmasi pembayaran QRIS di toko buah, saya memeriksa nama penerima di layar aplikasi. Hasil pengecekan menunjukkan nama penerima tidak cocok dan berbeda jauh dari plang nama toko di depan saya, dan transaksi berhasil diproses.",KETIDAKSESUAIAN_IDENTITAS_MERCHANT,IDENTITY_MISMATCH
480,Nama merchant yang muncul di aplikasi setelah scan QRIS memang resmi atas nama gerai tersebut.,QRIS_NORMAL_MERCHANT_TERPERCAYA,IDENTITY_MATCH
480,Nama merchant yang muncul di aplikasi setelah scan QRIS malah mengarah ke rekening pribadi orang lain yang tidak dikenal.,KETIDAKSESUAIAN_IDENTITAS_MERCHANT,IDENTITY_MISMATCH
481,Nama merchant yang muncul di aplikasi setelah scan QRIS sama persis dengan nama toko tempat saya berbelanja.,QRIS_NORMAL_MERCHANT_TERPERCAYA,IDENTITY_MATCH
481,Nama merchant yang muncul di aplikasi setelah scan QRIS berbeda dengan nama toko tempat saya berbelanja.,KETIDAKSESUAIAN_IDENTITAS_MERCHANT,IDENTITY_MISMATCH
482,"Saat melakukan transaksi QRIS di meja kasir toko kelontong, saya teliti melihat nama penerima transfer pada e-wallet. Ternyata nama merchant tersebut sama persis dengan nama toko tempat saya berbelanja.",QRIS_NORMAL_MERCHANT_TERPERCAYA,IDENTITY_MATCH
482,"Saat melakukan transaksi QRIS di meja kasir toko kelontong, saya teliti melihat nama penerima transfer pada e-wallet. Ternyata nama merchant tersebut berbeda dengan nama toko tempat saya berbelanja.",KETIDAKSESUAIAN_IDENTITAS_MERCHANT,IDENTITY_MISMATCH
483,"Setelah transaksi QRIS berhasil, saya cek notifikasi dan struk digital di perbankan saya. Nama penerima dana identik dengan nama toko dan tidak ada kejanggalan.",QRIS_NORMAL_MERCHANT_TERPERCAYA,IDENTITY_MATCH
483,"Setelah transaksi QRIS berhasil, saya cek notifikasi dan struk digital di perbankan saya. Nama penerima dana berbeda dari nama toko sehingga menimbulkan kecurigaan.",KETIDAKSESUAIAN_IDENTITAS_MERCHANT,IDENTITY_MISMATCH
484,"Tadi saya bayar pakai QRIS di Kopi Kenangan Senja. Pembayaran sukses, lalu saat mengecek rincian transaksi di aplikasi, nama merchant yang tercantum sesuai dengan nama usaha yang tertera di kasir.",QRIS_NORMAL_MERCHANT_TERPERCAYA,IDENTITY_MATCH
484,"Tadi saya bayar pakai QRIS di Kopi Kenangan Senja. Pembayaran sukses, lalu saat mengecek rincian transaksi di aplikasi, nama merchant yang tercantum tidak sesuai dengan nama usaha yang tertera di kasir.",KETIDAKSESUAIAN_IDENTITAS_MERCHANT,IDENTITY_MISMATCH
485,Nama merchant yang muncul di aplikasi setelah scan QRIS identik dengan nama toko dan tidak ada kejanggalan.,QRIS_NORMAL_MERCHANT_TERPERCAYA,IDENTITY_MATCH
485,Nama merchant yang muncul di aplikasi setelah scan QRIS berbeda dari nama toko sehingga menimbulkan kecurigaan.,KETIDAKSESUAIAN_IDENTITAS_MERCHANT,IDENTITY_MISMATCH
486,"Tadi saya bayar pakai QRIS di Boba Fresh Delight. Pembayaran sukses, lalu saat mengecek rincian transaksi di aplikasi, nama merchant yang tercantum sesuai dengan nama usaha yang tertera di kasir.",QRIS_NORMAL_MERCHANT_TERPERCAYA,IDENTITY_MATCH
486,"Tadi saya bayar pakai QRIS di Boba Fresh Delight. Pembayaran sukses, lalu saat mengecek rincian transaksi di aplikasi, nama merchant yang tercantum tidak sesuai dengan nama usaha yang tertera di kasir.",KETIDAKSESUAIAN_IDENTITAS_MERCHANT,IDENTITY_MISMATCH
487,Saya memeriksa detail informasi QRIS termasuk NMID dan nama merchant sebelum transfer. Informasi yang tampil di layar HP sepenuhnya cocok dengan nama outlet tempat saya belanja.,QRIS_NORMAL_MERCHANT_TERPERCAYA,IDENTITY_MATCH
487,Saya memeriksa detail informasi QRIS termasuk NMID dan nama merchant sebelum transfer. Informasi yang tampil di layar HP justru tidak cocok dan memunculkan nama pribadi asing.,KETIDAKSESUAIAN_IDENTITAS_MERCHANT,IDENTITY_MISMATCH
488,"Nominal belanja sudah pas dan saya cek nama merchant di aplikasi pembayaran. Nama penerima valid dan konsisten dengan identitas resmi merchant, dan pembayaran selesai lancar.",QRIS_NORMAL_MERCHANT_TERPERCAYA,IDENTITY_MATCH
488,"Nominal belanja sudah pas dan saya cek nama merchant di aplikasi pembayaran. Nama penerima tidak konsisten dan mengindikasikan rekening pihak ketiga yang mencurigakan, dan pembayaran selesai lancar.",KETIDAKSESUAIAN_IDENTITAS_MERCHANT,IDENTITY_MISMATCH
489,"Sebelum menekan tombol konfirmasi pembayaran QRIS di counter pulsa, saya memeriksa nama penerima di layar aplikasi. Hasil pengecekan menunjukkan nama penerima sama persis dengan nama toko tempat saya berbelanja, dan transaksi berhasil diproses.",QRIS_NORMAL_MERCHANT_TERPERCAYA,IDENTITY_MATCH
489,"Sebelum menekan tombol konfirmasi pembayaran QRIS di counter pulsa, saya memeriksa nama penerima di layar aplikasi. Hasil pengecekan menunjukkan nama penerima berbeda dengan nama toko tempat saya berbelanja, dan transaksi berhasil diproses.",KETIDAKSESUAIAN_IDENTITAS_MERCHANT,IDENTITY_MISMATCH
490,"Setelah transaksi QRIS berhasil, saya cek notifikasi dan struk digital di perbankan saya. Nama penerima dana benar terdaftar atas nama merchant tersebut.",QRIS_NORMAL_MERCHANT_TERPERCAYA,IDENTITY_MATCH
490,"Setelah transaksi QRIS berhasil, saya cek notifikasi dan struk digital di perbankan saya. Nama penerima dana justru tertera nama merchant lain yang sama sekali berbeda.",KETIDAKSESUAIAN_IDENTITAS_MERCHANT,IDENTITY_MISMATCH
491,"Tadi saya bayar pakai QRIS di Toko Buah Segar Mandiri. Pembayaran sukses, lalu saat mengecek rincian transaksi di aplikasi, nama merchant yang tercantum sesuai dengan nama usaha yang tertera di kasir.",QRIS_NORMAL_MERCHANT_TERPERCAYA,IDENTITY_MATCH
491,"Tadi saya bayar pakai QRIS di Toko Buah Segar Mandiri. Pembayaran sukses, lalu saat mengecek rincian transaksi di aplikasi, nama merchant yang tercantum tidak sesuai dengan nama usaha yang tertera di kasir.",KETIDAKSESUAIAN_IDENTITAS_MERCHANT,IDENTITY_MISMATCH
492,"Demi keamanan sebelum bayar QRIS, saya memastikan identitas penerima terlebih dahulu. Nama yang terdaftar pada sistem benar-benar sesuai dengan nama tempat usaha yang saya datangi.",QRIS_NORMAL_MERCHANT_TERPERCAYA,IDENTITY_MATCH
492,"Demi keamanan sebelum bayar QRIS, saya memastikan identitas penerima terlebih dahulu. Nama yang terdaftar pada sistem sama sekali tidak sesuai dengan nama tempat usaha yang saya datangi.",KETIDAKSESUAIAN_IDENTITAS_MERCHANT,IDENTITY_MISMATCH
493,"Tadi saya bayar pakai QRIS di Toko Buku Gemilang. Pembayaran sukses, lalu saat mengecek rincian transaksi di aplikasi, nama merchant yang tercantum tepat milik toko ini tanpa ada perbedaan sedikit pun.",QRIS_NORMAL_MERCHANT_TERPERCAYA,IDENTITY_MATCH
493,"Tadi saya bayar pakai QRIS di Toko Buku Gemilang. Pembayaran sukses, lalu saat mengecek rincian transaksi di aplikasi, nama merchant yang tercantum bukan milik toko ini melainkan atas nama perseorangan.",KETIDAKSESUAIAN_IDENTITAS_MERCHANT,IDENTITY_MISMATCH
494,"Kasir di Boba Fresh Delight mengarahkan untuk scan barcode QRIS. Saya mencocokkan nama usaha pada aplikasi pembayaran dengan nama toko, dan hasilnya benar-benar sesuai dengan nama tempat usaha yang saya datangi.",QRIS_NORMAL_MERCHANT_TERPERCAYA,IDENTITY_MATCH
494,"Kasir di Boba Fresh Delight mengarahkan untuk scan barcode QRIS. Saya mencocokkan nama usaha pada aplikasi pembayaran dengan nama toko, dan hasilnya sama sekali tidak sesuai dengan nama tempat usaha yang saya datangi.",KETIDAKSESUAIAN_IDENTITAS_MERCHANT,IDENTITY_MISMATCH
495,"Saat melakukan transaksi QRIS di meja kasir toko kelontong, saya teliti melihat nama penerima transfer pada e-wallet. Ternyata nama merchant tersebut sepenuhnya cocok dengan nama outlet tempat saya belanja.",QRIS_NORMAL_MERCHANT_TERPERCAYA,IDENTITY_MATCH
495,"Saat melakukan transaksi QRIS di meja kasir toko kelontong, saya teliti melihat nama penerima transfer pada e-wallet. Ternyata nama merchant tersebut justru tidak cocok dan memunculkan nama pribadi asing.",KETIDAKSESUAIAN_IDENTITAS_MERCHANT,IDENTITY_MISMATCH
496,B,QRIS_NORMAL_MERCHANT_TERPERCAYA,IDENTITY_MATCH
496,B,KETIDAKSESUAIAN_IDENTITAS_MERCHANT,IDENTITY_MISMATCH
497,Nama merchant yang muncul di aplikasi setelah scan QRIS benar terdaftar atas nama merchant tersebut.,QRIS_NORMAL_MERCHANT_TERPERCAYA,IDENTITY_MATCH
497,Nama merchant yang muncul di aplikasi setelah scan QRIS justru tertera nama merchant lain yang sama sekali berbeda.,KETIDAKSESUAIAN_IDENTITAS_MERCHANT,IDENTITY_MISMATCH
498,"Nominal belanja sudah pas dan saya cek nama merchant di aplikasi pembayaran. Nama penerima valid dan konsisten dengan identitas resmi merchant, dan pembayaran selesai lancar.",QRIS_NORMAL_MERCHANT_TERPERCAYA,IDENTITY_MATCH
498,"Nominal belanja sudah pas dan saya cek nama merchant di aplikasi pembayaran. Nama penerima tidak konsisten dan mengindikasikan rekening pihak ketiga yang mencurigakan, dan pembayaran selesai lancar.",KETIDAKSESUAIAN_IDENTITAS_MERCHANT,IDENTITY_MISMATCH
499,"Nominal belanja sudah pas dan saya cek nama merchant di aplikasi pembayaran. Nama penerima sepenuhnya cocok dengan nama outlet tempat saya belanja, dan pembayaran selesai lancar.",QRIS_NORMAL_MERCHANT_TERPERCAYA,IDENTITY_MATCH
499,"Nominal belanja sudah pas dan saya cek nama merchant di aplikasi pembayaran. Nama penerima justru tidak cocok dan memunculkan nama pribadi asing, dan pembayaran selesai lancar.",KETIDAKSESUAIAN_IDENTITAS_MERCHANT,IDENTITY_MISMATCH
500,"Tadi saya bayar pakai QRIS di Laundry Wangi Bersih. Pembayaran sukses, lalu saat mengecek rincian transaksi di aplikasi, nama merchant yang tercantum benar-benar sesuai dengan nama tempat usaha yang saya datangi.",QRIS_NORMAL_MERCHANT_TERPERCAYA,IDENTITY_MATCH
500,"Tadi saya bayar pakai QRIS di Laundry Wangi Bersih. Pembayaran sukses, lalu saat mengecek rincian transaksi di aplikasi, nama merchant yang tercantum sama sekali tidak sesuai dengan nama tempat usaha yang saya datangi.",KETIDAKSESUAIAN_IDENTITAS_MERCHANT,IDENTITY_MISMATCH
501,"Nominal belanja sudah pas dan saya cek nama merchant di aplikasi pembayaran. Nama penerima memang resmi atas nama gerai tersebut, dan pembayaran selesai lancar.",QRIS_NORMAL_MERCHANT_TERPERCAYA,IDENTITY_MATCH
501,"Nominal belanja sudah pas dan saya cek nama merchant di aplikasi pembayaran. Nama penerima malah mengarah ke rekening pribadi orang lain yang tidak dikenal, dan pembayaran selesai lancar.",KETIDAKSESUAIAN_IDENTITAS_MERCHANT,IDENTITY_MISMATCH
502,"Demi keamanan sebelum bayar QRIS, saya memastikan identitas penerima terlebih dahulu. Nama yang terdaftar pada sistem memang resmi atas nama gerai tersebut.",QRIS_NORMAL_MERCHANT_TERPERCAYA,IDENTITY_MATCH
502,"Demi keamanan sebelum bayar QRIS, saya memastikan identitas penerima terlebih dahulu. Nama yang terdaftar pada sistem malah mengarah ke rekening pribadi orang lain yang tidak dikenal.",KETIDAKSESUAIAN_IDENTITAS_MERCHANT,IDENTITY_MISMATCH
503,Nama merchant yang muncul di aplikasi setelah scan QRIS sesuai dengan nama usaha yang tertera di kasir.,QRIS_NORMAL_MERCHANT_TERPERCAYA,IDENTITY_MATCH
503,Nama merchant yang muncul di aplikasi setelah scan QRIS tidak sesuai dengan nama usaha yang tertera di kasir.,KETIDAKSESUAIAN_IDENTITAS_MERCHANT,IDENTITY_MISMATCH
504,"Setelah transaksi QRIS berhasil, saya cek notifikasi dan struk digital di perbankan saya. Nama penerima dana benar-benar sesuai dengan nama tempat usaha yang saya datangi.",QRIS_NORMAL_MERCHANT_TERPERCAYA,IDENTITY_MATCH
504,"Setelah transaksi QRIS berhasil, saya cek notifikasi dan struk digital di perbankan saya. Nama penerima dana sama sekali tidak sesuai dengan nama tempat usaha yang saya datangi.",KETIDAKSESUAIAN_IDENTITAS_MERCHANT,IDENTITY_MISMATCH
505,"Setelah transaksi QRIS berhasil, saya cek notifikasi dan struk digital di perbankan saya. Nama penerima dana tepat milik toko ini tanpa ada perbedaan sedikit pun.",QRIS_NORMAL_MERCHANT_TERPERCAYA,IDENTITY_MATCH
505,"Setelah transaksi QRIS berhasil, saya cek notifikasi dan struk digital di perbankan saya. Nama penerima dana bukan milik toko ini melainkan atas nama perseorangan.",KETIDAKSESUAIAN_IDENTITAS_MERCHANT,IDENTITY_MISMATCH
506,"Saat melakukan transaksi QRIS di meja kasir toko buah, saya teliti melihat nama penerima transfer pada e-wallet. Ternyata nama merchant tersebut tepat milik toko ini tanpa ada perbedaan sedikit pun.",QRIS_NORMAL_MERCHANT_TERPERCAYA,IDENTITY_MATCH
506,"Saat melakukan transaksi QRIS di meja kasir toko buah, saya teliti melihat nama penerima transfer pada e-wallet. Ternyata nama merchant tersebut bukan milik toko ini melainkan atas nama perseorangan.",KETIDAKSESUAIAN_IDENTITAS_MERCHANT,IDENTITY_MISMATCH
507,"Demi keamanan sebelum bayar QRIS, saya memastikan identitas penerima terlebih dahulu. Nama yang terdaftar pada sistem benar-benar sesuai dengan nama tempat usaha yang saya datangi.",QRIS_NORMAL_MERCHANT_TERPERCAYA,IDENTITY_MATCH
507,"Demi keamanan sebelum bayar QRIS, saya memastikan identitas penerima terlebih dahulu. Nama yang terdaftar pada sistem sama sekali tidak sesuai dengan nama tempat usaha yang saya datangi.",KETIDAKSESUAIAN_IDENTITAS_MERCHANT,IDENTITY_MISMATCH
508,"Tadi saya bayar pakai QRIS di Kopi Kenangan Senja. Pembayaran sukses, lalu saat mengecek rincian transaksi di aplikasi, nama merchant yang tercantum benar-benar sesuai dengan nama tempat usaha yang saya datangi.",QRIS_NORMAL_MERCHANT_TERPERCAYA,IDENTITY_MATCH
508,"Tadi saya bayar pakai QRIS di Kopi Kenangan Senja. Pembayaran sukses, lalu saat mengecek rincian transaksi di aplikasi, nama merchant yang tercantum sama sekali tidak sesuai dengan nama tempat usaha yang saya datangi.",KETIDAKSESUAIAN_IDENTITAS_MERCHANT,IDENTITY_MISMATCH
509,"Tadi saya bayar pakai QRIS di Laundry Wangi Bersih. Pembayaran sukses, lalu saat mengecek rincian transaksi di aplikasi, nama merchant yang tercantum tepat milik toko ini tanpa ada perbedaan sedikit pun.",QRIS_NORMAL_MERCHANT_TERPERCAYA,IDENTITY_MATCH
509,"Tadi saya bayar pakai QRIS di Laundry Wangi Bersih. Pembayaran sukses, lalu saat mengecek rincian transaksi di aplikasi, nama merchant yang tercantum bukan milik toko ini melainkan atas nama perseorangan.",KETIDAKSESUAIAN_IDENTITAS_MERCHANT,IDENTITY_MISMATCH
510,"Kasir di Fashion Style Boutique mengarahkan untuk scan barcode QRIS. Saya mencocokkan nama usaha pada aplikasi pembayaran dengan nama toko, dan hasilnya identik dengan nama toko dan tidak ada kejanggalan.",QRIS_NORMAL_MERCHANT_TERPERCAYA,IDENTITY_MATCH
510,"Kasir di Fashion Style Boutique mengarahkan untuk scan barcode QRIS. Saya mencocokkan nama usaha pada aplikasi pembayaran dengan nama toko, dan hasilnya berbeda dari nama toko sehingga menimbulkan kecurigaan.",KETIDAKSESUAIAN_IDENTITAS_MERCHANT,IDENTITY_MISMATCH
511,B,QRIS_NORMAL_MERCHANT_TERPERCAYA,IDENTITY_MATCH
511,B,KETIDAKSESUAIAN_IDENTITAS_MERCHANT,IDENTITY_MISMATCH
512,Nama merchant yang muncul di aplikasi setelah scan QRIS benar-benar sesuai dengan nama tempat usaha yang saya datangi.,QRIS_NORMAL_MERCHANT_TERPERCAYA,IDENTITY_MATCH
512,Nama merchant yang muncul di aplikasi setelah scan QRIS sama sekali tidak sesuai dengan nama tempat usaha yang saya datangi.,KETIDAKSESUAIAN_IDENTITAS_MERCHANT,IDENTITY_MISMATCH
513,Nama merchant yang muncul di aplikasi setelah scan QRIS benar terdaftar atas nama merchant tersebut.,QRIS_NORMAL_MERCHANT_TERPERCAYA,IDENTITY_MATCH
513,Nama merchant yang muncul di aplikasi setelah scan QRIS justru tertera nama merchant lain yang sama sekali berbeda.,KETIDAKSESUAIAN_IDENTITAS_MERCHANT,IDENTITY_MISMATCH
514,"Sebelum menekan tombol konfirmasi pembayaran QRIS di barbershop, saya memeriksa nama penerima di layar aplikasi. Hasil pengecekan menunjukkan nama penerima valid dan konsisten dengan identitas resmi merchant, dan transaksi berhasil diproses.",QRIS_NORMAL_MERCHANT_TERPERCAYA,IDENTITY_MATCH
514,"Sebelum menekan tombol konfirmasi pembayaran QRIS di barbershop, saya memeriksa nama penerima di layar aplikasi. Hasil pengecekan menunjukkan nama penerima tidak konsisten dan mengindikasikan rekening pihak ketiga yang mencurigakan, dan transaksi berhasil diproses.",KETIDAKSESUAIAN_IDENTITAS_MERCHANT,IDENTITY_MISMATCH
515,"Saat melakukan transaksi QRIS di meja kasir stand boba, saya teliti melihat nama penerima transfer pada e-wallet. Ternyata nama merchant tersebut tepat milik toko ini tanpa ada perbedaan sedikit pun.",QRIS_NORMAL_MERCHANT_TERPERCAYA,IDENTITY_MATCH
515,"Saat melakukan transaksi QRIS di meja kasir stand boba, saya teliti melihat nama penerima transfer pada e-wallet. Ternyata nama merchant tersebut bukan milik toko ini melainkan atas nama perseorangan.",KETIDAKSESUAIAN_IDENTITAS_MERCHANT,IDENTITY_MISMATCH
516,B,QRIS_NORMAL_MERCHANT_TERPERCAYA,IDENTITY_MATCH
516,B,KETIDAKSESUAIAN_IDENTITAS_MERCHANT,IDENTITY_MISMATCH
517,"Kasir di Apotek Sehat Medika mengarahkan untuk scan barcode QRIS. Saya mencocokkan nama usaha pada aplikasi pembayaran dengan nama toko, dan hasilnya sesuai dengan nama usaha yang tertera di kasir.",QRIS_NORMAL_MERCHANT_TERPERCAYA,IDENTITY_MATCH
517,"Kasir di Apotek Sehat Medika mengarahkan untuk scan barcode QRIS. Saya mencocokkan nama usaha pada aplikasi pembayaran dengan nama toko, dan hasilnya tidak sesuai dengan nama usaha yang tertera di kasir.",KETIDAKSESUAIAN_IDENTITAS_MERCHANT,IDENTITY_MISMATCH
518,"Tadi saya bayar pakai QRIS di Apotek Sehat Medika. Pembayaran sukses, lalu saat mengecek rincian transaksi di aplikasi, nama merchant yang tercantum tepat milik toko ini tanpa ada perbedaan sedikit pun.",QRIS_NORMAL_MERCHANT_TERPERCAYA,IDENTITY_MATCH
518,"Tadi saya bayar pakai QRIS di Apotek Sehat Medika. Pembayaran sukses, lalu saat mengecek rincian transaksi di aplikasi, nama merchant yang tercantum bukan milik toko ini melainkan atas nama perseorangan.",KETIDAKSESUAIAN_IDENTITAS_MERCHANT,IDENTITY_MISMATCH
519,"Nominal belanja sudah pas dan saya cek nama merchant di aplikasi pembayaran. Nama penerima tepat milik toko ini tanpa ada perbedaan sedikit pun, dan pembayaran selesai lancar.",QRIS_NORMAL_MERCHANT_TERPERCAYA,IDENTITY_MATCH
519,"Nominal belanja sudah pas dan saya cek nama merchant di aplikasi pembayaran. Nama penerima bukan milik toko ini melainkan atas nama perseorangan, dan pembayaran selesai lancar.",KETIDAKSESUAIAN_IDENTITAS_MERCHANT,IDENTITY_MISMATCH
520,"Saat melakukan transaksi QRIS di meja kasir kedai kopi, saya teliti melihat nama penerima transfer pada e-wallet. Ternyata nama merchant tersebut sepenuhnya cocok dengan nama outlet tempat saya belanja.",QRIS_NORMAL_MERCHANT_TERPERCAYA,IDENTITY_MATCH
520,"Saat melakukan transaksi QRIS di meja kasir kedai kopi, saya teliti melihat nama penerima transfer pada e-wallet. Ternyata nama merchant tersebut justru tidak cocok dan memunculkan nama pribadi asing.",KETIDAKSESUAIAN_IDENTITAS_MERCHANT,IDENTITY_MISMATCH
521,"Setelah transaksi QRIS berhasil, saya cek notifikasi dan struk digital di perbankan saya. Nama penerima dana identik dengan nama toko dan tidak ada kejanggalan.",QRIS_NORMAL_MERCHANT_TERPERCAYA,IDENTITY_MATCH
521,"Setelah transaksi QRIS berhasil, saya cek notifikasi dan struk digital di perbankan saya. Nama penerima dana berbeda dari nama toko sehingga menimbulkan kecurigaan.",KETIDAKSESUAIAN_IDENTITAS_MERCHANT,IDENTITY_MISMATCH
522,B,QRIS_NORMAL_MERCHANT_TERPERCAYA,IDENTITY_MATCH
522,B,KETIDAKSESUAIAN_IDENTITAS_MERCHANT,IDENTITY_MISMATCH
523,"Nominal belanja sudah pas dan saya cek nama merchant di aplikasi pembayaran. Nama penerima sama persis dengan nama toko tempat saya berbelanja, dan pembayaran selesai lancar.",QRIS_NORMAL_MERCHANT_TERPERCAYA,IDENTITY_MATCH
523,"Nominal belanja sudah pas dan saya cek nama merchant di aplikasi pembayaran. Nama penerima berbeda dengan nama toko tempat saya berbelanja, dan pembayaran selesai lancar.",KETIDAKSESUAIAN_IDENTITAS_MERCHANT,IDENTITY_MISMATCH
524,"Saat melakukan transaksi QRIS di meja kasir stand boba, saya teliti melihat nama penerima transfer pada e-wallet. Ternyata nama merchant tersebut sama persis dengan nama toko tempat saya berbelanja.",QRIS_NORMAL_MERCHANT_TERPERCAYA,IDENTITY_MATCH
524,"Saat melakukan transaksi QRIS di meja kasir stand boba, saya teliti melihat nama penerima transfer pada e-wallet. Ternyata nama merchant tersebut berbeda dengan nama toko tempat saya berbelanja.",KETIDAKSESUAIAN_IDENTITAS_MERCHANT,IDENTITY_MISMATCH
525,"Saat melakukan transaksi QRIS di meja kasir toko kelontong, saya teliti melihat nama penerima transfer pada e-wallet. Ternyata nama merchant tersebut valid dan konsisten dengan identitas resmi merchant.",QRIS_NORMAL_MERCHANT_TERPERCAYA,IDENTITY_MATCH
525,"Saat melakukan transaksi QRIS di meja kasir toko kelontong, saya teliti melihat nama penerima transfer pada e-wallet. Ternyata nama merchant tersebut tidak konsisten dan mengindikasikan rekening pihak ketiga yang mencurigakan.",KETIDAKSESUAIAN_IDENTITAS_MERCHANT,IDENTITY_MISMATCH
526,Nama merchant yang muncul di aplikasi setelah scan QRIS tepat milik toko ini tanpa ada perbedaan sedikit pun.,QRIS_NORMAL_MERCHANT_TERPERCAYA,IDENTITY_MATCH
526,Nama merchant yang muncul di aplikasi setelah scan QRIS bukan milik toko ini melainkan atas nama perseorangan.,KETIDAKSESUAIAN_IDENTITAS_MERCHANT,IDENTITY_MISMATCH
527,"Kasir di Warung Bu Siti mengarahkan untuk scan barcode QRIS. Saya mencocokkan nama usaha pada aplikasi pembayaran dengan nama toko, dan hasilnya cocok dan identik dengan plang nama toko di depan saya.",QRIS_NORMAL_MERCHANT_TERPERCAYA,IDENTITY_MATCH
527,"Kasir di Warung Bu Siti mengarahkan untuk scan barcode QRIS. Saya mencocokkan nama usaha pada aplikasi pembayaran dengan nama toko, dan hasilnya tidak cocok dan berbeda jauh dari plang nama toko di depan saya.",KETIDAKSESUAIAN_IDENTITAS_MERCHANT,IDENTITY_MISMATCH
528,"Setelah transaksi QRIS berhasil, saya cek notifikasi dan struk digital di perbankan saya. Nama penerima dana benar-benar sesuai dengan nama tempat usaha yang saya datangi.",QRIS_NORMAL_MERCHANT_TERPERCAYA,IDENTITY_MATCH
528,"Setelah transaksi QRIS berhasil, saya cek notifikasi dan struk digital di perbankan saya. Nama penerima dana sama sekali tidak sesuai dengan nama tempat usaha yang saya datangi.",KETIDAKSESUAIAN_IDENTITAS_MERCHANT,IDENTITY_MISMATCH
529,"Sebelum menekan tombol konfirmasi pembayaran QRIS di toko kelontong, saya memeriksa nama penerima di layar aplikasi. Hasil pengecekan menunjukkan nama penerima benar-benar sesuai dengan nama tempat usaha yang saya datangi, dan transaksi berhasil diproses.",QRIS_NORMAL_MERCHANT_TERPERCAYA,IDENTITY_MATCH
529,"Sebelum menekan tombol konfirmasi pembayaran QRIS di toko kelontong, saya memeriksa nama penerima di layar aplikasi. Hasil pengecekan menunjukkan nama penerima sama sekali tidak sesuai dengan nama tempat usaha yang saya datangi, dan transaksi berhasil diproses.",KETIDAKSESUAIAN_IDENTITAS_MERCHANT,IDENTITY_MISMATCH
530,"Nominal belanja sudah pas dan saya cek nama merchant di aplikasi pembayaran. Nama penerima memang resmi atas nama gerai tersebut, dan pembayaran selesai lancar.",QRIS_NORMAL_MERCHANT_TERPERCAYA,IDENTITY_MATCH
530,"Nominal belanja sudah pas dan saya cek nama merchant di aplikasi pembayaran. Nama penerima malah mengarah ke rekening pribadi orang lain yang tidak dikenal, dan pembayaran selesai lancar.",KETIDAKSESUAIAN_IDENTITAS_MERCHANT,IDENTITY_MISMATCH
531,"Setelah transaksi QRIS berhasil, saya cek notifikasi dan struk digital di perbankan saya. Nama penerima dana sesuai dengan nama usaha yang tertera di kasir.",QRIS_NORMAL_MERCHANT_TERPERCAYA,IDENTITY_MATCH
531,"Setelah transaksi QRIS berhasil, saya cek notifikasi dan struk digital di perbankan saya. Nama penerima dana tidak sesuai dengan nama usaha yang tertera di kasir.",KETIDAKSESUAIAN_IDENTITAS_MERCHANT,IDENTITY_MISMATCH
532,"Kasir di Bengkel Maju Lancar mengarahkan untuk scan barcode QRIS. Saya mencocokkan nama usaha pada aplikasi pembayaran dengan nama toko, dan hasilnya tepat milik toko ini tanpa ada perbedaan sedikit pun.",QRIS_NORMAL_MERCHANT_TERPERCAYA,IDENTITY_MATCH
532,"Kasir di Bengkel Maju Lancar mengarahkan untuk scan barcode QRIS. Saya mencocokkan nama usaha pada aplikasi pembayaran dengan nama toko, dan hasilnya bukan milik toko ini melainkan atas nama perseorangan.",KETIDAKSESUAIAN_IDENTITAS_MERCHANT,IDENTITY_MISMATCH
533,Nama merchant yang muncul di aplikasi setelah scan QRIS sepenuhnya cocok dengan nama outlet tempat saya belanja.,QRIS_NORMAL_MERCHANT_TERPERCAYA,IDENTITY_MATCH
533,Nama merchant yang muncul di aplikasi setelah scan QRIS justru tidak cocok dan memunculkan nama pribadi asing.,KETIDAKSESUAIAN_IDENTITAS_MERCHANT,IDENTITY_MISMATCH
534,"Tadi saya bayar pakai QRIS di Boba Fresh Delight. Pembayaran sukses, lalu saat mengecek rincian transaksi di aplikasi, nama merchant yang tercantum sama persis dengan nama toko tempat saya berbelanja.",QRIS_NORMAL_MERCHANT_TERPERCAYA,IDENTITY_MATCH
534,"Tadi saya bayar pakai QRIS di Boba Fresh Delight. Pembayaran sukses, lalu saat mengecek rincian transaksi di aplikasi, nama merchant yang tercantum berbeda dengan nama toko tempat saya berbelanja.",KETIDAKSESUAIAN_IDENTITAS_MERCHANT,IDENTITY_MISMATCH
535,"Kasir di Toko Berkah Jaya mengarahkan untuk scan barcode QRIS. Saya mencocokkan nama usaha pada aplikasi pembayaran dengan nama toko, dan hasilnya sepenuhnya cocok dengan nama outlet tempat saya belanja.",QRIS_NORMAL_MERCHANT_TERPERCAYA,IDENTITY_MATCH
535,"Kasir di Toko Berkah Jaya mengarahkan untuk scan barcode QRIS. Saya mencocokkan nama usaha pada aplikasi pembayaran dengan nama toko, dan hasilnya justru tidak cocok dan memunculkan nama pribadi asing.",KETIDAKSESUAIAN_IDENTITAS_MERCHANT,IDENTITY_MISMATCH
536,"Tadi saya bayar pakai QRIS di Warung Bu Siti. Pembayaran sukses, lalu saat mengecek rincian transaksi di aplikasi, nama merchant yang tercantum valid dan konsisten dengan identitas resmi merchant.",QRIS_NORMAL_MERCHANT_TERPERCAYA,IDENTITY_MATCH
536,"Tadi saya bayar pakai QRIS di Warung Bu Siti. Pembayaran sukses, lalu saat mengecek rincian transaksi di aplikasi, nama merchant yang tercantum tidak konsisten dan mengindikasikan rekening pihak ketiga yang mencurigakan.",KETIDAKSESUAIAN_IDENTITAS_MERCHANT,IDENTITY_MISMATCH
537,"Setelah transaksi QRIS berhasil, saya cek notifikasi dan struk digital di perbankan saya. Nama penerima dana sesuai dengan nama usaha yang tertera di kasir.",QRIS_NORMAL_MERCHANT_TERPERCAYA,IDENTITY_MATCH
537,"Setelah transaksi QRIS berhasil, saya cek notifikasi dan struk digital di perbankan saya. Nama penerima dana tidak sesuai dengan nama usaha yang tertera di kasir.",KETIDAKSESUAIAN_IDENTITAS_MERCHANT,IDENTITY_MISMATCH
538,"Demi keamanan sebelum bayar QRIS, saya memastikan identitas penerima terlebih dahulu. Nama yang terdaftar pada sistem benar terdaftar atas nama merchant tersebut.",QRIS_NORMAL_MERCHANT_TERPERCAYA,IDENTITY_MATCH
538,"Demi keamanan sebelum bayar QRIS, saya memastikan identitas penerima terlebih dahulu. Nama yang terdaftar pada sistem justru tertera nama merchant lain yang sama sekali berbeda.",KETIDAKSESUAIAN_IDENTITAS_MERCHANT,IDENTITY_MISMATCH
539,Saya memeriksa detail informasi QRIS termasuk NMID dan nama merchant sebelum transfer. Informasi yang tampil di layar HP identik dengan nama toko dan tidak ada kejanggalan.,QRIS_NORMAL_MERCHANT_TERPERCAYA,IDENTITY_MATCH
539,Saya memeriksa detail informasi QRIS termasuk NMID dan nama merchant sebelum transfer. Informasi yang tampil di layar HP berbeda dari nama toko sehingga menimbulkan kecurigaan.,KETIDAKSESUAIAN_IDENTITAS_MERCHANT,IDENTITY_MISMATCH
540,Nama merchant yang muncul di aplikasi setelah scan QRIS benar terdaftar atas nama merchant tersebut.,QRIS_NORMAL_MERCHANT_TERPERCAYA,IDENTITY_MATCH
540,Nama merchant yang muncul di aplikasi setelah scan QRIS justru tertera nama merchant lain yang sama sekali berbeda.,KETIDAKSESUAIAN_IDENTITAS_MERCHANT,IDENTITY_MISMATCH
541,"Saat melakukan transaksi QRIS di meja kasir kedai kopi, saya teliti melihat nama penerima transfer pada e-wallet. Ternyata nama merchant tersebut sepenuhnya cocok dengan nama outlet tempat saya belanja.",QRIS_NORMAL_MERCHANT_TERPERCAYA,IDENTITY_MATCH
541,"Saat melakukan transaksi QRIS di meja kasir kedai kopi, saya teliti melihat nama penerima transfer pada e-wallet. Ternyata nama merchant tersebut justru tidak cocok dan memunculkan nama pribadi asing.",KETIDAKSESUAIAN_IDENTITAS_MERCHANT,IDENTITY_MISMATCH
542,"Nominal belanja sudah pas dan saya cek nama merchant di aplikasi pembayaran. Nama penerima valid dan konsisten dengan identitas resmi merchant, dan pembayaran selesai lancar.",QRIS_NORMAL_MERCHANT_TERPERCAYA,IDENTITY_MATCH
542,"Nominal belanja sudah pas dan saya cek nama merchant di aplikasi pembayaran. Nama penerima tidak konsisten dan mengindikasikan rekening pihak ketiga yang mencurigakan, dan pembayaran selesai lancar.",KETIDAKSESUAIAN_IDENTITAS_MERCHANT,IDENTITY_MISMATCH
543,Saya memeriksa detail informasi QRIS termasuk NMID dan nama merchant sebelum transfer. Informasi yang tampil di layar HP benar terdaftar atas nama merchant tersebut.,QRIS_NORMAL_MERCHANT_TERPERCAYA,IDENTITY_MATCH
543,Saya memeriksa detail informasi QRIS termasuk NMID dan nama merchant sebelum transfer. Informasi yang tampil di layar HP justru tertera nama merchant lain yang sama sekali berbeda.,KETIDAKSESUAIAN_IDENTITAS_MERCHANT,IDENTITY_MISMATCH
544,"Sebelum menekan tombol konfirmasi pembayaran QRIS di stand boba, saya memeriksa nama penerima di layar aplikasi. Hasil pengecekan menunjukkan nama penerima sama persis dengan nama toko tempat saya berbelanja, dan transaksi berhasil diproses.",QRIS_NORMAL_MERCHANT_TERPERCAYA,IDENTITY_MATCH
544,"Sebelum menekan tombol konfirmasi pembayaran QRIS di stand boba, saya memeriksa nama penerima di layar aplikasi. Hasil pengecekan menunjukkan nama penerima berbeda dengan nama toko tempat saya berbelanja, dan transaksi berhasil diproses.",KETIDAKSESUAIAN_IDENTITAS_MERCHANT,IDENTITY_MISMATCH
545,"Saat melakukan transaksi QRIS di meja kasir apotek, saya teliti melihat nama penerima transfer pada e-wallet. Ternyata nama merchant tersebut memang resmi atas nama gerai tersebut.",QRIS_NORMAL_MERCHANT_TERPERCAYA,IDENTITY_MATCH
545,"Saat melakukan transaksi QRIS di meja kasir apotek, saya teliti melihat nama penerima transfer pada e-wallet. Ternyata nama merchant tersebut malah mengarah ke rekening pribadi orang lain yang tidak dikenal.",KETIDAKSESUAIAN_IDENTITAS_MERCHANT,IDENTITY_MISMATCH
546,"Kasir di Fashion Style Boutique mengarahkan untuk scan barcode QRIS. Saya mencocokkan nama usaha pada aplikasi pembayaran dengan nama toko, dan hasilnya valid dan konsisten dengan identitas resmi merchant.",QRIS_NORMAL_MERCHANT_TERPERCAYA,IDENTITY_MATCH
546,"Kasir di Fashion Style Boutique mengarahkan untuk scan barcode QRIS. Saya mencocokkan nama usaha pada aplikasi pembayaran dengan nama toko, dan hasilnya tidak konsisten dan mengindikasikan rekening pihak ketiga yang mencurigakan.",KETIDAKSESUAIAN_IDENTITAS_MERCHANT,IDENTITY_MISMATCH
547,Nama merchant yang muncul di aplikasi setelah scan QRIS benar-benar sesuai dengan nama tempat usaha yang saya datangi.,QRIS_NORMAL_MERCHANT_TERPERCAYA,IDENTITY_MATCH
547,Nama merchant yang muncul di aplikasi setelah scan QRIS sama sekali tidak sesuai dengan nama tempat usaha yang saya datangi.,KETIDAKSESUAIAN_IDENTITAS_MERCHANT,IDENTITY_MISMATCH
548,"Demi keamanan sebelum bayar QRIS, saya memastikan identitas penerima terlebih dahulu. Nama yang terdaftar pada sistem benar terdaftar atas nama merchant tersebut.",QRIS_NORMAL_MERCHANT_TERPERCAYA,IDENTITY_MATCH
548,"Demi keamanan sebelum bayar QRIS, saya memastikan identitas penerima terlebih dahulu. Nama yang terdaftar pada sistem justru tertera nama merchant lain yang sama sekali berbeda.",KETIDAKSESUAIAN_IDENTITAS_MERCHANT,IDENTITY_MISMATCH
549,"Kasir di Toko Berkah Jaya mengarahkan untuk scan barcode QRIS. Saya mencocokkan nama usaha pada aplikasi pembayaran dengan nama toko, dan hasilnya benar terdaftar atas nama merchant tersebut.",QRIS_NORMAL_MERCHANT_TERPERCAYA,IDENTITY_MATCH
549,"Kasir di Toko Berkah Jaya mengarahkan untuk scan barcode QRIS. Saya mencocokkan nama usaha pada aplikasi pembayaran dengan nama toko, dan hasilnya justru tertera nama merchant lain yang sama sekali berbeda.",KETIDAKSESUAIAN_IDENTITAS_MERCHANT,IDENTITY_MISMATCH
550,Saya memeriksa detail informasi QRIS termasuk NMID dan nama merchant sebelum transfer. Informasi yang tampil di layar HP identik dengan nama toko dan tidak ada kejanggalan.,QRIS_NORMAL_MERCHANT_TERPERCAYA,IDENTITY_MATCH
550,Saya memeriksa detail informasi QRIS termasuk NMID dan nama merchant sebelum transfer. Informasi yang tampil di layar HP berbeda dari nama toko sehingga menimbulkan kecurigaan.,KETIDAKSESUAIAN_IDENTITAS_MERCHANT,IDENTITY_MISMATCH
551,Nama merchant yang muncul di aplikasi setelah scan QRIS benar-benar sesuai dengan nama tempat usaha yang saya datangi.,QRIS_NORMAL_MERCHANT_TERPERCAYA,IDENTITY_MATCH
551,Nama merchant yang muncul di aplikasi setelah scan QRIS sama sekali tidak sesuai dengan nama tempat usaha yang saya datangi.,KETIDAKSESUAIAN_IDENTITAS_MERCHANT,IDENTITY_MISMATCH
552,"Sebelum menekan tombol konfirmasi pembayaran QRIS di laundry, saya memeriksa nama penerima di layar aplikasi. Hasil pengecekan menunjukkan nama penerima benar terdaftar atas nama merchant tersebut, dan transaksi berhasil diproses.",QRIS_NORMAL_MERCHANT_TERPERCAYA,IDENTITY_MATCH
552,"Sebelum menekan tombol konfirmasi pembayaran QRIS di laundry, saya memeriksa nama penerima di layar aplikasi. Hasil pengecekan menunjukkan nama penerima justru tertera nama merchant lain yang sama sekali berbeda, dan transaksi berhasil diproses.",KETIDAKSESUAIAN_IDENTITAS_MERCHANT,IDENTITY_MISMATCH
553,"Demi keamanan sebelum bayar QRIS, saya memastikan identitas penerima terlebih dahulu. Nama yang terdaftar pada sistem benar-benar sesuai dengan nama tempat usaha yang saya datangi.",QRIS_NORMAL_MERCHANT_TERPERCAYA,IDENTITY_MATCH
553,"Demi keamanan sebelum bayar QRIS, saya memastikan identitas penerima terlebih dahulu. Nama yang terdaftar pada sistem sama sekali tidak sesuai dengan nama tempat usaha yang saya datangi.",KETIDAKSESUAIAN_IDENTITAS_MERCHANT,IDENTITY_MISMATCH
554,Nama merchant yang muncul di aplikasi setelah scan QRIS sepenuhnya cocok dengan nama outlet tempat saya belanja.,QRIS_NORMAL_MERCHANT_TERPERCAYA,IDENTITY_MATCH
554,Nama merchant yang muncul di aplikasi setelah scan QRIS justru tidak cocok dan memunculkan nama pribadi asing.,KETIDAKSESUAIAN_IDENTITAS_MERCHANT,IDENTITY_MISMATCH
555,B,QRIS_NORMAL_MERCHANT_TERPERCAYA,IDENTITY_MATCH
555,B,KETIDAKSESUAIAN_IDENTITAS_MERCHANT,IDENTITY_MISMATCH
556,"Setelah transaksi QRIS berhasil, saya cek notifikasi dan struk digital di perbankan saya. Nama penerima dana valid dan konsisten dengan identitas resmi merchant.",QRIS_NORMAL_MERCHANT_TERPERCAYA,IDENTITY_MATCH
556,"Setelah transaksi QRIS berhasil, saya cek notifikasi dan struk digital di perbankan saya. Nama penerima dana tidak konsisten dan mengindikasikan rekening pihak ketiga yang mencurigakan.",KETIDAKSESUAIAN_IDENTITAS_MERCHANT,IDENTITY_MISMATCH
557,"Setelah transaksi QRIS berhasil, saya cek notifikasi dan struk digital di perbankan saya. Nama penerima dana sama persis dengan nama toko tempat saya berbelanja.",QRIS_NORMAL_MERCHANT_TERPERCAYA,IDENTITY_MATCH
557,"Setelah transaksi QRIS berhasil, saya cek notifikasi dan struk digital di perbankan saya. Nama penerima dana berbeda dengan nama toko tempat saya berbelanja.",KETIDAKSESUAIAN_IDENTITAS_MERCHANT,IDENTITY_MISMATCH
558,"Kasir di Bengkel Maju Lancar mengarahkan untuk scan barcode QRIS. Saya mencocokkan nama usaha pada aplikasi pembayaran dengan nama toko, dan hasilnya sepenuhnya cocok dengan nama outlet tempat saya belanja.",QRIS_NORMAL_MERCHANT_TERPERCAYA,IDENTITY_MATCH
558,"Kasir di Bengkel Maju Lancar mengarahkan untuk scan barcode QRIS. Saya mencocokkan nama usaha pada aplikasi pembayaran dengan nama toko, dan hasilnya justru tidak cocok dan memunculkan nama pribadi asing.",KETIDAKSESUAIAN_IDENTITAS_MERCHANT,IDENTITY_MISMATCH
559,Nama merchant yang muncul di aplikasi setelah scan QRIS benar-benar sesuai dengan nama tempat usaha yang saya datangi.,QRIS_NORMAL_MERCHANT_TERPERCAYA,IDENTITY_MATCH
559,Nama merchant yang muncul di aplikasi setelah scan QRIS sama sekali tidak sesuai dengan nama tempat usaha yang saya datangi.,KETIDAKSESUAIAN_IDENTITAS_MERCHANT,IDENTITY_MISMATCH
560,"Tadi saya bayar pakai QRIS di Laundry Wangi Bersih. Pembayaran sukses, lalu saat mengecek rincian transaksi di aplikasi, nama merchant yang tercantum memang resmi atas nama gerai tersebut.",QRIS_NORMAL_MERCHANT_TERPERCAYA,IDENTITY_MATCH
560,"Tadi saya bayar pakai QRIS di Laundry Wangi Bersih. Pembayaran sukses, lalu saat mengecek rincian transaksi di aplikasi, nama merchant yang tercantum malah mengarah ke rekening pribadi orang lain yang tidak dikenal.",KETIDAKSESUAIAN_IDENTITAS_MERCHANT,IDENTITY_MISMATCH
561,B,QRIS_NORMAL_MERCHANT_TERPERCAYA,IDENTITY_MATCH
561,B,KETIDAKSESUAIAN_IDENTITAS_MERCHANT,IDENTITY_MISMATCH
562,"Tadi saya bayar pakai QRIS di Rumah Makan Sederhana Minang. Pembayaran sukses, lalu saat mengecek rincian transaksi di aplikasi, nama merchant yang tercantum benar terdaftar atas nama merchant tersebut.",QRIS_NORMAL_MERCHANT_TERPERCAYA,IDENTITY_MATCH
562,"Tadi saya bayar pakai QRIS di Rumah Makan Sederhana Minang. Pembayaran sukses, lalu saat mengecek rincian transaksi di aplikasi, nama merchant yang tercantum justru tertera nama merchant lain yang sama sekali berbeda.",KETIDAKSESUAIAN_IDENTITAS_MERCHANT,IDENTITY_MISMATCH
563,"Saat melakukan transaksi QRIS di meja kasir barbershop, saya teliti melihat nama penerima transfer pada e-wallet. Ternyata nama merchant tersebut tepat milik toko ini tanpa ada perbedaan sedikit pun.",QRIS_NORMAL_MERCHANT_TERPERCAYA,IDENTITY_MATCH
563,"Saat melakukan transaksi QRIS di meja kasir barbershop, saya teliti melihat nama penerima transfer pada e-wallet. Ternyata nama merchant tersebut bukan milik toko ini melainkan atas nama perseorangan.",KETIDAKSESUAIAN_IDENTITAS_MERCHANT,IDENTITY_MISMATCH
564,Nama merchant yang muncul di aplikasi setelah scan QRIS cocok dan identik dengan plang nama toko di depan saya.,QRIS_NORMAL_MERCHANT_TERPERCAYA,IDENTITY_MATCH
564,Nama merchant yang muncul di aplikasi setelah scan QRIS tidak cocok dan berbeda jauh dari plang nama toko di depan saya.,KETIDAKSESUAIAN_IDENTITAS_MERCHANT,IDENTITY_MISMATCH
565,"Nominal belanja sudah pas dan saya cek nama merchant di aplikasi pembayaran. Nama penerima benar-benar sesuai dengan nama tempat usaha yang saya datangi, dan pembayaran selesai lancar.",QRIS_NORMAL_MERCHANT_TERPERCAYA,IDENTITY_MATCH
565,"Nominal belanja sudah pas dan saya cek nama merchant di aplikasi pembayaran. Nama penerima sama sekali tidak sesuai dengan nama tempat usaha yang saya datangi, dan pembayaran selesai lancar.",KETIDAKSESUAIAN_IDENTITAS_MERCHANT,IDENTITY_MISMATCH
566,"Nominal belanja sudah pas dan saya cek nama merchant di aplikasi pembayaran. Nama penerima memang resmi atas nama gerai tersebut, dan pembayaran selesai lancar.",QRIS_NORMAL_MERCHANT_TERPERCAYA,IDENTITY_MATCH
566,"Nominal belanja sudah pas dan saya cek nama merchant di aplikasi pembayaran. Nama penerima malah mengarah ke rekening pribadi orang lain yang tidak dikenal, dan pembayaran selesai lancar.",KETIDAKSESUAIAN_IDENTITAS_MERCHANT,IDENTITY_MISMATCH
567,Nama merchant yang muncul di aplikasi setelah scan QRIS tepat milik toko ini tanpa ada perbedaan sedikit pun.,QRIS_NORMAL_MERCHANT_TERPERCAYA,IDENTITY_MATCH
567,Nama merchant yang muncul di aplikasi setelah scan QRIS bukan milik toko ini melainkan atas nama perseorangan.,KETIDAKSESUAIAN_IDENTITAS_MERCHANT,IDENTITY_MISMATCH
568,"Kasir di Bakso Super Urat Mas Bejo mengarahkan untuk scan barcode QRIS. Saya mencocokkan nama usaha pada aplikasi pembayaran dengan nama toko, dan hasilnya memang resmi atas nama gerai tersebut.",QRIS_NORMAL_MERCHANT_TERPERCAYA,IDENTITY_MATCH
568,"Kasir di Bakso Super Urat Mas Bejo mengarahkan untuk scan barcode QRIS. Saya mencocokkan nama usaha pada aplikasi pembayaran dengan nama toko, dan hasilnya malah mengarah ke rekening pribadi orang lain yang tidak dikenal.",KETIDAKSESUAIAN_IDENTITAS_MERCHANT,IDENTITY_MISMATCH
569,"Kasir di Kopi Kenangan Senja mengarahkan untuk scan barcode QRIS. Saya mencocokkan nama usaha pada aplikasi pembayaran dengan nama toko, dan hasilnya valid dan konsisten dengan identitas resmi merchant.",QRIS_NORMAL_MERCHANT_TERPERCAYA,IDENTITY_MATCH
569,"Kasir di Kopi Kenangan Senja mengarahkan untuk scan barcode QRIS. Saya mencocokkan nama usaha pada aplikasi pembayaran dengan nama toko, dan hasilnya tidak konsisten dan mengindikasikan rekening pihak ketiga yang mencurigakan.",KETIDAKSESUAIAN_IDENTITAS_MERCHANT,IDENTITY_MISMATCH
570,"Kasir di Apotek Sehat Medika mengarahkan untuk scan barcode QRIS. Saya mencocokkan nama usaha pada aplikasi pembayaran dengan nama toko, dan hasilnya sepenuhnya cocok dengan nama outlet tempat saya belanja.",QRIS_NORMAL_MERCHANT_TERPERCAYA,IDENTITY_MATCH
570,"Kasir di Apotek Sehat Medika mengarahkan untuk scan barcode QRIS. Saya mencocokkan nama usaha pada aplikasi pembayaran dengan nama toko, dan hasilnya justru tidak cocok dan memunculkan nama pribadi asing.",KETIDAKSESUAIAN_IDENTITAS_MERCHANT,IDENTITY_MISMATCH
571,"Tadi saya bayar pakai QRIS di Toko Berkah Jaya. Pembayaran sukses, lalu saat mengecek rincian transaksi di aplikasi, nama merchant yang tercantum cocok dan identik dengan plang nama toko di depan saya.",QRIS_NORMAL_MERCHANT_TERPERCAYA,IDENTITY_MATCH
571,"Tadi saya bayar pakai QRIS di Toko Berkah Jaya. Pembayaran sukses, lalu saat mengecek rincian transaksi di aplikasi, nama merchant yang tercantum tidak cocok dan berbeda jauh dari plang nama toko di depan saya.",KETIDAKSESUAIAN_IDENTITAS_MERCHANT,IDENTITY_MISMATCH
572,"Demi keamanan sebelum bayar QRIS, saya memastikan identitas penerima terlebih dahulu. Nama yang terdaftar pada sistem sesuai dengan nama usaha yang tertera di kasir.",QRIS_NORMAL_MERCHANT_TERPERCAYA,IDENTITY_MATCH
572,"Demi keamanan sebelum bayar QRIS, saya memastikan identitas penerima terlebih dahulu. Nama yang terdaftar pada sistem tidak sesuai dengan nama usaha yang tertera di kasir.",KETIDAKSESUAIAN_IDENTITAS_MERCHANT,IDENTITY_MISMATCH
573,B,QRIS_NORMAL_MERCHANT_TERPERCAYA,IDENTITY_MATCH
573,B,KETIDAKSESUAIAN_IDENTITAS_MERCHANT,IDENTITY_MISMATCH
574,B,QRIS_NORMAL_MERCHANT_TERPERCAYA,IDENTITY_MATCH
574,B,KETIDAKSESUAIAN_IDENTITAS_MERCHANT,IDENTITY_MISMATCH
575,Nama merchant yang muncul di aplikasi setelah scan QRIS cocok dan identik dengan plang nama toko di depan saya.,QRIS_NORMAL_MERCHANT_TERPERCAYA,IDENTITY_MATCH
575,Nama merchant yang muncul di aplikasi setelah scan QRIS tidak cocok dan berbeda jauh dari plang nama toko di depan saya.,KETIDAKSESUAIAN_IDENTITAS_MERCHANT,IDENTITY_MISMATCH
576,"Tadi saya bayar pakai QRIS di Counter Cahaya Cell. Pembayaran sukses, lalu saat mengecek rincian transaksi di aplikasi, nama merchant yang tercantum sesuai dengan nama usaha yang tertera di kasir.",QRIS_NORMAL_MERCHANT_TERPERCAYA,IDENTITY_MATCH
576,"Tadi saya bayar pakai QRIS di Counter Cahaya Cell. Pembayaran sukses, lalu saat mengecek rincian transaksi di aplikasi, nama merchant yang tercantum tidak sesuai dengan nama usaha yang tertera di kasir.",KETIDAKSESUAIAN_IDENTITAS_MERCHANT,IDENTITY_MISMATCH
577,"Saat melakukan transaksi QRIS di meja kasir counter pulsa, saya teliti melihat nama penerima transfer pada e-wallet. Ternyata nama merchant tersebut valid dan konsisten dengan identitas resmi merchant.",QRIS_NORMAL_MERCHANT_TERPERCAYA,IDENTITY_MATCH
577,"Saat melakukan transaksi QRIS di meja kasir counter pulsa, saya teliti melihat nama penerima transfer pada e-wallet. Ternyata nama merchant tersebut tidak konsisten dan mengindikasikan rekening pihak ketiga yang mencurigakan.",KETIDAKSESUAIAN_IDENTITAS_MERCHANT,IDENTITY_MISMATCH
578,"Sebelum menekan tombol konfirmasi pembayaran QRIS di stand boba, saya memeriksa nama penerima di layar aplikasi. Hasil pengecekan menunjukkan nama penerima tepat milik toko ini tanpa ada perbedaan sedikit pun, dan transaksi berhasil diproses.",QRIS_NORMAL_MERCHANT_TERPERCAYA,IDENTITY_MATCH
578,"Sebelum menekan tombol konfirmasi pembayaran QRIS di stand boba, saya memeriksa nama penerima di layar aplikasi. Hasil pengecekan menunjukkan nama penerima bukan milik toko ini melainkan atas nama perseorangan, dan transaksi berhasil diproses.",KETIDAKSESUAIAN_IDENTITAS_MERCHANT,IDENTITY_MISMATCH
579,"Tadi saya bayar pakai QRIS di Rumah Makan Sederhana Minang. Pembayaran sukses, lalu saat mengecek rincian transaksi di aplikasi, nama merchant yang tercantum valid dan konsisten dengan identitas resmi merchant.",QRIS_NORMAL_MERCHANT_TERPERCAYA,IDENTITY_MATCH
579,"Tadi saya bayar pakai QRIS di Rumah Makan Sederhana Minang. Pembayaran sukses, lalu saat mengecek rincian transaksi di aplikasi, nama merchant yang tercantum tidak konsisten dan mengindikasikan rekening pihak ketiga yang mencurigakan.",KETIDAKSESUAIAN_IDENTITAS_MERCHANT,IDENTITY_MISMATCH
580,"Demi keamanan sebelum bayar QRIS, saya memastikan identitas penerima terlebih dahulu. Nama yang terdaftar pada sistem sama persis dengan nama toko tempat saya berbelanja.",QRIS_NORMAL_MERCHANT_TERPERCAYA,IDENTITY_MATCH
580,"Demi keamanan sebelum bayar QRIS, saya memastikan identitas penerima terlebih dahulu. Nama yang terdaftar pada sistem berbeda dengan nama toko tempat saya berbelanja.",KETIDAKSESUAIAN_IDENTITAS_MERCHANT,IDENTITY_MISMATCH
581,Nama merchant yang muncul di aplikasi setelah scan QRIS valid dan konsisten dengan identitas resmi merchant.,QRIS_NORMAL_MERCHANT_TERPERCAYA,IDENTITY_MATCH
581,Nama merchant yang muncul di aplikasi setelah scan QRIS tidak konsisten dan mengindikasikan rekening pihak ketiga yang mencurigakan.,KETIDAKSESUAIAN_IDENTITAS_MERCHANT,IDENTITY_MISMATCH
582,"Tadi saya bayar pakai QRIS di Kopi Kenangan Senja. Pembayaran sukses, lalu saat mengecek rincian transaksi di aplikasi, nama merchant yang tercantum sepenuhnya cocok dengan nama outlet tempat saya belanja.",QRIS_NORMAL_MERCHANT_TERPERCAYA,IDENTITY_MATCH
582,"Tadi saya bayar pakai QRIS di Kopi Kenangan Senja. Pembayaran sukses, lalu saat mengecek rincian transaksi di aplikasi, nama merchant yang tercantum justru tidak cocok dan memunculkan nama pribadi asing.",KETIDAKSESUAIAN_IDENTITAS_MERCHANT,IDENTITY_MISMATCH
583,"Nominal belanja sudah pas dan saya cek nama merchant di aplikasi pembayaran. Nama penerima benar terdaftar atas nama merchant tersebut, dan pembayaran selesai lancar.",QRIS_NORMAL_MERCHANT_TERPERCAYA,IDENTITY_MATCH
583,"Nominal belanja sudah pas dan saya cek nama merchant di aplikasi pembayaran. Nama penerima justru tertera nama merchant lain yang sama sekali berbeda, dan pembayaran selesai lancar.",KETIDAKSESUAIAN_IDENTITAS_MERCHANT,IDENTITY_MISMATCH
584,B,QRIS_NORMAL_MERCHANT_TERPERCAYA,IDENTITY_MATCH
584,B,KETIDAKSESUAIAN_IDENTITAS_MERCHANT,IDENTITY_MISMATCH
585,"Sebelum menekan tombol konfirmasi pembayaran QRIS di toko pakaian, saya memeriksa nama penerima di layar aplikasi. Hasil pengecekan menunjukkan nama penerima sesuai dengan nama usaha yang tertera di kasir, dan transaksi berhasil diproses.",QRIS_NORMAL_MERCHANT_TERPERCAYA,IDENTITY_MATCH
585,"Sebelum menekan tombol konfirmasi pembayaran QRIS di toko pakaian, saya memeriksa nama penerima di layar aplikasi. Hasil pengecekan menunjukkan nama penerima tidak sesuai dengan nama usaha yang tertera di kasir, dan transaksi berhasil diproses.",KETIDAKSESUAIAN_IDENTITAS_MERCHANT,IDENTITY_MISMATCH
586,B,QRIS_NORMAL_MERCHANT_TERPERCAYA,IDENTITY_MATCH
586,B,KETIDAKSESUAIAN_IDENTITAS_MERCHANT,IDENTITY_MISMATCH
587,B,QRIS_NORMAL_MERCHANT_TERPERCAYA,IDENTITY_MATCH
587,B,KETIDAKSESUAIAN_IDENTITAS_MERCHANT,IDENTITY_MISMATCH
588,"Kasir di Rumah Makan Sederhana Minang mengarahkan untuk scan barcode QRIS. Saya mencocokkan nama usaha pada aplikasi pembayaran dengan nama toko, dan hasilnya sama persis dengan nama toko tempat saya berbelanja.",QRIS_NORMAL_MERCHANT_TERPERCAYA,IDENTITY_MATCH
588,"Kasir di Rumah Makan Sederhana Minang mengarahkan untuk scan barcode QRIS. Saya mencocokkan nama usaha pada aplikasi pembayaran dengan nama toko, dan hasilnya berbeda dengan nama toko tempat saya berbelanja.",KETIDAKSESUAIAN_IDENTITAS_MERCHANT,IDENTITY_MISMATCH
589,"Tadi saya bayar pakai QRIS di Counter Cahaya Cell. Pembayaran sukses, lalu saat mengecek rincian transaksi di aplikasi, nama merchant yang tercantum tepat milik toko ini tanpa ada perbedaan sedikit pun.",QRIS_NORMAL_MERCHANT_TERPERCAYA,IDENTITY_MATCH
589,"Tadi saya bayar pakai QRIS di Counter Cahaya Cell. Pembayaran sukses, lalu saat mengecek rincian transaksi di aplikasi, nama merchant yang tercantum bukan milik toko ini melainkan atas nama perseorangan.",KETIDAKSESUAIAN_IDENTITAS_MERCHANT,IDENTITY_MISMATCH
590,"Tadi saya bayar pakai QRIS di Bakso Super Urat Mas Bejo. Pembayaran sukses, lalu saat mengecek rincian transaksi di aplikasi, nama merchant yang tercantum identik dengan nama toko dan tidak ada kejanggalan.",QRIS_NORMAL_MERCHANT_TERPERCAYA,IDENTITY_MATCH
590,"Tadi saya bayar pakai QRIS di Bakso Super Urat Mas Bejo. Pembayaran sukses, lalu saat mengecek rincian transaksi di aplikasi, nama merchant yang tercantum berbeda dari nama toko sehingga menimbulkan kecurigaan.",KETIDAKSESUAIAN_IDENTITAS_MERCHANT,IDENTITY_MISMATCH
591,"Kasir di Toko Buah Segar Mandiri mengarahkan untuk scan barcode QRIS. Saya mencocokkan nama usaha pada aplikasi pembayaran dengan nama toko, dan hasilnya sama persis dengan nama toko tempat saya berbelanja.",QRIS_NORMAL_MERCHANT_TERPERCAYA,IDENTITY_MATCH
591,"Kasir di Toko Buah Segar Mandiri mengarahkan untuk scan barcode QRIS. Saya mencocokkan nama usaha pada aplikasi pembayaran dengan nama toko, dan hasilnya berbeda dengan nama toko tempat saya berbelanja.",KETIDAKSESUAIAN_IDENTITAS_MERCHANT,IDENTITY_MISMATCH
592,"Demi keamanan sebelum bayar QRIS, saya memastikan identitas penerima terlebih dahulu. Nama yang terdaftar pada sistem sesuai dengan nama usaha yang tertera di kasir.",QRIS_NORMAL_MERCHANT_TERPERCAYA,IDENTITY_MATCH
592,"Demi keamanan sebelum bayar QRIS, saya memastikan identitas penerima terlebih dahulu. Nama yang terdaftar pada sistem tidak sesuai dengan nama usaha yang tertera di kasir.",KETIDAKSESUAIAN_IDENTITAS_MERCHANT,IDENTITY_MISMATCH
593,"Nominal belanja sudah pas dan saya cek nama merchant di aplikasi pembayaran. Nama penerima sepenuhnya cocok dengan nama outlet tempat saya belanja, dan pembayaran selesai lancar.",QRIS_NORMAL_MERCHANT_TERPERCAYA,IDENTITY_MATCH
593,"Nominal belanja sudah pas dan saya cek nama merchant di aplikasi pembayaran. Nama penerima justru tidak cocok dan memunculkan nama pribadi asing, dan pembayaran selesai lancar.",KETIDAKSESUAIAN_IDENTITAS_MERCHANT,IDENTITY_MISMATCH
594,Nama merchant yang muncul di aplikasi setelah scan QRIS tepat milik toko ini tanpa ada perbedaan sedikit pun.,QRIS_NORMAL_MERCHANT_TERPERCAYA,IDENTITY_MATCH
594,Nama merchant yang muncul di aplikasi setelah scan QRIS bukan milik toko ini melainkan atas nama perseorangan.,KETIDAKSESUAIAN_IDENTITAS_MERCHANT,IDENTITY_MISMATCH
595,"Saat melakukan transaksi QRIS di meja kasir toko alat tulis, saya teliti melihat nama penerima transfer pada e-wallet. Ternyata nama merchant tersebut benar terdaftar atas nama merchant tersebut.",QRIS_NORMAL_MERCHANT_TERPERCAYA,IDENTITY_MATCH
595,"Saat melakukan transaksi QRIS di meja kasir toko alat tulis, saya teliti melihat nama penerima transfer pada e-wallet. Ternyata nama merchant tersebut justru tertera nama merchant lain yang sama sekali berbeda.",KETIDAKSESUAIAN_IDENTITAS_MERCHANT,IDENTITY_MISMATCH
596,Nama merchant yang muncul di aplikasi setelah scan QRIS sepenuhnya cocok dengan nama outlet tempat saya belanja.,QRIS_NORMAL_MERCHANT_TERPERCAYA,IDENTITY_MATCH
596,Nama merchant yang muncul di aplikasi setelah scan QRIS justru tidak cocok dan memunculkan nama pribadi asing.,KETIDAKSESUAIAN_IDENTITAS_MERCHANT,IDENTITY_MISMATCH
597,Nama merchant yang muncul di aplikasi setelah scan QRIS benar-benar sesuai dengan nama tempat usaha yang saya datangi.,QRIS_NORMAL_MERCHANT_TERPERCAYA,IDENTITY_MATCH
597,Nama merchant yang muncul di aplikasi setelah scan QRIS sama sekali tidak sesuai dengan nama tempat usaha yang saya datangi.,KETIDAKSESUAIAN_IDENTITAS_MERCHANT,IDENTITY_MISMATCH
598,"Tadi saya bayar pakai QRIS di Bengkel Maju Lancar. Pembayaran sukses, lalu saat mengecek rincian transaksi di aplikasi, nama merchant yang tercantum identik dengan nama toko dan tidak ada kejanggalan.",QRIS_NORMAL_MERCHANT_TERPERCAYA,IDENTITY_MATCH
598,"Tadi saya bayar pakai QRIS di Bengkel Maju Lancar. Pembayaran sukses, lalu saat mengecek rincian transaksi di aplikasi, nama merchant yang tercantum berbeda dari nama toko sehingga menimbulkan kecurigaan.",KETIDAKSESUAIAN_IDENTITAS_MERCHANT,IDENTITY_MISMATCH
599,"Setelah transaksi QRIS berhasil, saya cek notifikasi dan struk digital di perbankan saya. Nama penerima dana valid dan konsisten dengan identitas resmi merchant.",QRIS_NORMAL_MERCHANT_TERPERCAYA,IDENTITY_MATCH
599,"Setelah transaksi QRIS berhasil, saya cek notifikasi dan struk digital di perbankan saya. Nama penerima dana tidak konsisten dan mengindikasikan rekening pihak ketiga yang mencurigakan.",KETIDAKSESUAIAN_IDENTITAS_MERCHANT,IDENTITY_MISMATCH
600,B,QRIS_NORMAL_MERCHANT_TERPERCAYA,IDENTITY_MATCH
600,B,KETIDAKSESUAIAN_IDENTITAS_MERCHANT,IDENTITY_MISMATCH
601,"Tadi saya bayar pakai QRIS di Bengkel Maju Lancar. Pembayaran sukses, lalu saat mengecek rincian transaksi di aplikasi, nama merchant yang tercantum sepenuhnya cocok dengan nama outlet tempat saya belanja.",QRIS_NORMAL_MERCHANT_TERPERCAYA,IDENTITY_MATCH
601,"Tadi saya bayar pakai QRIS di Bengkel Maju Lancar. Pembayaran sukses, lalu saat mengecek rincian transaksi di aplikasi, nama merchant yang tercantum justru tidak cocok dan memunculkan nama pribadi asing.",KETIDAKSESUAIAN_IDENTITAS_MERCHANT,IDENTITY_MISMATCH
602,"Kasir di Toko Buah Segar Mandiri mengarahkan untuk scan barcode QRIS. Saya mencocokkan nama usaha pada aplikasi pembayaran dengan nama toko, dan hasilnya tepat milik toko ini tanpa ada perbedaan sedikit pun.",QRIS_NORMAL_MERCHANT_TERPERCAYA,IDENTITY_MATCH
602,"Kasir di Toko Buah Segar Mandiri mengarahkan untuk scan barcode QRIS. Saya mencocokkan nama usaha pada aplikasi pembayaran dengan nama toko, dan hasilnya bukan milik toko ini melainkan atas nama perseorangan.",KETIDAKSESUAIAN_IDENTITAS_MERCHANT,IDENTITY_MISMATCH
603,"Setelah transaksi QRIS berhasil, saya cek notifikasi dan struk digital di perbankan saya. Nama penerima dana cocok dan identik dengan plang nama toko di depan saya.",QRIS_NORMAL_MERCHANT_TERPERCAYA,IDENTITY_MATCH
603,"Setelah transaksi QRIS berhasil, saya cek notifikasi dan struk digital di perbankan saya. Nama penerima dana tidak cocok dan berbeda jauh dari plang nama toko di depan saya.",KETIDAKSESUAIAN_IDENTITAS_MERCHANT,IDENTITY_MISMATCH
604,"Tadi saya bayar pakai QRIS di Boba Fresh Delight. Pembayaran sukses, lalu saat mengecek rincian transaksi di aplikasi, nama merchant yang tercantum valid dan konsisten dengan identitas resmi merchant.",QRIS_NORMAL_MERCHANT_TERPERCAYA,IDENTITY_MATCH
604,"Tadi saya bayar pakai QRIS di Boba Fresh Delight. Pembayaran sukses, lalu saat mengecek rincian transaksi di aplikasi, nama merchant yang tercantum tidak konsisten dan mengindikasikan rekening pihak ketiga yang mencurigakan.",KETIDAKSESUAIAN_IDENTITAS_MERCHANT,IDENTITY_MISMATCH
605,"Setelah transaksi QRIS berhasil, saya cek notifikasi dan struk digital di perbankan saya. Nama penerima dana tepat milik toko ini tanpa ada perbedaan sedikit pun.",QRIS_NORMAL_MERCHANT_TERPERCAYA,IDENTITY_MATCH
605,"Setelah transaksi QRIS berhasil, saya cek notifikasi dan struk digital di perbankan saya. Nama penerima dana bukan milik toko ini melainkan atas nama perseorangan.",KETIDAKSESUAIAN_IDENTITAS_MERCHANT,IDENTITY_MISMATCH
606,"Kasir di Ganteng Barbershop mengarahkan untuk scan barcode QRIS. Saya mencocokkan nama usaha pada aplikasi pembayaran dengan nama toko, dan hasilnya identik dengan nama toko dan tidak ada kejanggalan.",QRIS_NORMAL_MERCHANT_TERPERCAYA,IDENTITY_MATCH
606,"Kasir di Ganteng Barbershop mengarahkan untuk scan barcode QRIS. Saya mencocokkan nama usaha pada aplikasi pembayaran dengan nama toko, dan hasilnya berbeda dari nama toko sehingga menimbulkan kecurigaan.",KETIDAKSESUAIAN_IDENTITAS_MERCHANT,IDENTITY_MISMATCH
607,"Setelah transaksi QRIS berhasil, saya cek notifikasi dan struk digital di perbankan saya. Nama penerima dana identik dengan nama toko dan tidak ada kejanggalan.",QRIS_NORMAL_MERCHANT_TERPERCAYA,IDENTITY_MATCH
607,"Setelah transaksi QRIS berhasil, saya cek notifikasi dan struk digital di perbankan saya. Nama penerima dana berbeda dari nama toko sehingga menimbulkan kecurigaan.",KETIDAKSESUAIAN_IDENTITAS_MERCHANT,IDENTITY_MISMATCH
608,"Sebelum menekan tombol konfirmasi pembayaran QRIS di bengkel motor, saya memeriksa nama penerima di layar aplikasi. Hasil pengecekan menunjukkan nama penerima tepat milik toko ini tanpa ada perbedaan sedikit pun, dan transaksi berhasil diproses.",QRIS_NORMAL_MERCHANT_TERPERCAYA,IDENTITY_MATCH
608,"Sebelum menekan tombol konfirmasi pembayaran QRIS di bengkel motor, saya memeriksa nama penerima di layar aplikasi. Hasil pengecekan menunjukkan nama penerima bukan milik toko ini melainkan atas nama perseorangan, dan transaksi berhasil diproses.",KETIDAKSESUAIAN_IDENTITAS_MERCHANT,IDENTITY_MISMATCH
609,"Kasir di Minimarket Barokah mengarahkan untuk scan barcode QRIS. Saya mencocokkan nama usaha pada aplikasi pembayaran dengan nama toko, dan hasilnya memang resmi atas nama gerai tersebut.",QRIS_NORMAL_MERCHANT_TERPERCAYA,IDENTITY_MATCH
609,"Kasir di Minimarket Barokah mengarahkan untuk scan barcode QRIS. Saya mencocokkan nama usaha pada aplikasi pembayaran dengan nama toko, dan hasilnya malah mengarah ke rekening pribadi orang lain yang tidak dikenal.",KETIDAKSESUAIAN_IDENTITAS_MERCHANT,IDENTITY_MISMATCH
610,"Demi keamanan sebelum bayar QRIS, saya memastikan identitas penerima terlebih dahulu. Nama yang terdaftar pada sistem memang resmi atas nama gerai tersebut.",QRIS_NORMAL_MERCHANT_TERPERCAYA,IDENTITY_MATCH
610,"Demi keamanan sebelum bayar QRIS, saya memastikan identitas penerima terlebih dahulu. Nama yang terdaftar pada sistem malah mengarah ke rekening pribadi orang lain yang tidak dikenal.",KETIDAKSESUAIAN_IDENTITAS_MERCHANT,IDENTITY_MISMATCH
611,"Kasir di Apotek Sehat Medika mengarahkan untuk scan barcode QRIS. Saya mencocokkan nama usaha pada aplikasi pembayaran dengan nama toko, dan hasilnya cocok dan identik dengan plang nama toko di depan saya.",QRIS_NORMAL_MERCHANT_TERPERCAYA,IDENTITY_MATCH
611,"Kasir di Apotek Sehat Medika mengarahkan untuk scan barcode QRIS. Saya mencocokkan nama usaha pada aplikasi pembayaran dengan nama toko, dan hasilnya tidak cocok dan berbeda jauh dari plang nama toko di depan saya.",KETIDAKSESUAIAN_IDENTITAS_MERCHANT,IDENTITY_MISMATCH
612,"Saat melakukan transaksi QRIS di meja kasir kedai kopi, saya teliti melihat nama penerima transfer pada e-wallet. Ternyata nama merchant tersebut benar-benar sesuai dengan nama tempat usaha yang saya datangi.",QRIS_NORMAL_MERCHANT_TERPERCAYA,IDENTITY_MATCH
612,"Saat melakukan transaksi QRIS di meja kasir kedai kopi, saya teliti melihat nama penerima transfer pada e-wallet. Ternyata nama merchant tersebut sama sekali tidak sesuai dengan nama tempat usaha yang saya datangi.",KETIDAKSESUAIAN_IDENTITAS_MERCHANT,IDENTITY_MISMATCH
613,"Nominal belanja sudah pas dan saya cek nama merchant di aplikasi pembayaran. Nama penerima identik dengan nama toko dan tidak ada kejanggalan, dan pembayaran selesai lancar.",QRIS_NORMAL_MERCHANT_TERPERCAYA,IDENTITY_MATCH
613,"Nominal belanja sudah pas dan saya cek nama merchant di aplikasi pembayaran. Nama penerima berbeda dari nama toko sehingga menimbulkan kecurigaan, dan pembayaran selesai lancar.",KETIDAKSESUAIAN_IDENTITAS_MERCHANT,IDENTITY_MISMATCH
614,Nama merchant yang muncul di aplikasi setelah scan QRIS sepenuhnya cocok dengan nama outlet tempat saya belanja.,QRIS_NORMAL_MERCHANT_TERPERCAYA,IDENTITY_MATCH
614,Nama merchant yang muncul di aplikasi setelah scan QRIS justru tidak cocok dan memunculkan nama pribadi asing.,KETIDAKSESUAIAN_IDENTITAS_MERCHANT,IDENTITY_MISMATCH
615,B,QRIS_NORMAL_MERCHANT_TERPERCAYA,IDENTITY_MATCH
615,B,KETIDAKSESUAIAN_IDENTITAS_MERCHANT,IDENTITY_MISMATCH
616,"Kasir di Toko Berkah Jaya mengarahkan untuk scan barcode QRIS. Saya mencocokkan nama usaha pada aplikasi pembayaran dengan nama toko, dan hasilnya cocok dan identik dengan plang nama toko di depan saya.",QRIS_NORMAL_MERCHANT_TERPERCAYA,IDENTITY_MATCH
616,"Kasir di Toko Berkah Jaya mengarahkan untuk scan barcode QRIS. Saya mencocokkan nama usaha pada aplikasi pembayaran dengan nama toko, dan hasilnya tidak cocok dan berbeda jauh dari plang nama toko di depan saya.",KETIDAKSESUAIAN_IDENTITAS_MERCHANT,IDENTITY_MISMATCH
617,B,QRIS_NORMAL_MERCHANT_TERPERCAYA,IDENTITY_MATCH
617,B,KETIDAKSESUAIAN_IDENTITAS_MERCHANT,IDENTITY_MISMATCH
618,"Demi keamanan sebelum bayar QRIS, saya memastikan identitas penerima terlebih dahulu. Nama yang terdaftar pada sistem sama persis dengan nama toko tempat saya berbelanja.",QRIS_NORMAL_MERCHANT_TERPERCAYA,IDENTITY_MATCH
618,"Demi keamanan sebelum bayar QRIS, saya memastikan identitas penerima terlebih dahulu. Nama yang terdaftar pada sistem berbeda dengan nama toko tempat saya berbelanja.",KETIDAKSESUAIAN_IDENTITAS_MERCHANT,IDENTITY_MISMATCH
619,Nama merchant yang muncul di aplikasi setelah scan QRIS memang resmi atas nama gerai tersebut.,QRIS_NORMAL_MERCHANT_TERPERCAYA,IDENTITY_MATCH
619,Nama merchant yang muncul di aplikasi setelah scan QRIS malah mengarah ke rekening pribadi orang lain yang tidak dikenal.,KETIDAKSESUAIAN_IDENTITAS_MERCHANT,IDENTITY_MISMATCH
620,B,QRIS_NORMAL_MERCHANT_TERPERCAYA,IDENTITY_MATCH
620,B,KETIDAKSESUAIAN_IDENTITAS_MERCHANT,IDENTITY_MISMATCH
621,"Demi keamanan sebelum bayar QRIS, saya memastikan identitas penerima terlebih dahulu. Nama yang terdaftar pada sistem memang resmi atas nama gerai tersebut.",QRIS_NORMAL_MERCHANT_TERPERCAYA,IDENTITY_MATCH
621,"Demi keamanan sebelum bayar QRIS, saya memastikan identitas penerima terlebih dahulu. Nama yang terdaftar pada sistem malah mengarah ke rekening pribadi orang lain yang tidak dikenal.",KETIDAKSESUAIAN_IDENTITAS_MERCHANT,IDENTITY_MISMATCH
622,Saya memeriksa detail informasi QRIS termasuk NMID dan nama merchant sebelum transfer. Informasi yang tampil di layar HP valid dan konsisten dengan identitas resmi merchant.,QRIS_NORMAL_MERCHANT_TERPERCAYA,IDENTITY_MATCH
622,Saya memeriksa detail informasi QRIS termasuk NMID dan nama merchant sebelum transfer. Informasi yang tampil di layar HP tidak konsisten dan mengindikasikan rekening pihak ketiga yang mencurigakan.,KETIDAKSESUAIAN_IDENTITAS_MERCHANT,IDENTITY_MISMATCH
623,"Demi keamanan sebelum bayar QRIS, saya memastikan identitas penerima terlebih dahulu. Nama yang terdaftar pada sistem memang resmi atas nama gerai tersebut.",QRIS_NORMAL_MERCHANT_TERPERCAYA,IDENTITY_MATCH
623,"Demi keamanan sebelum bayar QRIS, saya memastikan identitas penerima terlebih dahulu. Nama yang terdaftar pada sistem malah mengarah ke rekening pribadi orang lain yang tidak dikenal.",KETIDAKSESUAIAN_IDENTITAS_MERCHANT,IDENTITY_MISMATCH
624,B,QRIS_NORMAL_MERCHANT_TERPERCAYA,IDENTITY_MATCH
624,B,KETIDAKSESUAIAN_IDENTITAS_MERCHANT,IDENTITY_MISMATCH
625,"Saat melakukan transaksi QRIS di meja kasir counter pulsa, saya teliti melihat nama penerima transfer pada e-wallet. Ternyata nama merchant tersebut benar terdaftar atas nama merchant tersebut.",QRIS_NORMAL_MERCHANT_TERPERCAYA,IDENTITY_MATCH
625,"Saat melakukan transaksi QRIS di meja kasir counter pulsa, saya teliti melihat nama penerima transfer pada e-wallet. Ternyata nama merchant tersebut justru tertera nama merchant lain yang sama sekali berbeda.",KETIDAKSESUAIAN_IDENTITAS_MERCHANT,IDENTITY_MISMATCH
626,"Nominal belanja sudah pas dan saya cek nama merchant di aplikasi pembayaran. Nama penerima benar terdaftar atas nama merchant tersebut, dan pembayaran selesai lancar.",QRIS_NORMAL_MERCHANT_TERPERCAYA,IDENTITY_MATCH
626,"Nominal belanja sudah pas dan saya cek nama merchant di aplikasi pembayaran. Nama penerima justru tertera nama merchant lain yang sama sekali berbeda, dan pembayaran selesai lancar.",KETIDAKSESUAIAN_IDENTITAS_MERCHANT,IDENTITY_MISMATCH
627,Saya memeriksa detail informasi QRIS termasuk NMID dan nama merchant sebelum transfer. Informasi yang tampil di layar HP sepenuhnya cocok dengan nama outlet tempat saya belanja.,QRIS_NORMAL_MERCHANT_TERPERCAYA,IDENTITY_MATCH
627,Saya memeriksa detail informasi QRIS termasuk NMID dan nama merchant sebelum transfer. Informasi yang tampil di layar HP justru tidak cocok dan memunculkan nama pribadi asing.,KETIDAKSESUAIAN_IDENTITAS_MERCHANT,IDENTITY_MISMATCH
628,"Saat melakukan transaksi QRIS di meja kasir toko kelontong, saya teliti melihat nama penerima transfer pada e-wallet. Ternyata nama merchant tersebut sama persis dengan nama toko tempat saya berbelanja.",QRIS_NORMAL_MERCHANT_TERPERCAYA,IDENTITY_MATCH
628,"Saat melakukan transaksi QRIS di meja kasir toko kelontong, saya teliti melihat nama penerima transfer pada e-wallet. Ternyata nama merchant tersebut berbeda dengan nama toko tempat saya berbelanja.",KETIDAKSESUAIAN_IDENTITAS_MERCHANT,IDENTITY_MISMATCH
629,"Demi keamanan sebelum bayar QRIS, saya memastikan identitas penerima terlebih dahulu. Nama yang terdaftar pada sistem tepat milik toko ini tanpa ada perbedaan sedikit pun.",QRIS_NORMAL_MERCHANT_TERPERCAYA,IDENTITY_MATCH
629,"Demi keamanan sebelum bayar QRIS, saya memastikan identitas penerima terlebih dahulu. Nama yang terdaftar pada sistem bukan milik toko ini melainkan atas nama perseorangan.",KETIDAKSESUAIAN_IDENTITAS_MERCHANT,IDENTITY_MISMATCH
630,"Tadi saya bayar pakai QRIS di Rumah Makan Sederhana Minang. Pembayaran sukses, lalu saat mengecek rincian transaksi di aplikasi, nama merchant yang tercantum identik dengan nama toko dan tidak ada kejanggalan.",QRIS_NORMAL_MERCHANT_TERPERCAYA,IDENTITY_MATCH
630,"Tadi saya bayar pakai QRIS di Rumah Makan Sederhana Minang. Pembayaran sukses, lalu saat mengecek rincian transaksi di aplikasi, nama merchant yang tercantum berbeda dari nama toko sehingga menimbulkan kecurigaan.",KETIDAKSESUAIAN_IDENTITAS_MERCHANT,IDENTITY_MISMATCH
631,"Tadi saya bayar pakai QRIS di Ganteng Barbershop. Pembayaran sukses, lalu saat mengecek rincian transaksi di aplikasi, nama merchant yang tercantum valid dan konsisten dengan identitas resmi merchant.",QRIS_NORMAL_MERCHANT_TERPERCAYA,IDENTITY_MATCH
631,"Tadi saya bayar pakai QRIS di Ganteng Barbershop. Pembayaran sukses, lalu saat mengecek rincian transaksi di aplikasi, nama merchant yang tercantum tidak konsisten dan mengindikasikan rekening pihak ketiga yang mencurigakan.",KETIDAKSESUAIAN_IDENTITAS_MERCHANT,IDENTITY_MISMATCH
632,"Kasir di Kopi Kenangan Senja mengarahkan untuk scan barcode QRIS. Saya mencocokkan nama usaha pada aplikasi pembayaran dengan nama toko, dan hasilnya valid dan konsisten dengan identitas resmi merchant.",QRIS_NORMAL_MERCHANT_TERPERCAYA,IDENTITY_MATCH
632,"Kasir di Kopi Kenangan Senja mengarahkan untuk scan barcode QRIS. Saya mencocokkan nama usaha pada aplikasi pembayaran dengan nama toko, dan hasilnya tidak konsisten dan mengindikasikan rekening pihak ketiga yang mencurigakan.",KETIDAKSESUAIAN_IDENTITAS_MERCHANT,IDENTITY_MISMATCH
633,"Nominal belanja sudah pas dan saya cek nama merchant di aplikasi pembayaran. Nama penerima cocok dan identik dengan plang nama toko di depan saya, dan pembayaran selesai lancar.",QRIS_NORMAL_MERCHANT_TERPERCAYA,IDENTITY_MATCH
633,"Nominal belanja sudah pas dan saya cek nama merchant di aplikasi pembayaran. Nama penerima tidak cocok dan berbeda jauh dari plang nama toko di depan saya, dan pembayaran selesai lancar.",KETIDAKSESUAIAN_IDENTITAS_MERCHANT,IDENTITY_MISMATCH
634,"Setelah transaksi QRIS berhasil, saya cek notifikasi dan struk digital di perbankan saya. Nama penerima dana benar-benar sesuai dengan nama tempat usaha yang saya datangi.",QRIS_NORMAL_MERCHANT_TERPERCAYA,IDENTITY_MATCH
634,"Setelah transaksi QRIS berhasil, saya cek notifikasi dan struk digital di perbankan saya. Nama penerima dana sama sekali tidak sesuai dengan nama tempat usaha yang saya datangi.",KETIDAKSESUAIAN_IDENTITAS_MERCHANT,IDENTITY_MISMATCH
635,Saya memeriksa detail informasi QRIS termasuk NMID dan nama merchant sebelum transfer. Informasi yang tampil di layar HP sesuai dengan nama usaha yang tertera di kasir.,QRIS_NORMAL_MERCHANT_TERPERCAYA,IDENTITY_MATCH
635,Saya memeriksa detail informasi QRIS termasuk NMID dan nama merchant sebelum transfer. Informasi yang tampil di layar HP tidak sesuai dengan nama usaha yang tertera di kasir.,KETIDAKSESUAIAN_IDENTITAS_MERCHANT,IDENTITY_MISMATCH
636,Nama merchant yang muncul di aplikasi setelah scan QRIS sama persis dengan nama toko tempat saya berbelanja.,QRIS_NORMAL_MERCHANT_TERPERCAYA,IDENTITY_MATCH
636,Nama merchant yang muncul di aplikasi setelah scan QRIS berbeda dengan nama toko tempat saya berbelanja.,KETIDAKSESUAIAN_IDENTITAS_MERCHANT,IDENTITY_MISMATCH
637,"Sebelum menekan tombol konfirmasi pembayaran QRIS di laundry, saya memeriksa nama penerima di layar aplikasi. Hasil pengecekan menunjukkan nama penerima benar terdaftar atas nama merchant tersebut, dan transaksi berhasil diproses.",QRIS_NORMAL_MERCHANT_TERPERCAYA,IDENTITY_MATCH
637,"Sebelum menekan tombol konfirmasi pembayaran QRIS di laundry, saya memeriksa nama penerima di layar aplikasi. Hasil pengecekan menunjukkan nama penerima justru tertera nama merchant lain yang sama sekali berbeda, dan transaksi berhasil diproses.",KETIDAKSESUAIAN_IDENTITAS_MERCHANT,IDENTITY_MISMATCH
638,Nama merchant yang muncul di aplikasi setelah scan QRIS memang resmi atas nama gerai tersebut.,QRIS_NORMAL_MERCHANT_TERPERCAYA,IDENTITY_MATCH
638,Nama merchant yang muncul di aplikasi setelah scan QRIS malah mengarah ke rekening pribadi orang lain yang tidak dikenal.,KETIDAKSESUAIAN_IDENTITAS_MERCHANT,IDENTITY_MISMATCH
639,"Tadi saya bayar pakai QRIS di Laundry Wangi Bersih. Pembayaran sukses, lalu saat mengecek rincian transaksi di aplikasi, nama merchant yang tercantum tepat milik toko ini tanpa ada perbedaan sedikit pun.",QRIS_NORMAL_MERCHANT_TERPERCAYA,IDENTITY_MATCH
639,"Tadi saya bayar pakai QRIS di Laundry Wangi Bersih. Pembayaran sukses, lalu saat mengecek rincian transaksi di aplikasi, nama merchant yang tercantum bukan milik toko ini melainkan atas nama perseorangan.",KETIDAKSESUAIAN_IDENTITAS_MERCHANT,IDENTITY_MISMATCH
640,"Sebelum menekan tombol konfirmasi pembayaran QRIS di apotek, saya memeriksa nama penerima di layar aplikasi. Hasil pengecekan menunjukkan nama penerima tepat milik toko ini tanpa ada perbedaan sedikit pun, dan transaksi berhasil diproses.",QRIS_NORMAL_MERCHANT_TERPERCAYA,IDENTITY_MATCH
640,"Sebelum menekan tombol konfirmasi pembayaran QRIS di apotek, saya memeriksa nama penerima di layar aplikasi. Hasil pengecekan menunjukkan nama penerima bukan milik toko ini melainkan atas nama perseorangan, dan transaksi berhasil diproses.",KETIDAKSESUAIAN_IDENTITAS_MERCHANT,IDENTITY_MISMATCH
641,"Tadi saya bayar pakai QRIS di Toko Buku Gemilang. Pembayaran sukses, lalu saat mengecek rincian transaksi di aplikasi, nama merchant yang tercantum tepat milik toko ini tanpa ada perbedaan sedikit pun.",QRIS_NORMAL_MERCHANT_TERPERCAYA,IDENTITY_MATCH
641,"Tadi saya bayar pakai QRIS di Toko Buku Gemilang. Pembayaran sukses, lalu saat mengecek rincian transaksi di aplikasi, nama merchant yang tercantum bukan milik toko ini melainkan atas nama perseorangan.",KETIDAKSESUAIAN_IDENTITAS_MERCHANT,IDENTITY_MISMATCH
642,"Kasir di Fashion Style Boutique mengarahkan untuk scan barcode QRIS. Saya mencocokkan nama usaha pada aplikasi pembayaran dengan nama toko, dan hasilnya cocok dan identik dengan plang nama toko di depan saya.",QRIS_NORMAL_MERCHANT_TERPERCAYA,IDENTITY_MATCH
642,"Kasir di Fashion Style Boutique mengarahkan untuk scan barcode QRIS. Saya mencocokkan nama usaha pada aplikasi pembayaran dengan nama toko, dan hasilnya tidak cocok dan berbeda jauh dari plang nama toko di depan saya.",KETIDAKSESUAIAN_IDENTITAS_MERCHANT,IDENTITY_MISMATCH
643,"Saat melakukan transaksi QRIS di meja kasir warung makan, saya teliti melihat nama penerima transfer pada e-wallet. Ternyata nama merchant tersebut sesuai dengan nama usaha yang tertera di kasir.",QRIS_NORMAL_MERCHANT_TERPERCAYA,IDENTITY_MATCH
643,"Saat melakukan transaksi QRIS di meja kasir warung makan, saya teliti melihat nama penerima transfer pada e-wallet. Ternyata nama merchant tersebut tidak sesuai dengan nama usaha yang tertera di kasir.",KETIDAKSESUAIAN_IDENTITAS_MERCHANT,IDENTITY_MISMATCH
644,"Kasir di Bakso Super Urat Mas Bejo mengarahkan untuk scan barcode QRIS. Saya mencocokkan nama usaha pada aplikasi pembayaran dengan nama toko, dan hasilnya sesuai dengan nama usaha yang tertera di kasir.",QRIS_NORMAL_MERCHANT_TERPERCAYA,IDENTITY_MATCH
644,"Kasir di Bakso Super Urat Mas Bejo mengarahkan untuk scan barcode QRIS. Saya mencocokkan nama usaha pada aplikasi pembayaran dengan nama toko, dan hasilnya tidak sesuai dengan nama usaha yang tertera di kasir.",KETIDAKSESUAIAN_IDENTITAS_MERCHANT,IDENTITY_MISMATCH
645,B,QRIS_NORMAL_MERCHANT_TERPERCAYA,IDENTITY_MATCH
645,B,KETIDAKSESUAIAN_IDENTITAS_MERCHANT,IDENTITY_MISMATCH
646,"Tadi saya bayar pakai QRIS di Toko Buku Gemilang. Pembayaran sukses, lalu saat mengecek rincian transaksi di aplikasi, nama merchant yang tercantum sama persis dengan nama toko tempat saya berbelanja.",QRIS_NORMAL_MERCHANT_TERPERCAYA,IDENTITY_MATCH
646,"Tadi saya bayar pakai QRIS di Toko Buku Gemilang. Pembayaran sukses, lalu saat mengecek rincian transaksi di aplikasi, nama merchant yang tercantum berbeda dengan nama toko tempat saya berbelanja.",KETIDAKSESUAIAN_IDENTITAS_MERCHANT,IDENTITY_MISMATCH
647,Saya memeriksa detail informasi QRIS termasuk NMID dan nama merchant sebelum transfer. Informasi yang tampil di layar HP cocok dan identik dengan plang nama toko di depan saya.,QRIS_NORMAL_MERCHANT_TERPERCAYA,IDENTITY_MATCH
647,Saya memeriksa detail informasi QRIS termasuk NMID dan nama merchant sebelum transfer. Informasi yang tampil di layar HP tidak cocok dan berbeda jauh dari plang nama toko di depan saya.,KETIDAKSESUAIAN_IDENTITAS_MERCHANT,IDENTITY_MISMATCH
648,B,QRIS_NORMAL_MERCHANT_TERPERCAYA,IDENTITY_MATCH
648,B,KETIDAKSESUAIAN_IDENTITAS_MERCHANT,IDENTITY_MISMATCH
649,"Tadi saya bayar pakai QRIS di Laundry Wangi Bersih. Pembayaran sukses, lalu saat mengecek rincian transaksi di aplikasi, nama merchant yang tercantum valid dan konsisten dengan identitas resmi merchant.",QRIS_NORMAL_MERCHANT_TERPERCAYA,IDENTITY_MATCH
649,"Tadi saya bayar pakai QRIS di Laundry Wangi Bersih. Pembayaran sukses, lalu saat mengecek rincian transaksi di aplikasi, nama merchant yang tercantum tidak konsisten dan mengindikasikan rekening pihak ketiga yang mencurigakan.",KETIDAKSESUAIAN_IDENTITAS_MERCHANT,IDENTITY_MISMATCH
650,"Saat melakukan transaksi QRIS di meja kasir apotek, saya teliti melihat nama penerima transfer pada e-wallet. Ternyata nama merchant tersebut benar-benar sesuai dengan nama tempat usaha yang saya datangi.",QRIS_NORMAL_MERCHANT_TERPERCAYA,IDENTITY_MATCH
650,"Saat melakukan transaksi QRIS di meja kasir apotek, saya teliti melihat nama penerima transfer pada e-wallet. Ternyata nama merchant tersebut sama sekali tidak sesuai dengan nama tempat usaha yang saya datangi.",KETIDAKSESUAIAN_IDENTITAS_MERCHANT,IDENTITY_MISMATCH
651,Saya memeriksa detail informasi QRIS termasuk NMID dan nama merchant sebelum transfer. Informasi yang tampil di layar HP benar terdaftar atas nama merchant tersebut.,QRIS_NORMAL_MERCHANT_TERPERCAYA,IDENTITY_MATCH
651,Saya memeriksa detail informasi QRIS termasuk NMID dan nama merchant sebelum transfer. Informasi yang tampil di layar HP justru tertera nama merchant lain yang sama sekali berbeda.,KETIDAKSESUAIAN_IDENTITAS_MERCHANT,IDENTITY_MISMATCH
652,B,QRIS_NORMAL_MERCHANT_TERPERCAYA,IDENTITY_MATCH
652,B,KETIDAKSESUAIAN_IDENTITAS_MERCHANT,IDENTITY_MISMATCH
653,"Tadi saya bayar pakai QRIS di Kopi Kenangan Senja. Pembayaran sukses, lalu saat mengecek rincian transaksi di aplikasi, nama merchant yang tercantum sesuai dengan nama usaha yang tertera di kasir.",QRIS_NORMAL_MERCHANT_TERPERCAYA,IDENTITY_MATCH
653,"Tadi saya bayar pakai QRIS di Kopi Kenangan Senja. Pembayaran sukses, lalu saat mengecek rincian transaksi di aplikasi, nama merchant yang tercantum tidak sesuai dengan nama usaha yang tertera di kasir.",KETIDAKSESUAIAN_IDENTITAS_MERCHANT,IDENTITY_MISMATCH
654,"Nominal belanja sudah pas dan saya cek nama merchant di aplikasi pembayaran. Nama penerima sama persis dengan nama toko tempat saya berbelanja, dan pembayaran selesai lancar.",QRIS_NORMAL_MERCHANT_TERPERCAYA,IDENTITY_MATCH
654,"Nominal belanja sudah pas dan saya cek nama merchant di aplikasi pembayaran. Nama penerima berbeda dengan nama toko tempat saya berbelanja, dan pembayaran selesai lancar.",KETIDAKSESUAIAN_IDENTITAS_MERCHANT,IDENTITY_MISMATCH
655,"Nominal belanja sudah pas dan saya cek nama merchant di aplikasi pembayaran. Nama penerima sepenuhnya cocok dengan nama outlet tempat saya belanja, dan pembayaran selesai lancar.",QRIS_NORMAL_MERCHANT_TERPERCAYA,IDENTITY_MATCH
655,"Nominal belanja sudah pas dan saya cek nama merchant di aplikasi pembayaran. Nama penerima justru tidak cocok dan memunculkan nama pribadi asing, dan pembayaran selesai lancar.",KETIDAKSESUAIAN_IDENTITAS_MERCHANT,IDENTITY_MISMATCH
656,"Kasir di Apotek Sehat Medika mengarahkan untuk scan barcode QRIS. Saya mencocokkan nama usaha pada aplikasi pembayaran dengan nama toko, dan hasilnya valid dan konsisten dengan identitas resmi merchant.",QRIS_NORMAL_MERCHANT_TERPERCAYA,IDENTITY_MATCH
656,"Kasir di Apotek Sehat Medika mengarahkan untuk scan barcode QRIS. Saya mencocokkan nama usaha pada aplikasi pembayaran dengan nama toko, dan hasilnya tidak konsisten dan mengindikasikan rekening pihak ketiga yang mencurigakan.",KETIDAKSESUAIAN_IDENTITAS_MERCHANT,IDENTITY_MISMATCH
657,"Sebelum menekan tombol konfirmasi pembayaran QRIS di laundry, saya memeriksa nama penerima di layar aplikasi. Hasil pengecekan menunjukkan nama penerima sepenuhnya cocok dengan nama outlet tempat saya belanja, dan transaksi berhasil diproses.",QRIS_NORMAL_MERCHANT_TERPERCAYA,IDENTITY_MATCH
657,"Sebelum menekan tombol konfirmasi pembayaran QRIS di laundry, saya memeriksa nama penerima di layar aplikasi. Hasil pengecekan menunjukkan nama penerima justru tidak cocok dan memunculkan nama pribadi asing, dan transaksi berhasil diproses.",KETIDAKSESUAIAN_IDENTITAS_MERCHANT,IDENTITY_MISMATCH
658,Saya memeriksa detail informasi QRIS termasuk NMID dan nama merchant sebelum transfer. Informasi yang tampil di layar HP sepenuhnya cocok dengan nama outlet tempat saya belanja.,QRIS_NORMAL_MERCHANT_TERPERCAYA,IDENTITY_MATCH
658,Saya memeriksa detail informasi QRIS termasuk NMID dan nama merchant sebelum transfer. Informasi yang tampil di layar HP justru tidak cocok dan memunculkan nama pribadi asing.,KETIDAKSESUAIAN_IDENTITAS_MERCHANT,IDENTITY_MISMATCH
659,"Kasir di Laundry Wangi Bersih mengarahkan untuk scan barcode QRIS. Saya mencocokkan nama usaha pada aplikasi pembayaran dengan nama toko, dan hasilnya benar-benar sesuai dengan nama tempat usaha yang saya datangi.",QRIS_NORMAL_MERCHANT_TERPERCAYA,IDENTITY_MATCH
659,"Kasir di Laundry Wangi Bersih mengarahkan untuk scan barcode QRIS. Saya mencocokkan nama usaha pada aplikasi pembayaran dengan nama toko, dan hasilnya sama sekali tidak sesuai dengan nama tempat usaha yang saya datangi.",KETIDAKSESUAIAN_IDENTITAS_MERCHANT,IDENTITY_MISMATCH
660,Nama merchant yang muncul di aplikasi setelah scan QRIS benar-benar sesuai dengan nama tempat usaha yang saya datangi.,QRIS_NORMAL_MERCHANT_TERPERCAYA,IDENTITY_MATCH
660,Nama merchant yang muncul di aplikasi setelah scan QRIS sama sekali tidak sesuai dengan nama tempat usaha yang saya datangi.,KETIDAKSESUAIAN_IDENTITAS_MERCHANT,IDENTITY_MISMATCH
661,"Nominal belanja sudah pas dan saya cek nama merchant di aplikasi pembayaran. Nama penerima identik dengan nama toko dan tidak ada kejanggalan, dan pembayaran selesai lancar.",QRIS_NORMAL_MERCHANT_TERPERCAYA,IDENTITY_MATCH
661,"Nominal belanja sudah pas dan saya cek nama merchant di aplikasi pembayaran. Nama penerima berbeda dari nama toko sehingga menimbulkan kecurigaan, dan pembayaran selesai lancar.",KETIDAKSESUAIAN_IDENTITAS_MERCHANT,IDENTITY_MISMATCH
662,"Nominal belanja sudah pas dan saya cek nama merchant di aplikasi pembayaran. Nama penerima identik dengan nama toko dan tidak ada kejanggalan, dan pembayaran selesai lancar.",QRIS_NORMAL_MERCHANT_TERPERCAYA,IDENTITY_MATCH
662,"Nominal belanja sudah pas dan saya cek nama merchant di aplikasi pembayaran. Nama penerima berbeda dari nama toko sehingga menimbulkan kecurigaan, dan pembayaran selesai lancar.",KETIDAKSESUAIAN_IDENTITAS_MERCHANT,IDENTITY_MISMATCH
663,"Setelah transaksi QRIS berhasil, saya cek notifikasi dan struk digital di perbankan saya. Nama penerima dana sesuai dengan nama usaha yang tertera di kasir.",QRIS_NORMAL_MERCHANT_TERPERCAYA,IDENTITY_MATCH
663,"Setelah transaksi QRIS berhasil, saya cek notifikasi dan struk digital di perbankan saya. Nama penerima dana tidak sesuai dengan nama usaha yang tertera di kasir.",KETIDAKSESUAIAN_IDENTITAS_MERCHANT,IDENTITY_MISMATCH
664,"Setelah transaksi QRIS berhasil, saya cek notifikasi dan struk digital di perbankan saya. Nama penerima dana tepat milik toko ini tanpa ada perbedaan sedikit pun.",QRIS_NORMAL_MERCHANT_TERPERCAYA,IDENTITY_MATCH
664,"Setelah transaksi QRIS berhasil, saya cek notifikasi dan struk digital di perbankan saya. Nama penerima dana bukan milik toko ini melainkan atas nama perseorangan.",KETIDAKSESUAIAN_IDENTITAS_MERCHANT,IDENTITY_MISMATCH
665,"Sebelum menekan tombol konfirmasi pembayaran QRIS di minimarket, saya memeriksa nama penerima di layar aplikasi. Hasil pengecekan menunjukkan nama penerima tepat milik toko ini tanpa ada perbedaan sedikit pun, dan transaksi berhasil diproses.",QRIS_NORMAL_MERCHANT_TERPERCAYA,IDENTITY_MATCH
665,"Sebelum menekan tombol konfirmasi pembayaran QRIS di minimarket, saya memeriksa nama penerima di layar aplikasi. Hasil pengecekan menunjukkan nama penerima bukan milik toko ini melainkan atas nama perseorangan, dan transaksi berhasil diproses.",KETIDAKSESUAIAN_IDENTITAS_MERCHANT,IDENTITY_MISMATCH
666,"Tadi saya bayar pakai QRIS di Fashion Style Boutique. Pembayaran sukses, lalu saat mengecek rincian transaksi di aplikasi, nama merchant yang tercantum tepat milik toko ini tanpa ada perbedaan sedikit pun.",QRIS_NORMAL_MERCHANT_TERPERCAYA,IDENTITY_MATCH
666,"Tadi saya bayar pakai QRIS di Fashion Style Boutique. Pembayaran sukses, lalu saat mengecek rincian transaksi di aplikasi, nama merchant yang tercantum bukan milik toko ini melainkan atas nama perseorangan.",KETIDAKSESUAIAN_IDENTITAS_MERCHANT,IDENTITY_MISMATCH
667,"Tadi saya bayar pakai QRIS di Apotek Sehat Medika. Pembayaran sukses, lalu saat mengecek rincian transaksi di aplikasi, nama merchant yang tercantum sepenuhnya cocok dengan nama outlet tempat saya belanja.",QRIS_NORMAL_MERCHANT_TERPERCAYA,IDENTITY_MATCH
667,"Tadi saya bayar pakai QRIS di Apotek Sehat Medika. Pembayaran sukses, lalu saat mengecek rincian transaksi di aplikasi, nama merchant yang tercantum justru tidak cocok dan memunculkan nama pribadi asing.",KETIDAKSESUAIAN_IDENTITAS_MERCHANT,IDENTITY_MISMATCH
668,Nama merchant yang muncul di aplikasi setelah scan QRIS cocok dan identik dengan plang nama toko di depan saya.,QRIS_NORMAL_MERCHANT_TERPERCAYA,IDENTITY_MATCH
668,Nama merchant yang muncul di aplikasi setelah scan QRIS tidak cocok dan berbeda jauh dari plang nama toko di depan saya.,KETIDAKSESUAIAN_IDENTITAS_MERCHANT,IDENTITY_MISMATCH
669,Nama merchant yang muncul di aplikasi setelah scan QRIS identik dengan nama toko dan tidak ada kejanggalan.,QRIS_NORMAL_MERCHANT_TERPERCAYA,IDENTITY_MATCH
669,Nama merchant yang muncul di aplikasi setelah scan QRIS berbeda dari nama toko sehingga menimbulkan kecurigaan.,KETIDAKSESUAIAN_IDENTITAS_MERCHANT,IDENTITY_MISMATCH
670,"Kasir di Bengkel Maju Lancar mengarahkan untuk scan barcode QRIS. Saya mencocokkan nama usaha pada aplikasi pembayaran dengan nama toko, dan hasilnya sesuai dengan nama usaha yang tertera di kasir.",QRIS_NORMAL_MERCHANT_TERPERCAYA,IDENTITY_MATCH
670,"Kasir di Bengkel Maju Lancar mengarahkan untuk scan barcode QRIS. Saya mencocokkan nama usaha pada aplikasi pembayaran dengan nama toko, dan hasilnya tidak sesuai dengan nama usaha yang tertera di kasir.",KETIDAKSESUAIAN_IDENTITAS_MERCHANT,IDENTITY_MISMATCH
671,"Demi keamanan sebelum bayar QRIS, saya memastikan identitas penerima terlebih dahulu. Nama yang terdaftar pada sistem cocok dan identik dengan plang nama toko di depan saya.",QRIS_NORMAL_MERCHANT_TERPERCAYA,IDENTITY_MATCH
671,"Demi keamanan sebelum bayar QRIS, saya memastikan identitas penerima terlebih dahulu. Nama yang terdaftar pada sistem tidak cocok dan berbeda jauh dari plang nama toko di depan saya.",KETIDAKSESUAIAN_IDENTITAS_MERCHANT,IDENTITY_MISMATCH
672,"Kasir di Fashion Style Boutique mengarahkan untuk scan barcode QRIS. Saya mencocokkan nama usaha pada aplikasi pembayaran dengan nama toko, dan hasilnya benar-benar sesuai dengan nama tempat usaha yang saya datangi.",QRIS_NORMAL_MERCHANT_TERPERCAYA,IDENTITY_MATCH
672,"Kasir di Fashion Style Boutique mengarahkan untuk scan barcode QRIS. Saya mencocokkan nama usaha pada aplikasi pembayaran dengan nama toko, dan hasilnya sama sekali tidak sesuai dengan nama tempat usaha yang saya datangi.",KETIDAKSESUAIAN_IDENTITAS_MERCHANT,IDENTITY_MISMATCH
673,"Demi keamanan sebelum bayar QRIS, saya memastikan identitas penerima terlebih dahulu. Nama yang terdaftar pada sistem sama persis dengan nama toko tempat saya berbelanja.",QRIS_NORMAL_MERCHANT_TERPERCAYA,IDENTITY_MATCH
673,"Demi keamanan sebelum bayar QRIS, saya memastikan identitas penerima terlebih dahulu. Nama yang terdaftar pada sistem berbeda dengan nama toko tempat saya berbelanja.",KETIDAKSESUAIAN_IDENTITAS_MERCHANT,IDENTITY_MISMATCH
674,Saya memeriksa detail informasi QRIS termasuk NMID dan nama merchant sebelum transfer. Informasi yang tampil di layar HP sama persis dengan nama toko tempat saya berbelanja.,QRIS_NORMAL_MERCHANT_TERPERCAYA,IDENTITY_MATCH
674,Saya memeriksa detail informasi QRIS termasuk NMID dan nama merchant sebelum transfer. Informasi yang tampil di layar HP berbeda dengan nama toko tempat saya berbelanja.,KETIDAKSESUAIAN_IDENTITAS_MERCHANT,IDENTITY_MISMATCH
675,Saya memeriksa detail informasi QRIS termasuk NMID dan nama merchant sebelum transfer. Informasi yang tampil di layar HP sama persis dengan nama toko tempat saya berbelanja.,QRIS_NORMAL_MERCHANT_TERPERCAYA,IDENTITY_MATCH
675,Saya memeriksa detail informasi QRIS termasuk NMID dan nama merchant sebelum transfer. Informasi yang tampil di layar HP berbeda dengan nama toko tempat saya berbelanja.,KETIDAKSESUAIAN_IDENTITAS_MERCHANT,IDENTITY_MISMATCH
676,"Saat melakukan transaksi QRIS di meja kasir bengkel motor, saya teliti melihat nama penerima transfer pada e-wallet. Ternyata nama merchant tersebut identik dengan nama toko dan tidak ada kejanggalan.",QRIS_NORMAL_MERCHANT_TERPERCAYA,IDENTITY_MATCH
676,"Saat melakukan transaksi QRIS di meja kasir bengkel motor, saya teliti melihat nama penerima transfer pada e-wallet. Ternyata nama merchant tersebut berbeda dari nama toko sehingga menimbulkan kecurigaan.",KETIDAKSESUAIAN_IDENTITAS_MERCHANT,IDENTITY_MISMATCH
677,"Nominal belanja sudah pas dan saya cek nama merchant di aplikasi pembayaran. Nama penerima sesuai dengan nama usaha yang tertera di kasir, dan pembayaran selesai lancar.",QRIS_NORMAL_MERCHANT_TERPERCAYA,IDENTITY_MATCH
677,"Nominal belanja sudah pas dan saya cek nama merchant di aplikasi pembayaran. Nama penerima tidak sesuai dengan nama usaha yang tertera di kasir, dan pembayaran selesai lancar.",KETIDAKSESUAIAN_IDENTITAS_MERCHANT,IDENTITY_MISMATCH
678,"Sebelum menekan tombol konfirmasi pembayaran QRIS di minimarket, saya memeriksa nama penerima di layar aplikasi. Hasil pengecekan menunjukkan nama penerima memang resmi atas nama gerai tersebut, dan transaksi berhasil diproses.",QRIS_NORMAL_MERCHANT_TERPERCAYA,IDENTITY_MATCH
678,"Sebelum menekan tombol konfirmasi pembayaran QRIS di minimarket, saya memeriksa nama penerima di layar aplikasi. Hasil pengecekan menunjukkan nama penerima malah mengarah ke rekening pribadi orang lain yang tidak dikenal, dan transaksi berhasil diproses.",KETIDAKSESUAIAN_IDENTITAS_MERCHANT,IDENTITY_MISMATCH
679,Nama merchant yang muncul di aplikasi setelah scan QRIS sama persis dengan nama toko tempat saya berbelanja.,QRIS_NORMAL_MERCHANT_TERPERCAYA,IDENTITY_MATCH
679,Nama merchant yang muncul di aplikasi setelah scan QRIS berbeda dengan nama toko tempat saya berbelanja.,KETIDAKSESUAIAN_IDENTITAS_MERCHANT,IDENTITY_MISMATCH
680,Nama merchant yang muncul di aplikasi setelah scan QRIS valid dan konsisten dengan identitas resmi merchant.,QRIS_NORMAL_MERCHANT_TERPERCAYA,IDENTITY_MATCH
680,Nama merchant yang muncul di aplikasi setelah scan QRIS tidak konsisten dan mengindikasikan rekening pihak ketiga yang mencurigakan.,KETIDAKSESUAIAN_IDENTITAS_MERCHANT,IDENTITY_MISMATCH
681,Nama merchant yang muncul di aplikasi setelah scan QRIS benar terdaftar atas nama merchant tersebut.,QRIS_NORMAL_MERCHANT_TERPERCAYA,IDENTITY_MATCH
681,Nama merchant yang muncul di aplikasi setelah scan QRIS justru tertera nama merchant lain yang sama sekali berbeda.,KETIDAKSESUAIAN_IDENTITAS_MERCHANT,IDENTITY_MISMATCH
682,"Setelah transaksi QRIS berhasil, saya cek notifikasi dan struk digital di perbankan saya. Nama penerima dana sesuai dengan nama usaha yang tertera di kasir.",QRIS_NORMAL_MERCHANT_TERPERCAYA,IDENTITY_MATCH
682,"Setelah transaksi QRIS berhasil, saya cek notifikasi dan struk digital di perbankan saya. Nama penerima dana tidak sesuai dengan nama usaha yang tertera di kasir.",KETIDAKSESUAIAN_IDENTITAS_MERCHANT,IDENTITY_MISMATCH
683,"Setelah transaksi QRIS berhasil, saya cek notifikasi dan struk digital di perbankan saya. Nama penerima dana tepat milik toko ini tanpa ada perbedaan sedikit pun.",QRIS_NORMAL_MERCHANT_TERPERCAYA,IDENTITY_MATCH
683,"Setelah transaksi QRIS berhasil, saya cek notifikasi dan struk digital di perbankan saya. Nama penerima dana bukan milik toko ini melainkan atas nama perseorangan.",KETIDAKSESUAIAN_IDENTITAS_MERCHANT,IDENTITY_MISMATCH
684,"Demi keamanan sebelum bayar QRIS, saya memastikan identitas penerima terlebih dahulu. Nama yang terdaftar pada sistem sesuai dengan nama usaha yang tertera di kasir.",QRIS_NORMAL_MERCHANT_TERPERCAYA,IDENTITY_MATCH
684,"Demi keamanan sebelum bayar QRIS, saya memastikan identitas penerima terlebih dahulu. Nama yang terdaftar pada sistem tidak sesuai dengan nama usaha yang tertera di kasir.",KETIDAKSESUAIAN_IDENTITAS_MERCHANT,IDENTITY_MISMATCH
685,"Nominal belanja sudah pas dan saya cek nama merchant di aplikasi pembayaran. Nama penerima valid dan konsisten dengan identitas resmi merchant, dan pembayaran selesai lancar.",QRIS_NORMAL_MERCHANT_TERPERCAYA,IDENTITY_MATCH
685,"Nominal belanja sudah pas dan saya cek nama merchant di aplikasi pembayaran. Nama penerima tidak konsisten dan mengindikasikan rekening pihak ketiga yang mencurigakan, dan pembayaran selesai lancar.",KETIDAKSESUAIAN_IDENTITAS_MERCHANT,IDENTITY_MISMATCH
686,"Tadi saya bayar pakai QRIS di Fashion Style Boutique. Pembayaran sukses, lalu saat mengecek rincian transaksi di aplikasi, nama merchant yang tercantum benar terdaftar atas nama merchant tersebut.",QRIS_NORMAL_MERCHANT_TERPERCAYA,IDENTITY_MATCH
686,"Tadi saya bayar pakai QRIS di Fashion Style Boutique. Pembayaran sukses, lalu saat mengecek rincian transaksi di aplikasi, nama merchant yang tercantum justru tertera nama merchant lain yang sama sekali berbeda.",KETIDAKSESUAIAN_IDENTITAS_MERCHANT,IDENTITY_MISMATCH
687,"Setelah transaksi QRIS berhasil, saya cek notifikasi dan struk digital di perbankan saya. Nama penerima dana sepenuhnya cocok dengan nama outlet tempat saya belanja.",QRIS_NORMAL_MERCHANT_TERPERCAYA,IDENTITY_MATCH
687,"Setelah transaksi QRIS berhasil, saya cek notifikasi dan struk digital di perbankan saya. Nama penerima dana justru tidak cocok dan memunculkan nama pribadi asing.",KETIDAKSESUAIAN_IDENTITAS_MERCHANT,IDENTITY_MISMATCH
688,"Kasir di Ganteng Barbershop mengarahkan untuk scan barcode QRIS. Saya mencocokkan nama usaha pada aplikasi pembayaran dengan nama toko, dan hasilnya identik dengan nama toko dan tidak ada kejanggalan.",QRIS_NORMAL_MERCHANT_TERPERCAYA,IDENTITY_MATCH
688,"Kasir di Ganteng Barbershop mengarahkan untuk scan barcode QRIS. Saya mencocokkan nama usaha pada aplikasi pembayaran dengan nama toko, dan hasilnya berbeda dari nama toko sehingga menimbulkan kecurigaan.",KETIDAKSESUAIAN_IDENTITAS_MERCHANT,IDENTITY_MISMATCH
689,Nama merchant yang muncul di aplikasi setelah scan QRIS benar-benar sesuai dengan nama tempat usaha yang saya datangi.,QRIS_NORMAL_MERCHANT_TERPERCAYA,IDENTITY_MATCH
689,Nama merchant yang muncul di aplikasi setelah scan QRIS sama sekali tidak sesuai dengan nama tempat usaha yang saya datangi.,KETIDAKSESUAIAN_IDENTITAS_MERCHANT,IDENTITY_MISMATCH
690,Nama merchant yang muncul di aplikasi setelah scan QRIS valid dan konsisten dengan identitas resmi merchant.,QRIS_NORMAL_MERCHANT_TERPERCAYA,IDENTITY_MATCH
690,Nama merchant yang muncul di aplikasi setelah scan QRIS tidak konsisten dan mengindikasikan rekening pihak ketiga yang mencurigakan.,KETIDAKSESUAIAN_IDENTITAS_MERCHANT,IDENTITY_MISMATCH
691,"Demi keamanan sebelum bayar QRIS, saya memastikan identitas penerima terlebih dahulu. Nama yang terdaftar pada sistem sepenuhnya cocok dengan nama outlet tempat saya belanja.",QRIS_NORMAL_MERCHANT_TERPERCAYA,IDENTITY_MATCH
691,"Demi keamanan sebelum bayar QRIS, saya memastikan identitas penerima terlebih dahulu. Nama yang terdaftar pada sistem justru tidak cocok dan memunculkan nama pribadi asing.",KETIDAKSESUAIAN_IDENTITAS_MERCHANT,IDENTITY_MISMATCH
692,"Setelah transaksi QRIS berhasil, saya cek notifikasi dan struk digital di perbankan saya. Nama penerima dana cocok dan identik dengan plang nama toko di depan saya.",QRIS_NORMAL_MERCHANT_TERPERCAYA,IDENTITY_MATCH
692,"Setelah transaksi QRIS berhasil, saya cek notifikasi dan struk digital di perbankan saya. Nama penerima dana tidak cocok dan berbeda jauh dari plang nama toko di depan saya.",KETIDAKSESUAIAN_IDENTITAS_MERCHANT,IDENTITY_MISMATCH
693,"Demi keamanan sebelum bayar QRIS, saya memastikan identitas penerima terlebih dahulu. Nama yang terdaftar pada sistem tepat milik toko ini tanpa ada perbedaan sedikit pun.",QRIS_NORMAL_MERCHANT_TERPERCAYA,IDENTITY_MATCH
693,"Demi keamanan sebelum bayar QRIS, saya memastikan identitas penerima terlebih dahulu. Nama yang terdaftar pada sistem bukan milik toko ini melainkan atas nama perseorangan.",KETIDAKSESUAIAN_IDENTITAS_MERCHANT,IDENTITY_MISMATCH
694,"Sebelum menekan tombol konfirmasi pembayaran QRIS di counter pulsa, saya memeriksa nama penerima di layar aplikasi. Hasil pengecekan menunjukkan nama penerima tepat milik toko ini tanpa ada perbedaan sedikit pun, dan transaksi berhasil diproses.",QRIS_NORMAL_MERCHANT_TERPERCAYA,IDENTITY_MATCH
694,"Sebelum menekan tombol konfirmasi pembayaran QRIS di counter pulsa, saya memeriksa nama penerima di layar aplikasi. Hasil pengecekan menunjukkan nama penerima bukan milik toko ini melainkan atas nama perseorangan, dan transaksi berhasil diproses.",KETIDAKSESUAIAN_IDENTITAS_MERCHANT,IDENTITY_MISMATCH
695,"Setelah transaksi QRIS berhasil, saya cek notifikasi dan struk digital di perbankan saya. Nama penerima dana valid dan konsisten dengan identitas resmi merchant.",QRIS_NORMAL_MERCHANT_TERPERCAYA,IDENTITY_MATCH
695,"Setelah transaksi QRIS berhasil, saya cek notifikasi dan struk digital di perbankan saya. Nama penerima dana tidak konsisten dan mengindikasikan rekening pihak ketiga yang mencurigakan.",KETIDAKSESUAIAN_IDENTITAS_MERCHANT,IDENTITY_MISMATCH
696,"Sebelum menekan tombol konfirmasi pembayaran QRIS di toko buah, saya memeriksa nama penerima di layar aplikasi. Hasil pengecekan menunjukkan nama penerima benar-benar sesuai dengan nama tempat usaha yang saya datangi, dan transaksi berhasil diproses.",QRIS_NORMAL_MERCHANT_TERPERCAYA,IDENTITY_MATCH
696,"Sebelum menekan tombol konfirmasi pembayaran QRIS di toko buah, saya memeriksa nama penerima di layar aplikasi. Hasil pengecekan menunjukkan nama penerima sama sekali tidak sesuai dengan nama tempat usaha yang saya datangi, dan transaksi berhasil diproses.",KETIDAKSESUAIAN_IDENTITAS_MERCHANT,IDENTITY_MISMATCH
697,"Setelah transaksi QRIS berhasil, saya cek notifikasi dan struk digital di perbankan saya. Nama penerima dana tepat milik toko ini tanpa ada perbedaan sedikit pun.",QRIS_NORMAL_MERCHANT_TERPERCAYA,IDENTITY_MATCH
697,"Setelah transaksi QRIS berhasil, saya cek notifikasi dan struk digital di perbankan saya. Nama penerima dana bukan milik toko ini melainkan atas nama perseorangan.",KETIDAKSESUAIAN_IDENTITAS_MERCHANT,IDENTITY_MISMATCH
698,"Kasir di Rumah Makan Sederhana Minang mengarahkan untuk scan barcode QRIS. Saya mencocokkan nama usaha pada aplikasi pembayaran dengan nama toko, dan hasilnya sama persis dengan nama toko tempat saya berbelanja.",QRIS_NORMAL_MERCHANT_TERPERCAYA,IDENTITY_MATCH
698,"Kasir di Rumah Makan Sederhana Minang mengarahkan untuk scan barcode QRIS. Saya mencocokkan nama usaha pada aplikasi pembayaran dengan nama toko, dan hasilnya berbeda dengan nama toko tempat saya berbelanja.",KETIDAKSESUAIAN_IDENTITAS_MERCHANT,IDENTITY_MISMATCH
699,B,QRIS_NORMAL_MERCHANT_TERPERCAYA,IDENTITY_MATCH
699,B,KETIDAKSESUAIAN_IDENTITAS_MERCHANT,IDENTITY_MISMATCH
700,"Kasir di Warung Bu Siti mengarahkan untuk scan barcode QRIS. Saya mencocokkan nama usaha pada aplikasi pembayaran dengan nama toko, dan hasilnya benar-benar sesuai dengan nama tempat usaha yang saya datangi.",QRIS_NORMAL_MERCHANT_TERPERCAYA,IDENTITY_MATCH
700,"Kasir di Warung Bu Siti mengarahkan untuk scan barcode QRIS. Saya mencocokkan nama usaha pada aplikasi pembayaran dengan nama toko, dan hasilnya sama sekali tidak sesuai dengan nama tempat usaha yang saya datangi.",KETIDAKSESUAIAN_IDENTITAS_MERCHANT,IDENTITY_MISMATCH
701,Nama merchant yang muncul di aplikasi setelah scan QRIS tepat milik toko ini tanpa ada perbedaan sedikit pun.,QRIS_NORMAL_MERCHANT_TERPERCAYA,IDENTITY_MATCH
701,Nama merchant yang muncul di aplikasi setelah scan QRIS bukan milik toko ini melainkan atas nama perseorangan.,KETIDAKSESUAIAN_IDENTITAS_MERCHANT,IDENTITY_MISMATCH
702,B,QRIS_NORMAL_MERCHANT_TERPERCAYA,IDENTITY_MATCH
702,B,KETIDAKSESUAIAN_IDENTITAS_MERCHANT,IDENTITY_MISMATCH
703,"Kasir di Boba Fresh Delight mengarahkan untuk scan barcode QRIS. Saya mencocokkan nama usaha pada aplikasi pembayaran dengan nama toko, dan hasilnya sesuai dengan nama usaha yang tertera di kasir.",QRIS_NORMAL_MERCHANT_TERPERCAYA,IDENTITY_MATCH
703,"Kasir di Boba Fresh Delight mengarahkan untuk scan barcode QRIS. Saya mencocokkan nama usaha pada aplikasi pembayaran dengan nama toko, dan hasilnya tidak sesuai dengan nama usaha yang tertera di kasir.",KETIDAKSESUAIAN_IDENTITAS_MERCHANT,IDENTITY_MISMATCH
704,Nama merchant yang muncul di aplikasi setelah scan QRIS sesuai dengan nama usaha yang tertera di kasir.,QRIS_NORMAL_MERCHANT_TERPERCAYA,IDENTITY_MATCH
704,Nama merchant yang muncul di aplikasi setelah scan QRIS tidak sesuai dengan nama usaha yang tertera di kasir.,KETIDAKSESUAIAN_IDENTITAS_MERCHANT,IDENTITY_MISMATCH
705,"Tadi saya bayar pakai QRIS di Fashion Style Boutique. Pembayaran sukses, lalu saat mengecek rincian transaksi di aplikasi, nama merchant yang tercantum sepenuhnya cocok dengan nama outlet tempat saya belanja.",QRIS_NORMAL_MERCHANT_TERPERCAYA,IDENTITY_MATCH
705,"Tadi saya bayar pakai QRIS di Fashion Style Boutique. Pembayaran sukses, lalu saat mengecek rincian transaksi di aplikasi, nama merchant yang tercantum justru tidak cocok dan memunculkan nama pribadi asing.",KETIDAKSESUAIAN_IDENTITAS_MERCHANT,IDENTITY_MISMATCH
706,"Nominal belanja sudah pas dan saya cek nama merchant di aplikasi pembayaran. Nama penerima tepat milik toko ini tanpa ada perbedaan sedikit pun, dan pembayaran selesai lancar.",QRIS_NORMAL_MERCHANT_TERPERCAYA,IDENTITY_MATCH
706,"Nominal belanja sudah pas dan saya cek nama merchant di aplikasi pembayaran. Nama penerima bukan milik toko ini melainkan atas nama perseorangan, dan pembayaran selesai lancar.",KETIDAKSESUAIAN_IDENTITAS_MERCHANT,IDENTITY_MISMATCH
707,Nama merchant yang muncul di aplikasi setelah scan QRIS valid dan konsisten dengan identitas resmi merchant.,QRIS_NORMAL_MERCHANT_TERPERCAYA,IDENTITY_MATCH
707,Nama merchant yang muncul di aplikasi setelah scan QRIS tidak konsisten dan mengindikasikan rekening pihak ketiga yang mencurigakan.,KETIDAKSESUAIAN_IDENTITAS_MERCHANT,IDENTITY_MISMATCH
708,"Tadi saya bayar pakai QRIS di Apotek Sehat Medika. Pembayaran sukses, lalu saat mengecek rincian transaksi di aplikasi, nama merchant yang tercantum sama persis dengan nama toko tempat saya berbelanja.",QRIS_NORMAL_MERCHANT_TERPERCAYA,IDENTITY_MATCH
708,"Tadi saya bayar pakai QRIS di Apotek Sehat Medika. Pembayaran sukses, lalu saat mengecek rincian transaksi di aplikasi, nama merchant yang tercantum berbeda dengan nama toko tempat saya berbelanja.",KETIDAKSESUAIAN_IDENTITAS_MERCHANT,IDENTITY_MISMATCH
709,"Kasir di Bakso Super Urat Mas Bejo mengarahkan untuk scan barcode QRIS. Saya mencocokkan nama usaha pada aplikasi pembayaran dengan nama toko, dan hasilnya sesuai dengan nama usaha yang tertera di kasir.",QRIS_NORMAL_MERCHANT_TERPERCAYA,IDENTITY_MATCH
709,"Kasir di Bakso Super Urat Mas Bejo mengarahkan untuk scan barcode QRIS. Saya mencocokkan nama usaha pada aplikasi pembayaran dengan nama toko, dan hasilnya tidak sesuai dengan nama usaha yang tertera di kasir.",KETIDAKSESUAIAN_IDENTITAS_MERCHANT,IDENTITY_MISMATCH
710,"Setelah transaksi QRIS berhasil, saya cek notifikasi dan struk digital di perbankan saya. Nama penerima dana identik dengan nama toko dan tidak ada kejanggalan.",QRIS_NORMAL_MERCHANT_TERPERCAYA,IDENTITY_MATCH
710,"Setelah transaksi QRIS berhasil, saya cek notifikasi dan struk digital di perbankan saya. Nama penerima dana berbeda dari nama toko sehingga menimbulkan kecurigaan.",KETIDAKSESUAIAN_IDENTITAS_MERCHANT,IDENTITY_MISMATCH
711,"Saat melakukan transaksi QRIS di meja kasir kedai kopi, saya teliti melihat nama penerima transfer pada e-wallet. Ternyata nama merchant tersebut valid dan konsisten dengan identitas resmi merchant.",QRIS_NORMAL_MERCHANT_TERPERCAYA,IDENTITY_MATCH
711,"Saat melakukan transaksi QRIS di meja kasir kedai kopi, saya teliti melihat nama penerima transfer pada e-wallet. Ternyata nama merchant tersebut tidak konsisten dan mengindikasikan rekening pihak ketiga yang mencurigakan.",KETIDAKSESUAIAN_IDENTITAS_MERCHANT,IDENTITY_MISMATCH
712,"Demi keamanan sebelum bayar QRIS, saya memastikan identitas penerima terlebih dahulu. Nama yang terdaftar pada sistem memang resmi atas nama gerai tersebut.",QRIS_NORMAL_MERCHANT_TERPERCAYA,IDENTITY_MATCH
712,"Demi keamanan sebelum bayar QRIS, saya memastikan identitas penerima terlebih dahulu. Nama yang terdaftar pada sistem malah mengarah ke rekening pribadi orang lain yang tidak dikenal.",KETIDAKSESUAIAN_IDENTITAS_MERCHANT,IDENTITY_MISMATCH
713,"Saat melakukan transaksi QRIS di meja kasir stand boba, saya teliti melihat nama penerima transfer pada e-wallet. Ternyata nama merchant tersebut sesuai dengan nama usaha yang tertera di kasir.",QRIS_NORMAL_MERCHANT_TERPERCAYA,IDENTITY_MATCH
713,"Saat melakukan transaksi QRIS di meja kasir stand boba, saya teliti melihat nama penerima transfer pada e-wallet. Ternyata nama merchant tersebut tidak sesuai dengan nama usaha yang tertera di kasir.",KETIDAKSESUAIAN_IDENTITAS_MERCHANT,IDENTITY_MISMATCH
714,"Tadi saya bayar pakai QRIS di Apotek Sehat Medika. Pembayaran sukses, lalu saat mengecek rincian transaksi di aplikasi, nama merchant yang tercantum cocok dan identik dengan plang nama toko di depan saya.",QRIS_NORMAL_MERCHANT_TERPERCAYA,IDENTITY_MATCH
714,"Tadi saya bayar pakai QRIS di Apotek Sehat Medika. Pembayaran sukses, lalu saat mengecek rincian transaksi di aplikasi, nama merchant yang tercantum tidak cocok dan berbeda jauh dari plang nama toko di depan saya.",KETIDAKSESUAIAN_IDENTITAS_MERCHANT,IDENTITY_MISMATCH
715,"Tadi saya bayar pakai QRIS di Ganteng Barbershop. Pembayaran sukses, lalu saat mengecek rincian transaksi di aplikasi, nama merchant yang tercantum sesuai dengan nama usaha yang tertera di kasir.",QRIS_NORMAL_MERCHANT_TERPERCAYA,IDENTITY_MATCH
715,"Tadi saya bayar pakai QRIS di Ganteng Barbershop. Pembayaran sukses, lalu saat mengecek rincian transaksi di aplikasi, nama merchant yang tercantum tidak sesuai dengan nama usaha yang tertera di kasir.",KETIDAKSESUAIAN_IDENTITAS_MERCHANT,IDENTITY_MISMATCH
716,"Demi keamanan sebelum bayar QRIS, saya memastikan identitas penerima terlebih dahulu. Nama yang terdaftar pada sistem benar-benar sesuai dengan nama tempat usaha yang saya datangi.",QRIS_NORMAL_MERCHANT_TERPERCAYA,IDENTITY_MATCH
716,"Demi keamanan sebelum bayar QRIS, saya memastikan identitas penerima terlebih dahulu. Nama yang terdaftar pada sistem sama sekali tidak sesuai dengan nama tempat usaha yang saya datangi.",KETIDAKSESUAIAN_IDENTITAS_MERCHANT,IDENTITY_MISMATCH
717,Nama merchant yang muncul di aplikasi setelah scan QRIS tepat milik toko ini tanpa ada perbedaan sedikit pun.,QRIS_NORMAL_MERCHANT_TERPERCAYA,IDENTITY_MATCH
717,Nama merchant yang muncul di aplikasi setelah scan QRIS bukan milik toko ini melainkan atas nama perseorangan.,KETIDAKSESUAIAN_IDENTITAS_MERCHANT,IDENTITY_MISMATCH
718,"Tadi saya bayar pakai QRIS di Bakso Super Urat Mas Bejo. Pembayaran sukses, lalu saat mengecek rincian transaksi di aplikasi, nama merchant yang tercantum identik dengan nama toko dan tidak ada kejanggalan.",QRIS_NORMAL_MERCHANT_TERPERCAYA,IDENTITY_MATCH
718,"Tadi saya bayar pakai QRIS di Bakso Super Urat Mas Bejo. Pembayaran sukses, lalu saat mengecek rincian transaksi di aplikasi, nama merchant yang tercantum berbeda dari nama toko sehingga menimbulkan kecurigaan.",KETIDAKSESUAIAN_IDENTITAS_MERCHANT,IDENTITY_MISMATCH
719,"Saat melakukan transaksi QRIS di meja kasir restoran padang, saya teliti melihat nama penerima transfer pada e-wallet. Ternyata nama merchant tersebut valid dan konsisten dengan identitas resmi merchant.",QRIS_NORMAL_MERCHANT_TERPERCAYA,IDENTITY_MATCH
719,"Saat melakukan transaksi QRIS di meja kasir restoran padang, saya teliti melihat nama penerima transfer pada e-wallet. Ternyata nama merchant tersebut tidak konsisten dan mengindikasikan rekening pihak ketiga yang mencurigakan.",KETIDAKSESUAIAN_IDENTITAS_MERCHANT,IDENTITY_MISMATCH
720,"Kasir di Ganteng Barbershop mengarahkan untuk scan barcode QRIS. Saya mencocokkan nama usaha pada aplikasi pembayaran dengan nama toko, dan hasilnya cocok dan identik dengan plang nama toko di depan saya.",QRIS_NORMAL_MERCHANT_TERPERCAYA,IDENTITY_MATCH
720,"Kasir di Ganteng Barbershop mengarahkan untuk scan barcode QRIS. Saya mencocokkan nama usaha pada aplikasi pembayaran dengan nama toko, dan hasilnya tidak cocok dan berbeda jauh dari plang nama toko di depan saya.",KETIDAKSESUAIAN_IDENTITAS_MERCHANT,IDENTITY_MISMATCH
721,Nama merchant yang muncul di aplikasi setelah scan QRIS identik dengan nama toko dan tidak ada kejanggalan.,QRIS_NORMAL_MERCHANT_TERPERCAYA,IDENTITY_MATCH
721,Nama merchant yang muncul di aplikasi setelah scan QRIS berbeda dari nama toko sehingga menimbulkan kecurigaan.,KETIDAKSESUAIAN_IDENTITAS_MERCHANT,IDENTITY_MISMATCH
722,"Tadi saya bayar pakai QRIS di Apotek Sehat Medika. Pembayaran sukses, lalu saat mengecek rincian transaksi di aplikasi, nama merchant yang tercantum memang resmi atas nama gerai tersebut.",QRIS_NORMAL_MERCHANT_TERPERCAYA,IDENTITY_MATCH
722,"Tadi saya bayar pakai QRIS di Apotek Sehat Medika. Pembayaran sukses, lalu saat mengecek rincian transaksi di aplikasi, nama merchant yang tercantum malah mengarah ke rekening pribadi orang lain yang tidak dikenal.",KETIDAKSESUAIAN_IDENTITAS_MERCHANT,IDENTITY_MISMATCH
723,"Kasir di Fashion Style Boutique mengarahkan untuk scan barcode QRIS. Saya mencocokkan nama usaha pada aplikasi pembayaran dengan nama toko, dan hasilnya memang resmi atas nama gerai tersebut.",QRIS_NORMAL_MERCHANT_TERPERCAYA,IDENTITY_MATCH
723,"Kasir di Fashion Style Boutique mengarahkan untuk scan barcode QRIS. Saya mencocokkan nama usaha pada aplikasi pembayaran dengan nama toko, dan hasilnya malah mengarah ke rekening pribadi orang lain yang tidak dikenal.",KETIDAKSESUAIAN_IDENTITAS_MERCHANT,IDENTITY_MISMATCH
724,"Demi keamanan sebelum bayar QRIS, saya memastikan identitas penerima terlebih dahulu. Nama yang terdaftar pada sistem sama persis dengan nama toko tempat saya berbelanja.",QRIS_NORMAL_MERCHANT_TERPERCAYA,IDENTITY_MATCH
724,"Demi keamanan sebelum bayar QRIS, saya memastikan identitas penerima terlebih dahulu. Nama yang terdaftar pada sistem berbeda dengan nama toko tempat saya berbelanja.",KETIDAKSESUAIAN_IDENTITAS_MERCHANT,IDENTITY_MISMATCH
725,"Nominal belanja sudah pas dan saya cek nama merchant di aplikasi pembayaran. Nama penerima sepenuhnya cocok dengan nama outlet tempat saya belanja, dan pembayaran selesai lancar.",QRIS_NORMAL_MERCHANT_TERPERCAYA,IDENTITY_MATCH
725,"Nominal belanja sudah pas dan saya cek nama merchant di aplikasi pembayaran. Nama penerima justru tidak cocok dan memunculkan nama pribadi asing, dan pembayaran selesai lancar.",KETIDAKSESUAIAN_IDENTITAS_MERCHANT,IDENTITY_MISMATCH
726,"Demi keamanan sebelum bayar QRIS, saya memastikan identitas penerima terlebih dahulu. Nama yang terdaftar pada sistem identik dengan nama toko dan tidak ada kejanggalan.",QRIS_NORMAL_MERCHANT_TERPERCAYA,IDENTITY_MATCH
726,"Demi keamanan sebelum bayar QRIS, saya memastikan identitas penerima terlebih dahulu. Nama yang terdaftar pada sistem berbeda dari nama toko sehingga menimbulkan kecurigaan.",KETIDAKSESUAIAN_IDENTITAS_MERCHANT,IDENTITY_MISMATCH
727,B,QRIS_NORMAL_MERCHANT_TERPERCAYA,IDENTITY_MATCH
727,B,KETIDAKSESUAIAN_IDENTITAS_MERCHANT,IDENTITY_MISMATCH
728,"Saat melakukan transaksi QRIS di meja kasir kedai kopi, saya teliti melihat nama penerima transfer pada e-wallet. Ternyata nama merchant tersebut benar terdaftar atas nama merchant tersebut.",QRIS_NORMAL_MERCHANT_TERPERCAYA,IDENTITY_MATCH
728,"Saat melakukan transaksi QRIS di meja kasir kedai kopi, saya teliti melihat nama penerima transfer pada e-wallet. Ternyata nama merchant tersebut justru tertera nama merchant lain yang sama sekali berbeda.",KETIDAKSESUAIAN_IDENTITAS_MERCHANT,IDENTITY_MISMATCH
729,"Demi keamanan sebelum bayar QRIS, saya memastikan identitas penerima terlebih dahulu. Nama yang terdaftar pada sistem identik dengan nama toko dan tidak ada kejanggalan.",QRIS_NORMAL_MERCHANT_TERPERCAYA,IDENTITY_MATCH
729,"Demi keamanan sebelum bayar QRIS, saya memastikan identitas penerima terlebih dahulu. Nama yang terdaftar pada sistem berbeda dari nama toko sehingga menimbulkan kecurigaan.",KETIDAKSESUAIAN_IDENTITAS_MERCHANT,IDENTITY_MISMATCH
730,"Setelah transaksi QRIS berhasil, saya cek notifikasi dan struk digital di perbankan saya. Nama penerima dana sepenuhnya cocok dengan nama outlet tempat saya belanja.",QRIS_NORMAL_MERCHANT_TERPERCAYA,IDENTITY_MATCH
730,"Setelah transaksi QRIS berhasil, saya cek notifikasi dan struk digital di perbankan saya. Nama penerima dana justru tidak cocok dan memunculkan nama pribadi asing.",KETIDAKSESUAIAN_IDENTITAS_MERCHANT,IDENTITY_MISMATCH
731,"Kasir di Kopi Kenangan Senja mengarahkan untuk scan barcode QRIS. Saya mencocokkan nama usaha pada aplikasi pembayaran dengan nama toko, dan hasilnya tepat milik toko ini tanpa ada perbedaan sedikit pun.",QRIS_NORMAL_MERCHANT_TERPERCAYA,IDENTITY_MATCH
731,"Kasir di Kopi Kenangan Senja mengarahkan untuk scan barcode QRIS. Saya mencocokkan nama usaha pada aplikasi pembayaran dengan nama toko, dan hasilnya bukan milik toko ini melainkan atas nama perseorangan.",KETIDAKSESUAIAN_IDENTITAS_MERCHANT,IDENTITY_MISMATCH
732,"Tadi saya bayar pakai QRIS di Toko Buah Segar Mandiri. Pembayaran sukses, lalu saat mengecek rincian transaksi di aplikasi, nama merchant yang tercantum sesuai dengan nama usaha yang tertera di kasir.",QRIS_NORMAL_MERCHANT_TERPERCAYA,IDENTITY_MATCH
732,"Tadi saya bayar pakai QRIS di Toko Buah Segar Mandiri. Pembayaran sukses, lalu saat mengecek rincian transaksi di aplikasi, nama merchant yang tercantum tidak sesuai dengan nama usaha yang tertera di kasir.",KETIDAKSESUAIAN_IDENTITAS_MERCHANT,IDENTITY_MISMATCH
733,"Nominal belanja sudah pas dan saya cek nama merchant di aplikasi pembayaran. Nama penerima tepat milik toko ini tanpa ada perbedaan sedikit pun, dan pembayaran selesai lancar.",QRIS_NORMAL_MERCHANT_TERPERCAYA,IDENTITY_MATCH
733,"Nominal belanja sudah pas dan saya cek nama merchant di aplikasi pembayaran. Nama penerima bukan milik toko ini melainkan atas nama perseorangan, dan pembayaran selesai lancar.",KETIDAKSESUAIAN_IDENTITAS_MERCHANT,IDENTITY_MISMATCH
734,"Nominal belanja sudah pas dan saya cek nama merchant di aplikasi pembayaran. Nama penerima sepenuhnya cocok dengan nama outlet tempat saya belanja, dan pembayaran selesai lancar.",QRIS_NORMAL_MERCHANT_TERPERCAYA,IDENTITY_MATCH
734,"Nominal belanja sudah pas dan saya cek nama merchant di aplikasi pembayaran. Nama penerima justru tidak cocok dan memunculkan nama pribadi asing, dan pembayaran selesai lancar.",KETIDAKSESUAIAN_IDENTITAS_MERCHANT,IDENTITY_MISMATCH
735,"Kasir di Toko Berkah Jaya mengarahkan untuk scan barcode QRIS. Saya mencocokkan nama usaha pada aplikasi pembayaran dengan nama toko, dan hasilnya benar terdaftar atas nama merchant tersebut.",QRIS_NORMAL_MERCHANT_TERPERCAYA,IDENTITY_MATCH
735,"Kasir di Toko Berkah Jaya mengarahkan untuk scan barcode QRIS. Saya mencocokkan nama usaha pada aplikasi pembayaran dengan nama toko, dan hasilnya justru tertera nama merchant lain yang sama sekali berbeda.",KETIDAKSESUAIAN_IDENTITAS_MERCHANT,IDENTITY_MISMATCH
736,"Sebelum menekan tombol konfirmasi pembayaran QRIS di restoran padang, saya memeriksa nama penerima di layar aplikasi. Hasil pengecekan menunjukkan nama penerima benar-benar sesuai dengan nama tempat usaha yang saya datangi, dan transaksi berhasil diproses.",QRIS_NORMAL_MERCHANT_TERPERCAYA,IDENTITY_MATCH
736,"Sebelum menekan tombol konfirmasi pembayaran QRIS di restoran padang, saya memeriksa nama penerima di layar aplikasi. Hasil pengecekan menunjukkan nama penerima sama sekali tidak sesuai dengan nama tempat usaha yang saya datangi, dan transaksi berhasil diproses.",KETIDAKSESUAIAN_IDENTITAS_MERCHANT,IDENTITY_MISMATCH
737,"Kasir di Rumah Makan Sederhana Minang mengarahkan untuk scan barcode QRIS. Saya mencocokkan nama usaha pada aplikasi pembayaran dengan nama toko, dan hasilnya valid dan konsisten dengan identitas resmi merchant.",QRIS_NORMAL_MERCHANT_TERPERCAYA,IDENTITY_MATCH
737,"Kasir di Rumah Makan Sederhana Minang mengarahkan untuk scan barcode QRIS. Saya mencocokkan nama usaha pada aplikasi pembayaran dengan nama toko, dan hasilnya tidak konsisten dan mengindikasikan rekening pihak ketiga yang mencurigakan.",KETIDAKSESUAIAN_IDENTITAS_MERCHANT,IDENTITY_MISMATCH
738,"Kasir di Toko Berkah Jaya mengarahkan untuk scan barcode QRIS. Saya mencocokkan nama usaha pada aplikasi pembayaran dengan nama toko, dan hasilnya tepat milik toko ini tanpa ada perbedaan sedikit pun.",QRIS_NORMAL_MERCHANT_TERPERCAYA,IDENTITY_MATCH
738,"Kasir di Toko Berkah Jaya mengarahkan untuk scan barcode QRIS. Saya mencocokkan nama usaha pada aplikasi pembayaran dengan nama toko, dan hasilnya bukan milik toko ini melainkan atas nama perseorangan.",KETIDAKSESUAIAN_IDENTITAS_MERCHANT,IDENTITY_MISMATCH
739,Saya memeriksa detail informasi QRIS termasuk NMID dan nama merchant sebelum transfer. Informasi yang tampil di layar HP tepat milik toko ini tanpa ada perbedaan sedikit pun.,QRIS_NORMAL_MERCHANT_TERPERCAYA,IDENTITY_MATCH
739,Saya memeriksa detail informasi QRIS termasuk NMID dan nama merchant sebelum transfer. Informasi yang tampil di layar HP bukan milik toko ini melainkan atas nama perseorangan.,KETIDAKSESUAIAN_IDENTITAS_MERCHANT,IDENTITY_MISMATCH
740,"Saat melakukan transaksi QRIS di meja kasir restoran padang, saya teliti melihat nama penerima transfer pada e-wallet. Ternyata nama merchant tersebut benar-benar sesuai dengan nama tempat usaha yang saya datangi.",QRIS_NORMAL_MERCHANT_TERPERCAYA,IDENTITY_MATCH
740,"Saat melakukan transaksi QRIS di meja kasir restoran padang, saya teliti melihat nama penerima transfer pada e-wallet. Ternyata nama merchant tersebut sama sekali tidak sesuai dengan nama tempat usaha yang saya datangi.",KETIDAKSESUAIAN_IDENTITAS_MERCHANT,IDENTITY_MISMATCH
741,Saya memeriksa detail informasi QRIS termasuk NMID dan nama merchant sebelum transfer. Informasi yang tampil di layar HP identik dengan nama toko dan tidak ada kejanggalan.,QRIS_NORMAL_MERCHANT_TERPERCAYA,IDENTITY_MATCH
741,Saya memeriksa detail informasi QRIS termasuk NMID dan nama merchant sebelum transfer. Informasi yang tampil di layar HP berbeda dari nama toko sehingga menimbulkan kecurigaan.,KETIDAKSESUAIAN_IDENTITAS_MERCHANT,IDENTITY_MISMATCH
742,"Kasir di Minimarket Barokah mengarahkan untuk scan barcode QRIS. Saya mencocokkan nama usaha pada aplikasi pembayaran dengan nama toko, dan hasilnya valid dan konsisten dengan identitas resmi merchant.",QRIS_NORMAL_MERCHANT_TERPERCAYA,IDENTITY_MATCH
742,"Kasir di Minimarket Barokah mengarahkan untuk scan barcode QRIS. Saya mencocokkan nama usaha pada aplikasi pembayaran dengan nama toko, dan hasilnya tidak konsisten dan mengindikasikan rekening pihak ketiga yang mencurigakan.",KETIDAKSESUAIAN_IDENTITAS_MERCHANT,IDENTITY_MISMATCH
743,"Nominal belanja sudah pas dan saya cek nama merchant di aplikasi pembayaran. Nama penerima benar-benar sesuai dengan nama tempat usaha yang saya datangi, dan pembayaran selesai lancar.",QRIS_NORMAL_MERCHANT_TERPERCAYA,IDENTITY_MATCH
743,"Nominal belanja sudah pas dan saya cek nama merchant di aplikasi pembayaran. Nama penerima sama sekali tidak sesuai dengan nama tempat usaha yang saya datangi, dan pembayaran selesai lancar.",KETIDAKSESUAIAN_IDENTITAS_MERCHANT,IDENTITY_MISMATCH
744,"Kasir di Rumah Makan Sederhana Minang mengarahkan untuk scan barcode QRIS. Saya mencocokkan nama usaha pada aplikasi pembayaran dengan nama toko, dan hasilnya sepenuhnya cocok dengan nama outlet tempat saya belanja.",QRIS_NORMAL_MERCHANT_TERPERCAYA,IDENTITY_MATCH
744,"Kasir di Rumah Makan Sederhana Minang mengarahkan untuk scan barcode QRIS. Saya mencocokkan nama usaha pada aplikasi pembayaran dengan nama toko, dan hasilnya justru tidak cocok dan memunculkan nama pribadi asing.",KETIDAKSESUAIAN_IDENTITAS_MERCHANT,IDENTITY_MISMATCH
745,"Kasir di Boba Fresh Delight mengarahkan untuk scan barcode QRIS. Saya mencocokkan nama usaha pada aplikasi pembayaran dengan nama toko, dan hasilnya cocok dan identik dengan plang nama toko di depan saya.",QRIS_NORMAL_MERCHANT_TERPERCAYA,IDENTITY_MATCH
745,"Kasir di Boba Fresh Delight mengarahkan untuk scan barcode QRIS. Saya mencocokkan nama usaha pada aplikasi pembayaran dengan nama toko, dan hasilnya tidak cocok dan berbeda jauh dari plang nama toko di depan saya.",KETIDAKSESUAIAN_IDENTITAS_MERCHANT,IDENTITY_MISMATCH
746,B,QRIS_NORMAL_MERCHANT_TERPERCAYA,IDENTITY_MATCH
746,B,KETIDAKSESUAIAN_IDENTITAS_MERCHANT,IDENTITY_MISMATCH
747,B,QRIS_NORMAL_MERCHANT_TERPERCAYA,IDENTITY_MATCH
747,B,KETIDAKSESUAIAN_IDENTITAS_MERCHANT,IDENTITY_MISMATCH
748,"Sebelum menekan tombol konfirmasi pembayaran QRIS di barbershop, saya memeriksa nama penerima di layar aplikasi. Hasil pengecekan menunjukkan nama penerima benar-benar sesuai dengan nama tempat usaha yang saya datangi, dan transaksi berhasil diproses.",QRIS_NORMAL_MERCHANT_TERPERCAYA,IDENTITY_MATCH
748,"Sebelum menekan tombol konfirmasi pembayaran QRIS di barbershop, saya memeriksa nama penerima di layar aplikasi. Hasil pengecekan menunjukkan nama penerima sama sekali tidak sesuai dengan nama tempat usaha yang saya datangi, dan transaksi berhasil diproses.",KETIDAKSESUAIAN_IDENTITAS_MERCHANT,IDENTITY_MISMATCH
749,B,QRIS_NORMAL_MERCHANT_TERPERCAYA,IDENTITY_MATCH
749,B,KETIDAKSESUAIAN_IDENTITAS_MERCHANT,IDENTITY_MISMATCH
750,Saya memeriksa detail informasi QRIS termasuk NMID dan nama merchant sebelum transfer. Informasi yang tampil di layar HP sepenuhnya cocok dengan nama outlet tempat saya belanja.,QRIS_NORMAL_MERCHANT_TERPERCAYA,IDENTITY_MATCH
750,Saya memeriksa detail informasi QRIS termasuk NMID dan nama merchant sebelum transfer. Informasi yang tampil di layar HP justru tidak cocok dan memunculkan nama pribadi asing.,KETIDAKSESUAIAN_IDENTITAS_MERCHANT,IDENTITY_MISMATCH
751,B,QRIS_NORMAL_MERCHANT_TERPERCAYA,IDENTITY_MATCH
751,B,KETIDAKSESUAIAN_IDENTITAS_MERCHANT,IDENTITY_MISMATCH
752,"Nominal belanja sudah pas dan saya cek nama merchant di aplikasi pembayaran. Nama penerima valid dan konsisten dengan identitas resmi merchant, dan pembayaran selesai lancar.",QRIS_NORMAL_MERCHANT_TERPERCAYA,IDENTITY_MATCH
752,"Nominal belanja sudah pas dan saya cek nama merchant di aplikasi pembayaran. Nama penerima tidak konsisten dan mengindikasikan rekening pihak ketiga yang mencurigakan, dan pembayaran selesai lancar.",KETIDAKSESUAIAN_IDENTITAS_MERCHANT,IDENTITY_MISMATCH
753,"Saat melakukan transaksi QRIS di meja kasir toko buah, saya teliti melihat nama penerima transfer pada e-wallet. Ternyata nama merchant tersebut sesuai dengan nama usaha yang tertera di kasir.",QRIS_NORMAL_MERCHANT_TERPERCAYA,IDENTITY_MATCH
753,"Saat melakukan transaksi QRIS di meja kasir toko buah, saya teliti melihat nama penerima transfer pada e-wallet. Ternyata nama merchant tersebut tidak sesuai dengan nama usaha yang tertera di kasir.",KETIDAKSESUAIAN_IDENTITAS_MERCHANT,IDENTITY_MISMATCH
754,"Setelah transaksi QRIS berhasil, saya cek notifikasi dan struk digital di perbankan saya. Nama penerima dana valid dan konsisten dengan identitas resmi merchant.",QRIS_NORMAL_MERCHANT_TERPERCAYA,IDENTITY_MATCH
754,"Setelah transaksi QRIS berhasil, saya cek notifikasi dan struk digital di perbankan saya. Nama penerima dana tidak konsisten dan mengindikasikan rekening pihak ketiga yang mencurigakan.",KETIDAKSESUAIAN_IDENTITAS_MERCHANT,IDENTITY_MISMATCH
755,"Tadi saya bayar pakai QRIS di Counter Cahaya Cell. Pembayaran sukses, lalu saat mengecek rincian transaksi di aplikasi, nama merchant yang tercantum sama persis dengan nama toko tempat saya berbelanja.",QRIS_NORMAL_MERCHANT_TERPERCAYA,IDENTITY_MATCH
755,"Tadi saya bayar pakai QRIS di Counter Cahaya Cell. Pembayaran sukses, lalu saat mengecek rincian transaksi di aplikasi, nama merchant yang tercantum berbeda dengan nama toko tempat saya berbelanja.",KETIDAKSESUAIAN_IDENTITAS_MERCHANT,IDENTITY_MISMATCH
756,"Demi keamanan sebelum bayar QRIS, saya memastikan identitas penerima terlebih dahulu. Nama yang terdaftar pada sistem benar terdaftar atas nama merchant tersebut.",QRIS_NORMAL_MERCHANT_TERPERCAYA,IDENTITY_MATCH
756,"Demi keamanan sebelum bayar QRIS, saya memastikan identitas penerima terlebih dahulu. Nama yang terdaftar pada sistem justru tertera nama merchant lain yang sama sekali berbeda.",KETIDAKSESUAIAN_IDENTITAS_MERCHANT,IDENTITY_MISMATCH
757,"Demi keamanan sebelum bayar QRIS, saya memastikan identitas penerima terlebih dahulu. Nama yang terdaftar pada sistem memang resmi atas nama gerai tersebut.",QRIS_NORMAL_MERCHANT_TERPERCAYA,IDENTITY_MATCH
757,"Demi keamanan sebelum bayar QRIS, saya memastikan identitas penerima terlebih dahulu. Nama yang terdaftar pada sistem malah mengarah ke rekening pribadi orang lain yang tidak dikenal.",KETIDAKSESUAIAN_IDENTITAS_MERCHANT,IDENTITY_MISMATCH
758,B,QRIS_NORMAL_MERCHANT_TERPERCAYA,IDENTITY_MATCH
758,B,KETIDAKSESUAIAN_IDENTITAS_MERCHANT,IDENTITY_MISMATCH
759,Nama merchant yang muncul di aplikasi setelah scan QRIS tepat milik toko ini tanpa ada perbedaan sedikit pun.,QRIS_NORMAL_MERCHANT_TERPERCAYA,IDENTITY_MATCH
759,Nama merchant yang muncul di aplikasi setelah scan QRIS bukan milik toko ini melainkan atas nama perseorangan.,KETIDAKSESUAIAN_IDENTITAS_MERCHANT,IDENTITY_MISMATCH
760,"Kasir di Laundry Wangi Bersih mengarahkan untuk scan barcode QRIS. Saya mencocokkan nama usaha pada aplikasi pembayaran dengan nama toko, dan hasilnya tepat milik toko ini tanpa ada perbedaan sedikit pun.",QRIS_NORMAL_MERCHANT_TERPERCAYA,IDENTITY_MATCH
760,"Kasir di Laundry Wangi Bersih mengarahkan untuk scan barcode QRIS. Saya mencocokkan nama usaha pada aplikasi pembayaran dengan nama toko, dan hasilnya bukan milik toko ini melainkan atas nama perseorangan.",KETIDAKSESUAIAN_IDENTITAS_MERCHANT,IDENTITY_MISMATCH
761,"Nominal belanja sudah pas dan saya cek nama merchant di aplikasi pembayaran. Nama penerima benar-benar sesuai dengan nama tempat usaha yang saya datangi, dan pembayaran selesai lancar.",QRIS_NORMAL_MERCHANT_TERPERCAYA,IDENTITY_MATCH
761,"Nominal belanja sudah pas dan saya cek nama merchant di aplikasi pembayaran. Nama penerima sama sekali tidak sesuai dengan nama tempat usaha yang saya datangi, dan pembayaran selesai lancar.",KETIDAKSESUAIAN_IDENTITAS_MERCHANT,IDENTITY_MISMATCH
762,Saya memeriksa detail informasi QRIS termasuk NMID dan nama merchant sebelum transfer. Informasi yang tampil di layar HP sesuai dengan nama usaha yang tertera di kasir.,QRIS_NORMAL_MERCHANT_TERPERCAYA,IDENTITY_MATCH
762,Saya memeriksa detail informasi QRIS termasuk NMID dan nama merchant sebelum transfer. Informasi yang tampil di layar HP tidak sesuai dengan nama usaha yang tertera di kasir.,KETIDAKSESUAIAN_IDENTITAS_MERCHANT,IDENTITY_MISMATCH
763,"Saat melakukan transaksi QRIS di meja kasir kedai kopi, saya teliti melihat nama penerima transfer pada e-wallet. Ternyata nama merchant tersebut sesuai dengan nama usaha yang tertera di kasir.",QRIS_NORMAL_MERCHANT_TERPERCAYA,IDENTITY_MATCH
763,"Saat melakukan transaksi QRIS di meja kasir kedai kopi, saya teliti melihat nama penerima transfer pada e-wallet. Ternyata nama merchant tersebut tidak sesuai dengan nama usaha yang tertera di kasir.",KETIDAKSESUAIAN_IDENTITAS_MERCHANT,IDENTITY_MISMATCH
764,"Kasir di Apotek Sehat Medika mengarahkan untuk scan barcode QRIS. Saya mencocokkan nama usaha pada aplikasi pembayaran dengan nama toko, dan hasilnya benar-benar sesuai dengan nama tempat usaha yang saya datangi.",QRIS_NORMAL_MERCHANT_TERPERCAYA,IDENTITY_MATCH
764,"Kasir di Apotek Sehat Medika mengarahkan untuk scan barcode QRIS. Saya mencocokkan nama usaha pada aplikasi pembayaran dengan nama toko, dan hasilnya sama sekali tidak sesuai dengan nama tempat usaha yang saya datangi.",KETIDAKSESUAIAN_IDENTITAS_MERCHANT,IDENTITY_MISMATCH
765,"Saat melakukan transaksi QRIS di meja kasir warung makan, saya teliti melihat nama penerima transfer pada e-wallet. Ternyata nama merchant tersebut benar terdaftar atas nama merchant tersebut.",QRIS_NORMAL_MERCHANT_TERPERCAYA,IDENTITY_MATCH
765,"Saat melakukan transaksi QRIS di meja kasir warung makan, saya teliti melihat nama penerima transfer pada e-wallet. Ternyata nama merchant tersebut justru tertera nama merchant lain yang sama sekali berbeda.",KETIDAKSESUAIAN_IDENTITAS_MERCHANT,IDENTITY_MISMATCH
766,B,QRIS_NORMAL_MERCHANT_TERPERCAYA,IDENTITY_MATCH
766,B,KETIDAKSESUAIAN_IDENTITAS_MERCHANT,IDENTITY_MISMATCH
767,"Kasir di Apotek Sehat Medika mengarahkan untuk scan barcode QRIS. Saya mencocokkan nama usaha pada aplikasi pembayaran dengan nama toko, dan hasilnya tepat milik toko ini tanpa ada perbedaan sedikit pun.",QRIS_NORMAL_MERCHANT_TERPERCAYA,IDENTITY_MATCH
767,"Kasir di Apotek Sehat Medika mengarahkan untuk scan barcode QRIS. Saya mencocokkan nama usaha pada aplikasi pembayaran dengan nama toko, dan hasilnya bukan milik toko ini melainkan atas nama perseorangan.",KETIDAKSESUAIAN_IDENTITAS_MERCHANT,IDENTITY_MISMATCH
768,B,QRIS_NORMAL_MERCHANT_TERPERCAYA,IDENTITY_MATCH
768,B,KETIDAKSESUAIAN_IDENTITAS_MERCHANT,IDENTITY_MISMATCH
769,"Kasir di Apotek Sehat Medika mengarahkan untuk scan barcode QRIS. Saya mencocokkan nama usaha pada aplikasi pembayaran dengan nama toko, dan hasilnya sesuai dengan nama usaha yang tertera di kasir.",QRIS_NORMAL_MERCHANT_TERPERCAYA,IDENTITY_MATCH
769,"Kasir di Apotek Sehat Medika mengarahkan untuk scan barcode QRIS. Saya mencocokkan nama usaha pada aplikasi pembayaran dengan nama toko, dan hasilnya tidak sesuai dengan nama usaha yang tertera di kasir.",KETIDAKSESUAIAN_IDENTITAS_MERCHANT,IDENTITY_MISMATCH
770,"Demi keamanan sebelum bayar QRIS, saya memastikan identitas penerima terlebih dahulu. Nama yang terdaftar pada sistem sesuai dengan nama usaha yang tertera di kasir.",QRIS_NORMAL_MERCHANT_TERPERCAYA,IDENTITY_MATCH
770,"Demi keamanan sebelum bayar QRIS, saya memastikan identitas penerima terlebih dahulu. Nama yang terdaftar pada sistem tidak sesuai dengan nama usaha yang tertera di kasir.",KETIDAKSESUAIAN_IDENTITAS_MERCHANT,IDENTITY_MISMATCH
771,"Saat melakukan transaksi QRIS di meja kasir toko alat tulis, saya teliti melihat nama penerima transfer pada e-wallet. Ternyata nama merchant tersebut sesuai dengan nama usaha yang tertera di kasir.",QRIS_NORMAL_MERCHANT_TERPERCAYA,IDENTITY_MATCH
771,"Saat melakukan transaksi QRIS di meja kasir toko alat tulis, saya teliti melihat nama penerima transfer pada e-wallet. Ternyata nama merchant tersebut tidak sesuai dengan nama usaha yang tertera di kasir.",KETIDAKSESUAIAN_IDENTITAS_MERCHANT,IDENTITY_MISMATCH
772,"Tadi saya bayar pakai QRIS di Warung Bu Siti. Pembayaran sukses, lalu saat mengecek rincian transaksi di aplikasi, nama merchant yang tercantum benar terdaftar atas nama merchant tersebut.",QRIS_NORMAL_MERCHANT_TERPERCAYA,IDENTITY_MATCH
772,"Tadi saya bayar pakai QRIS di Warung Bu Siti. Pembayaran sukses, lalu saat mengecek rincian transaksi di aplikasi, nama merchant yang tercantum justru tertera nama merchant lain yang sama sekali berbeda.",KETIDAKSESUAIAN_IDENTITAS_MERCHANT,IDENTITY_MISMATCH
773,"Demi keamanan sebelum bayar QRIS, saya memastikan identitas penerima terlebih dahulu. Nama yang terdaftar pada sistem memang resmi atas nama gerai tersebut.",QRIS_NORMAL_MERCHANT_TERPERCAYA,IDENTITY_MATCH
773,"Demi keamanan sebelum bayar QRIS, saya memastikan identitas penerima terlebih dahulu. Nama yang terdaftar pada sistem malah mengarah ke rekening pribadi orang lain yang tidak dikenal.",KETIDAKSESUAIAN_IDENTITAS_MERCHANT,IDENTITY_MISMATCH
774,B,QRIS_NORMAL_MERCHANT_TERPERCAYA,IDENTITY_MATCH
774,B,KETIDAKSESUAIAN_IDENTITAS_MERCHANT,IDENTITY_MISMATCH
775,"Sebelum menekan tombol konfirmasi pembayaran QRIS di warung makan, saya memeriksa nama penerima di layar aplikasi. Hasil pengecekan menunjukkan nama penerima valid dan konsisten dengan identitas resmi merchant, dan transaksi berhasil diproses.",QRIS_NORMAL_MERCHANT_TERPERCAYA,IDENTITY_MATCH
775,"Sebelum menekan tombol konfirmasi pembayaran QRIS di warung makan, saya memeriksa nama penerima di layar aplikasi. Hasil pengecekan menunjukkan nama penerima tidak konsisten dan mengindikasikan rekening pihak ketiga yang mencurigakan, dan transaksi berhasil diproses.",KETIDAKSESUAIAN_IDENTITAS_MERCHANT,IDENTITY_MISMATCH
776,B,QRIS_NORMAL_MERCHANT_TERPERCAYA,IDENTITY_MATCH
776,B,KETIDAKSESUAIAN_IDENTITAS_MERCHANT,IDENTITY_MISMATCH
777,"Nominal belanja sudah pas dan saya cek nama merchant di aplikasi pembayaran. Nama penerima sama persis dengan nama toko tempat saya berbelanja, dan pembayaran selesai lancar.",QRIS_NORMAL_MERCHANT_TERPERCAYA,IDENTITY_MATCH
777,"Nominal belanja sudah pas dan saya cek nama merchant di aplikasi pembayaran. Nama penerima berbeda dengan nama toko tempat saya berbelanja, dan pembayaran selesai lancar.",KETIDAKSESUAIAN_IDENTITAS_MERCHANT,IDENTITY_MISMATCH
778,"Tadi saya bayar pakai QRIS di Ganteng Barbershop. Pembayaran sukses, lalu saat mengecek rincian transaksi di aplikasi, nama merchant yang tercantum benar terdaftar atas nama merchant tersebut.",QRIS_NORMAL_MERCHANT_TERPERCAYA,IDENTITY_MATCH
778,"Tadi saya bayar pakai QRIS di Ganteng Barbershop. Pembayaran sukses, lalu saat mengecek rincian transaksi di aplikasi, nama merchant yang tercantum justru tertera nama merchant lain yang sama sekali berbeda.",KETIDAKSESUAIAN_IDENTITAS_MERCHANT,IDENTITY_MISMATCH
779,"Saat melakukan transaksi QRIS di meja kasir toko kelontong, saya teliti melihat nama penerima transfer pada e-wallet. Ternyata nama merchant tersebut tepat milik toko ini tanpa ada perbedaan sedikit pun.",QRIS_NORMAL_MERCHANT_TERPERCAYA,IDENTITY_MATCH
779,"Saat melakukan transaksi QRIS di meja kasir toko kelontong, saya teliti melihat nama penerima transfer pada e-wallet. Ternyata nama merchant tersebut bukan milik toko ini melainkan atas nama perseorangan.",KETIDAKSESUAIAN_IDENTITAS_MERCHANT,IDENTITY_MISMATCH
780,"Setelah transaksi QRIS berhasil, saya cek notifikasi dan struk digital di perbankan saya. Nama penerima dana tepat milik toko ini tanpa ada perbedaan sedikit pun.",QRIS_NORMAL_MERCHANT_TERPERCAYA,IDENTITY_MATCH
780,"Setelah transaksi QRIS berhasil, saya cek notifikasi dan struk digital di perbankan saya. Nama penerima dana bukan milik toko ini melainkan atas nama perseorangan.",KETIDAKSESUAIAN_IDENTITAS_MERCHANT,IDENTITY_MISMATCH
781,"Setelah transaksi QRIS berhasil, saya cek notifikasi dan struk digital di perbankan saya. Nama penerima dana sama persis dengan nama toko tempat saya berbelanja.",QRIS_NORMAL_MERCHANT_TERPERCAYA,IDENTITY_MATCH
781,"Setelah transaksi QRIS berhasil, saya cek notifikasi dan struk digital di perbankan saya. Nama penerima dana berbeda dengan nama toko tempat saya berbelanja.",KETIDAKSESUAIAN_IDENTITAS_MERCHANT,IDENTITY_MISMATCH
782,"Nominal belanja sudah pas dan saya cek nama merchant di aplikasi pembayaran. Nama penerima memang resmi atas nama gerai tersebut, dan pembayaran selesai lancar.",QRIS_NORMAL_MERCHANT_TERPERCAYA,IDENTITY_MATCH
782,"Nominal belanja sudah pas dan saya cek nama merchant di aplikasi pembayaran. Nama penerima malah mengarah ke rekening pribadi orang lain yang tidak dikenal, dan pembayaran selesai lancar.",KETIDAKSESUAIAN_IDENTITAS_MERCHANT,IDENTITY_MISMATCH
783,"Nominal belanja sudah pas dan saya cek nama merchant di aplikasi pembayaran. Nama penerima valid dan konsisten dengan identitas resmi merchant, dan pembayaran selesai lancar.",QRIS_NORMAL_MERCHANT_TERPERCAYA,IDENTITY_MATCH
783,"Nominal belanja sudah pas dan saya cek nama merchant di aplikasi pembayaran. Nama penerima tidak konsisten dan mengindikasikan rekening pihak ketiga yang mencurigakan, dan pembayaran selesai lancar.",KETIDAKSESUAIAN_IDENTITAS_MERCHANT,IDENTITY_MISMATCH
784,"Setelah transaksi QRIS berhasil, saya cek notifikasi dan struk digital di perbankan saya. Nama penerima dana identik dengan nama toko dan tidak ada kejanggalan.",QRIS_NORMAL_MERCHANT_TERPERCAYA,IDENTITY_MATCH
784,"Setelah transaksi QRIS berhasil, saya cek notifikasi dan struk digital di perbankan saya. Nama penerima dana berbeda dari nama toko sehingga menimbulkan kecurigaan.",KETIDAKSESUAIAN_IDENTITAS_MERCHANT,IDENTITY_MISMATCH
785,"Nominal belanja sudah pas dan saya cek nama merchant di aplikasi pembayaran. Nama penerima valid dan konsisten dengan identitas resmi merchant, dan pembayaran selesai lancar.",QRIS_NORMAL_MERCHANT_TERPERCAYA,IDENTITY_MATCH
785,"Nominal belanja sudah pas dan saya cek nama merchant di aplikasi pembayaran. Nama penerima tidak konsisten dan mengindikasikan rekening pihak ketiga yang mencurigakan, dan pembayaran selesai lancar.",KETIDAKSESUAIAN_IDENTITAS_MERCHANT,IDENTITY_MISMATCH
786,B,QRIS_NORMAL_MERCHANT_TERPERCAYA,IDENTITY_MATCH
786,B,KETIDAKSESUAIAN_IDENTITAS_MERCHANT,IDENTITY_MISMATCH
787,"Kasir di Kopi Kenangan Senja mengarahkan untuk scan barcode QRIS. Saya mencocokkan nama usaha pada aplikasi pembayaran dengan nama toko, dan hasilnya benar-benar sesuai dengan nama tempat usaha yang saya datangi.",QRIS_NORMAL_MERCHANT_TERPERCAYA,IDENTITY_MATCH
787,"Kasir di Kopi Kenangan Senja mengarahkan untuk scan barcode QRIS. Saya mencocokkan nama usaha pada aplikasi pembayaran dengan nama toko, dan hasilnya sama sekali tidak sesuai dengan nama tempat usaha yang saya datangi.",KETIDAKSESUAIAN_IDENTITAS_MERCHANT,IDENTITY_MISMATCH
788,Nama merchant yang muncul di aplikasi setelah scan QRIS tepat milik toko ini tanpa ada perbedaan sedikit pun.,QRIS_NORMAL_MERCHANT_TERPERCAYA,IDENTITY_MATCH
788,Nama merchant yang muncul di aplikasi setelah scan QRIS bukan milik toko ini melainkan atas nama perseorangan.,KETIDAKSESUAIAN_IDENTITAS_MERCHANT,IDENTITY_MISMATCH
789,Nama merchant yang muncul di aplikasi setelah scan QRIS cocok dan identik dengan plang nama toko di depan saya.,QRIS_NORMAL_MERCHANT_TERPERCAYA,IDENTITY_MATCH
789,Nama merchant yang muncul di aplikasi setelah scan QRIS tidak cocok dan berbeda jauh dari plang nama toko di depan saya.,KETIDAKSESUAIAN_IDENTITAS_MERCHANT,IDENTITY_MISMATCH
790,B,QRIS_NORMAL_MERCHANT_TERPERCAYA,IDENTITY_MATCH
790,B,KETIDAKSESUAIAN_IDENTITAS_MERCHANT,IDENTITY_MISMATCH
791,"Nominal belanja sudah pas dan saya cek nama merchant di aplikasi pembayaran. Nama penerima sama persis dengan nama toko tempat saya berbelanja, dan pembayaran selesai lancar.",QRIS_NORMAL_MERCHANT_TERPERCAYA,IDENTITY_MATCH
791,"Nominal belanja sudah pas dan saya cek nama merchant di aplikasi pembayaran. Nama penerima berbeda dengan nama toko tempat saya berbelanja, dan pembayaran selesai lancar.",KETIDAKSESUAIAN_IDENTITAS_MERCHANT,IDENTITY_MISMATCH
792,"Sebelum menekan tombol konfirmasi pembayaran QRIS di warung makan, saya memeriksa nama penerima di layar aplikasi. Hasil pengecekan menunjukkan nama penerima cocok dan identik dengan plang nama toko di depan saya, dan transaksi berhasil diproses.",QRIS_NORMAL_MERCHANT_TERPERCAYA,IDENTITY_MATCH
792,"Sebelum menekan tombol konfirmasi pembayaran QRIS di warung makan, saya memeriksa nama penerima di layar aplikasi. Hasil pengecekan menunjukkan nama penerima tidak cocok dan berbeda jauh dari plang nama toko di depan saya, dan transaksi berhasil diproses.",KETIDAKSESUAIAN_IDENTITAS_MERCHANT,IDENTITY_MISMATCH
793,Nama merchant yang muncul di aplikasi setelah scan QRIS sesuai dengan nama usaha yang tertera di kasir.,QRIS_NORMAL_MERCHANT_TERPERCAYA,IDENTITY_MATCH
793,Nama merchant yang muncul di aplikasi setelah scan QRIS tidak sesuai dengan nama usaha yang tertera di kasir.,KETIDAKSESUAIAN_IDENTITAS_MERCHANT,IDENTITY_MISMATCH
794,"Demi keamanan sebelum bayar QRIS, saya memastikan identitas penerima terlebih dahulu. Nama yang terdaftar pada sistem cocok dan identik dengan plang nama toko di depan saya.",QRIS_NORMAL_MERCHANT_TERPERCAYA,IDENTITY_MATCH
794,"Demi keamanan sebelum bayar QRIS, saya memastikan identitas penerima terlebih dahulu. Nama yang terdaftar pada sistem tidak cocok dan berbeda jauh dari plang nama toko di depan saya.",KETIDAKSESUAIAN_IDENTITAS_MERCHANT,IDENTITY_MISMATCH
795,"Nominal belanja sudah pas dan saya cek nama merchant di aplikasi pembayaran. Nama penerima cocok dan identik dengan plang nama toko di depan saya, dan pembayaran selesai lancar.",QRIS_NORMAL_MERCHANT_TERPERCAYA,IDENTITY_MATCH
795,"Nominal belanja sudah pas dan saya cek nama merchant di aplikasi pembayaran. Nama penerima tidak cocok dan berbeda jauh dari plang nama toko di depan saya, dan pembayaran selesai lancar.",KETIDAKSESUAIAN_IDENTITAS_MERCHANT,IDENTITY_MISMATCH
796,B,QRIS_NORMAL_MERCHANT_TERPERCAYA,IDENTITY_MATCH
796,B,KETIDAKSESUAIAN_IDENTITAS_MERCHANT,IDENTITY_MISMATCH
797,"Setelah transaksi QRIS berhasil, saya cek notifikasi dan struk digital di perbankan saya. Nama penerima dana sepenuhnya cocok dengan nama outlet tempat saya belanja.",QRIS_NORMAL_MERCHANT_TERPERCAYA,IDENTITY_MATCH
797,"Setelah transaksi QRIS berhasil, saya cek notifikasi dan struk digital di perbankan saya. Nama penerima dana justru tidak cocok dan memunculkan nama pribadi asing.",KETIDAKSESUAIAN_IDENTITAS_MERCHANT,IDENTITY_MISMATCH
798,"Saat melakukan transaksi QRIS di meja kasir kedai bakso, saya teliti melihat nama penerima transfer pada e-wallet. Ternyata nama merchant tersebut sepenuhnya cocok dengan nama outlet tempat saya belanja.",QRIS_NORMAL_MERCHANT_TERPERCAYA,IDENTITY_MATCH
798,"Saat melakukan transaksi QRIS di meja kasir kedai bakso, saya teliti melihat nama penerima transfer pada e-wallet. Ternyata nama merchant tersebut justru tidak cocok dan memunculkan nama pribadi asing.",KETIDAKSESUAIAN_IDENTITAS_MERCHANT,IDENTITY_MISMATCH
799,"Nominal belanja sudah pas dan saya cek nama merchant di aplikasi pembayaran. Nama penerima identik dengan nama toko dan tidak ada kejanggalan, dan pembayaran selesai lancar.",QRIS_NORMAL_MERCHANT_TERPERCAYA,IDENTITY_MATCH
799,"Nominal belanja sudah pas dan saya cek nama merchant di aplikasi pembayaran. Nama penerima berbeda dari nama toko sehingga menimbulkan kecurigaan, dan pembayaran selesai lancar.",KETIDAKSESUAIAN_IDENTITAS_MERCHANT,IDENTITY_MISMATCH
800,"Demi keamanan sebelum bayar QRIS, saya memastikan identitas penerima terlebih dahulu. Nama yang terdaftar pada sistem sepenuhnya cocok dengan nama outlet tempat saya belanja.",QRIS_NORMAL_MERCHANT_TERPERCAYA,IDENTITY_MATCH
800,"Demi keamanan sebelum bayar QRIS, saya memastikan identitas penerima terlebih dahulu. Nama yang terdaftar pada sistem justru tidak cocok dan memunculkan nama pribadi asing.",KETIDAKSESUAIAN_IDENTITAS_MERCHANT,IDENTITY_MISMATCH
801,"Demi keamanan sebelum bayar QRIS, saya memastikan identitas penerima terlebih dahulu. Nama yang terdaftar pada sistem sama persis dengan nama toko tempat saya berbelanja.",QRIS_NORMAL_MERCHANT_TERPERCAYA,IDENTITY_MATCH
801,"Demi keamanan sebelum bayar QRIS, saya memastikan identitas penerima terlebih dahulu. Nama yang terdaftar pada sistem berbeda dengan nama toko tempat saya berbelanja.",KETIDAKSESUAIAN_IDENTITAS_MERCHANT,IDENTITY_MISMATCH
802,Nama merchant yang muncul di aplikasi setelah scan QRIS benar-benar sesuai dengan nama tempat usaha yang saya datangi.,QRIS_NORMAL_MERCHANT_TERPERCAYA,IDENTITY_MATCH
802,Nama merchant yang muncul di aplikasi setelah scan QRIS sama sekali tidak sesuai dengan nama tempat usaha yang saya datangi.,KETIDAKSESUAIAN_IDENTITAS_MERCHANT,IDENTITY_MISMATCH
803,B,QRIS_NORMAL_MERCHANT_TERPERCAYA,IDENTITY_MATCH
803,B,KETIDAKSESUAIAN_IDENTITAS_MERCHANT,IDENTITY_MISMATCH
804,"Sebelum menekan tombol konfirmasi pembayaran QRIS di toko pakaian, saya memeriksa nama penerima di layar aplikasi. Hasil pengecekan menunjukkan nama penerima sepenuhnya cocok dengan nama outlet tempat saya belanja, dan transaksi berhasil diproses.",QRIS_NORMAL_MERCHANT_TERPERCAYA,IDENTITY_MATCH
804,"Sebelum menekan tombol konfirmasi pembayaran QRIS di toko pakaian, saya memeriksa nama penerima di layar aplikasi. Hasil pengecekan menunjukkan nama penerima justru tidak cocok dan memunculkan nama pribadi asing, dan transaksi berhasil diproses.",KETIDAKSESUAIAN_IDENTITAS_MERCHANT,IDENTITY_MISMATCH
805,"Saat melakukan transaksi QRIS di meja kasir counter pulsa, saya teliti melihat nama penerima transfer pada e-wallet. Ternyata nama merchant tersebut sepenuhnya cocok dengan nama outlet tempat saya belanja.",QRIS_NORMAL_MERCHANT_TERPERCAYA,IDENTITY_MATCH
805,"Saat melakukan transaksi QRIS di meja kasir counter pulsa, saya teliti melihat nama penerima transfer pada e-wallet. Ternyata nama merchant tersebut justru tidak cocok dan memunculkan nama pribadi asing.",KETIDAKSESUAIAN_IDENTITAS_MERCHANT,IDENTITY_MISMATCH
806,Saya memeriksa detail informasi QRIS termasuk NMID dan nama merchant sebelum transfer. Informasi yang tampil di layar HP sama persis dengan nama toko tempat saya berbelanja.,QRIS_NORMAL_MERCHANT_TERPERCAYA,IDENTITY_MATCH
806,Saya memeriksa detail informasi QRIS termasuk NMID dan nama merchant sebelum transfer. Informasi yang tampil di layar HP berbeda dengan nama toko tempat saya berbelanja.,KETIDAKSESUAIAN_IDENTITAS_MERCHANT,IDENTITY_MISMATCH
807,"Demi keamanan sebelum bayar QRIS, saya memastikan identitas penerima terlebih dahulu. Nama yang terdaftar pada sistem cocok dan identik dengan plang nama toko di depan saya.",QRIS_NORMAL_MERCHANT_TERPERCAYA,IDENTITY_MATCH
807,"Demi keamanan sebelum bayar QRIS, saya memastikan identitas penerima terlebih dahulu. Nama yang terdaftar pada sistem tidak cocok dan berbeda jauh dari plang nama toko di depan saya.",KETIDAKSESUAIAN_IDENTITAS_MERCHANT,IDENTITY_MISMATCH
808,B,QRIS_NORMAL_MERCHANT_TERPERCAYA,IDENTITY_MATCH
808,B,KETIDAKSESUAIAN_IDENTITAS_MERCHANT,IDENTITY_MISMATCH
809,Saya memeriksa detail informasi QRIS termasuk NMID dan nama merchant sebelum transfer. Informasi yang tampil di layar HP sama persis dengan nama toko tempat saya berbelanja.,QRIS_NORMAL_MERCHANT_TERPERCAYA,IDENTITY_MATCH
809,Saya memeriksa detail informasi QRIS termasuk NMID dan nama merchant sebelum transfer. Informasi yang tampil di layar HP berbeda dengan nama toko tempat saya berbelanja.,KETIDAKSESUAIAN_IDENTITAS_MERCHANT,IDENTITY_MISMATCH
810,"Tadi saya bayar pakai QRIS di Boba Fresh Delight. Pembayaran sukses, lalu saat mengecek rincian transaksi di aplikasi, nama merchant yang tercantum memang resmi atas nama gerai tersebut.",QRIS_NORMAL_MERCHANT_TERPERCAYA,IDENTITY_MATCH
810,"Tadi saya bayar pakai QRIS di Boba Fresh Delight. Pembayaran sukses, lalu saat mengecek rincian transaksi di aplikasi, nama merchant yang tercantum malah mengarah ke rekening pribadi orang lain yang tidak dikenal.",KETIDAKSESUAIAN_IDENTITAS_MERCHANT,IDENTITY_MISMATCH
811,"Demi keamanan sebelum bayar QRIS, saya memastikan identitas penerima terlebih dahulu. Nama yang terdaftar pada sistem tepat milik toko ini tanpa ada perbedaan sedikit pun.",QRIS_NORMAL_MERCHANT_TERPERCAYA,IDENTITY_MATCH
811,"Demi keamanan sebelum bayar QRIS, saya memastikan identitas penerima terlebih dahulu. Nama yang terdaftar pada sistem bukan milik toko ini melainkan atas nama perseorangan.",KETIDAKSESUAIAN_IDENTITAS_MERCHANT,IDENTITY_MISMATCH
812,"Kasir di Laundry Wangi Bersih mengarahkan untuk scan barcode QRIS. Saya mencocokkan nama usaha pada aplikasi pembayaran dengan nama toko, dan hasilnya benar terdaftar atas nama merchant tersebut.",QRIS_NORMAL_MERCHANT_TERPERCAYA,IDENTITY_MATCH
812,"Kasir di Laundry Wangi Bersih mengarahkan untuk scan barcode QRIS. Saya mencocokkan nama usaha pada aplikasi pembayaran dengan nama toko, dan hasilnya justru tertera nama merchant lain yang sama sekali berbeda.",KETIDAKSESUAIAN_IDENTITAS_MERCHANT,IDENTITY_MISMATCH
813,Saya memeriksa detail informasi QRIS termasuk NMID dan nama merchant sebelum transfer. Informasi yang tampil di layar HP benar terdaftar atas nama merchant tersebut.,QRIS_NORMAL_MERCHANT_TERPERCAYA,IDENTITY_MATCH
813,Saya memeriksa detail informasi QRIS termasuk NMID dan nama merchant sebelum transfer. Informasi yang tampil di layar HP justru tertera nama merchant lain yang sama sekali berbeda.,KETIDAKSESUAIAN_IDENTITAS_MERCHANT,IDENTITY_MISMATCH
814,B,QRIS_NORMAL_MERCHANT_TERPERCAYA,IDENTITY_MATCH
814,B,KETIDAKSESUAIAN_IDENTITAS_MERCHANT,IDENTITY_MISMATCH
815,"Sebelum menekan tombol konfirmasi pembayaran QRIS di barbershop, saya memeriksa nama penerima di layar aplikasi. Hasil pengecekan menunjukkan nama penerima cocok dan identik dengan plang nama toko di depan saya, dan transaksi berhasil diproses.",QRIS_NORMAL_MERCHANT_TERPERCAYA,IDENTITY_MATCH
815,"Sebelum menekan tombol konfirmasi pembayaran QRIS di barbershop, saya memeriksa nama penerima di layar aplikasi. Hasil pengecekan menunjukkan nama penerima tidak cocok dan berbeda jauh dari plang nama toko di depan saya, dan transaksi berhasil diproses.",KETIDAKSESUAIAN_IDENTITAS_MERCHANT,IDENTITY_MISMATCH
816,Saya memeriksa detail informasi QRIS termasuk NMID dan nama merchant sebelum transfer. Informasi yang tampil di layar HP identik dengan nama toko dan tidak ada kejanggalan.,QRIS_NORMAL_MERCHANT_TERPERCAYA,IDENTITY_MATCH
816,Saya memeriksa detail informasi QRIS termasuk NMID dan nama merchant sebelum transfer. Informasi yang tampil di layar HP berbeda dari nama toko sehingga menimbulkan kecurigaan.,KETIDAKSESUAIAN_IDENTITAS_MERCHANT,IDENTITY_MISMATCH
817,"Demi keamanan sebelum bayar QRIS, saya memastikan identitas penerima terlebih dahulu. Nama yang terdaftar pada sistem identik dengan nama toko dan tidak ada kejanggalan.",QRIS_NORMAL_MERCHANT_TERPERCAYA,IDENTITY_MATCH
817,"Demi keamanan sebelum bayar QRIS, saya memastikan identitas penerima terlebih dahulu. Nama yang terdaftar pada sistem berbeda dari nama toko sehingga menimbulkan kecurigaan.",KETIDAKSESUAIAN_IDENTITAS_MERCHANT,IDENTITY_MISMATCH
818,Nama merchant yang muncul di aplikasi setelah scan QRIS cocok dan identik dengan plang nama toko di depan saya.,QRIS_NORMAL_MERCHANT_TERPERCAYA,IDENTITY_MATCH
818,Nama merchant yang muncul di aplikasi setelah scan QRIS tidak cocok dan berbeda jauh dari plang nama toko di depan saya.,KETIDAKSESUAIAN_IDENTITAS_MERCHANT,IDENTITY_MISMATCH
819,"Nominal belanja sudah pas dan saya cek nama merchant di aplikasi pembayaran. Nama penerima tepat milik toko ini tanpa ada perbedaan sedikit pun, dan pembayaran selesai lancar.",QRIS_NORMAL_MERCHANT_TERPERCAYA,IDENTITY_MATCH
819,"Nominal belanja sudah pas dan saya cek nama merchant di aplikasi pembayaran. Nama penerima bukan milik toko ini melainkan atas nama perseorangan, dan pembayaran selesai lancar.",KETIDAKSESUAIAN_IDENTITAS_MERCHANT,IDENTITY_MISMATCH
820,Nama merchant yang muncul di aplikasi setelah scan QRIS valid dan konsisten dengan identitas resmi merchant.,QRIS_NORMAL_MERCHANT_TERPERCAYA,IDENTITY_MATCH
820,Nama merchant yang muncul di aplikasi setelah scan QRIS tidak konsisten dan mengindikasikan rekening pihak ketiga yang mencurigakan.,KETIDAKSESUAIAN_IDENTITAS_MERCHANT,IDENTITY_MISMATCH
821,"Demi keamanan sebelum bayar QRIS, saya memastikan identitas penerima terlebih dahulu. Nama yang terdaftar pada sistem memang resmi atas nama gerai tersebut.",QRIS_NORMAL_MERCHANT_TERPERCAYA,IDENTITY_MATCH
821,"Demi keamanan sebelum bayar QRIS, saya memastikan identitas penerima terlebih dahulu. Nama yang terdaftar pada sistem malah mengarah ke rekening pribadi orang lain yang tidak dikenal.",KETIDAKSESUAIAN_IDENTITAS_MERCHANT,IDENTITY_MISMATCH
822,"Saat melakukan transaksi QRIS di meja kasir apotek, saya teliti melihat nama penerima transfer pada e-wallet. Ternyata nama merchant tersebut identik dengan nama toko dan tidak ada kejanggalan.",QRIS_NORMAL_MERCHANT_TERPERCAYA,IDENTITY_MATCH
822,"Saat melakukan transaksi QRIS di meja kasir apotek, saya teliti melihat nama penerima transfer pada e-wallet. Ternyata nama merchant tersebut berbeda dari nama toko sehingga menimbulkan kecurigaan.",KETIDAKSESUAIAN_IDENTITAS_MERCHANT,IDENTITY_MISMATCH
823,Saya memeriksa detail informasi QRIS termasuk NMID dan nama merchant sebelum transfer. Informasi yang tampil di layar HP valid dan konsisten dengan identitas resmi merchant.,QRIS_NORMAL_MERCHANT_TERPERCAYA,IDENTITY_MATCH
823,Saya memeriksa detail informasi QRIS termasuk NMID dan nama merchant sebelum transfer. Informasi yang tampil di layar HP tidak konsisten dan mengindikasikan rekening pihak ketiga yang mencurigakan.,KETIDAKSESUAIAN_IDENTITAS_MERCHANT,IDENTITY_MISMATCH
824,"Saat melakukan transaksi QRIS di meja kasir toko pakaian, saya teliti melihat nama penerima transfer pada e-wallet. Ternyata nama merchant tersebut memang resmi atas nama gerai tersebut.",QRIS_NORMAL_MERCHANT_TERPERCAYA,IDENTITY_MATCH
824,"Saat melakukan transaksi QRIS di meja kasir toko pakaian, saya teliti melihat nama penerima transfer pada e-wallet. Ternyata nama merchant tersebut malah mengarah ke rekening pribadi orang lain yang tidak dikenal.",KETIDAKSESUAIAN_IDENTITAS_MERCHANT,IDENTITY_MISMATCH
825,"Demi keamanan sebelum bayar QRIS, saya memastikan identitas penerima terlebih dahulu. Nama yang terdaftar pada sistem tepat milik toko ini tanpa ada perbedaan sedikit pun.",QRIS_NORMAL_MERCHANT_TERPERCAYA,IDENTITY_MATCH
825,"Demi keamanan sebelum bayar QRIS, saya memastikan identitas penerima terlebih dahulu. Nama yang terdaftar pada sistem bukan milik toko ini melainkan atas nama perseorangan.",KETIDAKSESUAIAN_IDENTITAS_MERCHANT,IDENTITY_MISMATCH
826,Nama merchant yang muncul di aplikasi setelah scan QRIS identik dengan nama toko dan tidak ada kejanggalan.,QRIS_NORMAL_MERCHANT_TERPERCAYA,IDENTITY_MATCH
826,Nama merchant yang muncul di aplikasi setelah scan QRIS berbeda dari nama toko sehingga menimbulkan kecurigaan.,KETIDAKSESUAIAN_IDENTITAS_MERCHANT,IDENTITY_MISMATCH
827,"Saat melakukan transaksi QRIS di meja kasir toko alat tulis, saya teliti melihat nama penerima transfer pada e-wallet. Ternyata nama merchant tersebut valid dan konsisten dengan identitas resmi merchant.",QRIS_NORMAL_MERCHANT_TERPERCAYA,IDENTITY_MATCH
827,"Saat melakukan transaksi QRIS di meja kasir toko alat tulis, saya teliti melihat nama penerima transfer pada e-wallet. Ternyata nama merchant tersebut tidak konsisten dan mengindikasikan rekening pihak ketiga yang mencurigakan.",KETIDAKSESUAIAN_IDENTITAS_MERCHANT,IDENTITY_MISMATCH
828,B,QRIS_NORMAL_MERCHANT_TERPERCAYA,IDENTITY_MATCH
828,B,KETIDAKSESUAIAN_IDENTITAS_MERCHANT,IDENTITY_MISMATCH
829,"Setelah transaksi QRIS berhasil, saya cek notifikasi dan struk digital di perbankan saya. Nama penerima dana tepat milik toko ini tanpa ada perbedaan sedikit pun.",QRIS_NORMAL_MERCHANT_TERPERCAYA,IDENTITY_MATCH
829,"Setelah transaksi QRIS berhasil, saya cek notifikasi dan struk digital di perbankan saya. Nama penerima dana bukan milik toko ini melainkan atas nama perseorangan.",KETIDAKSESUAIAN_IDENTITAS_MERCHANT,IDENTITY_MISMATCH
830,"Kasir di Fashion Style Boutique mengarahkan untuk scan barcode QRIS. Saya mencocokkan nama usaha pada aplikasi pembayaran dengan nama toko, dan hasilnya valid dan konsisten dengan identitas resmi merchant.",QRIS_NORMAL_MERCHANT_TERPERCAYA,IDENTITY_MATCH
830,"Kasir di Fashion Style Boutique mengarahkan untuk scan barcode QRIS. Saya mencocokkan nama usaha pada aplikasi pembayaran dengan nama toko, dan hasilnya tidak konsisten dan mengindikasikan rekening pihak ketiga yang mencurigakan.",KETIDAKSESUAIAN_IDENTITAS_MERCHANT,IDENTITY_MISMATCH
831,"Saat melakukan transaksi QRIS di meja kasir warung makan, saya teliti melihat nama penerima transfer pada e-wallet. Ternyata nama merchant tersebut benar-benar sesuai dengan nama tempat usaha yang saya datangi.",QRIS_NORMAL_MERCHANT_TERPERCAYA,IDENTITY_MATCH
831,"Saat melakukan transaksi QRIS di meja kasir warung makan, saya teliti melihat nama penerima transfer pada e-wallet. Ternyata nama merchant tersebut sama sekali tidak sesuai dengan nama tempat usaha yang saya datangi.",KETIDAKSESUAIAN_IDENTITAS_MERCHANT,IDENTITY_MISMATCH
832,"Demi keamanan sebelum bayar QRIS, saya memastikan identitas penerima terlebih dahulu. Nama yang terdaftar pada sistem valid dan konsisten dengan identitas resmi merchant.",QRIS_NORMAL_MERCHANT_TERPERCAYA,IDENTITY_MATCH
832,"Demi keamanan sebelum bayar QRIS, saya memastikan identitas penerima terlebih dahulu. Nama yang terdaftar pada sistem tidak konsisten dan mengindikasikan rekening pihak ketiga yang mencurigakan.",KETIDAKSESUAIAN_IDENTITAS_MERCHANT,IDENTITY_MISMATCH
833,"Demi keamanan sebelum bayar QRIS, saya memastikan identitas penerima terlebih dahulu. Nama yang terdaftar pada sistem memang resmi atas nama gerai tersebut.",QRIS_NORMAL_MERCHANT_TERPERCAYA,IDENTITY_MATCH
833,"Demi keamanan sebelum bayar QRIS, saya memastikan identitas penerima terlebih dahulu. Nama yang terdaftar pada sistem malah mengarah ke rekening pribadi orang lain yang tidak dikenal.",KETIDAKSESUAIAN_IDENTITAS_MERCHANT,IDENTITY_MISMATCH
834,"Nominal belanja sudah pas dan saya cek nama merchant di aplikasi pembayaran. Nama penerima valid dan konsisten dengan identitas resmi merchant, dan pembayaran selesai lancar.",QRIS_NORMAL_MERCHANT_TERPERCAYA,IDENTITY_MATCH
834,"Nominal belanja sudah pas dan saya cek nama merchant di aplikasi pembayaran. Nama penerima tidak konsisten dan mengindikasikan rekening pihak ketiga yang mencurigakan, dan pembayaran selesai lancar.",KETIDAKSESUAIAN_IDENTITAS_MERCHANT,IDENTITY_MISMATCH
835,"Nominal belanja sudah pas dan saya cek nama merchant di aplikasi pembayaran. Nama penerima valid dan konsisten dengan identitas resmi merchant, dan pembayaran selesai lancar.",QRIS_NORMAL_MERCHANT_TERPERCAYA,IDENTITY_MATCH
835,"Nominal belanja sudah pas dan saya cek nama merchant di aplikasi pembayaran. Nama penerima tidak konsisten dan mengindikasikan rekening pihak ketiga yang mencurigakan, dan pembayaran selesai lancar.",KETIDAKSESUAIAN_IDENTITAS_MERCHANT,IDENTITY_MISMATCH
836,"Tadi saya bayar pakai QRIS di Toko Berkah Jaya. Pembayaran sukses, lalu saat mengecek rincian transaksi di aplikasi, nama merchant yang tercantum sepenuhnya cocok dengan nama outlet tempat saya belanja.",QRIS_NORMAL_MERCHANT_TERPERCAYA,IDENTITY_MATCH
836,"Tadi saya bayar pakai QRIS di Toko Berkah Jaya. Pembayaran sukses, lalu saat mengecek rincian transaksi di aplikasi, nama merchant yang tercantum justru tidak cocok dan memunculkan nama pribadi asing.",KETIDAKSESUAIAN_IDENTITAS_MERCHANT,IDENTITY_MISMATCH
837,B,QRIS_NORMAL_MERCHANT_TERPERCAYA,IDENTITY_MATCH
837,B,KETIDAKSESUAIAN_IDENTITAS_MERCHANT,IDENTITY_MISMATCH
838,"Sebelum menekan tombol konfirmasi pembayaran QRIS di apotek, saya memeriksa nama penerima di layar aplikasi. Hasil pengecekan menunjukkan nama penerima identik dengan nama toko dan tidak ada kejanggalan, dan transaksi berhasil diproses.",QRIS_NORMAL_MERCHANT_TERPERCAYA,IDENTITY_MATCH
838,"Sebelum menekan tombol konfirmasi pembayaran QRIS di apotek, saya memeriksa nama penerima di layar aplikasi. Hasil pengecekan menunjukkan nama penerima berbeda dari nama toko sehingga menimbulkan kecurigaan, dan transaksi berhasil diproses.",KETIDAKSESUAIAN_IDENTITAS_MERCHANT,IDENTITY_MISMATCH
839,Saya memeriksa detail informasi QRIS termasuk NMID dan nama merchant sebelum transfer. Informasi yang tampil di layar HP sama persis dengan nama toko tempat saya berbelanja.,QRIS_NORMAL_MERCHANT_TERPERCAYA,IDENTITY_MATCH
839,Saya memeriksa detail informasi QRIS termasuk NMID dan nama merchant sebelum transfer. Informasi yang tampil di layar HP berbeda dengan nama toko tempat saya berbelanja.,KETIDAKSESUAIAN_IDENTITAS_MERCHANT,IDENTITY_MISMATCH
840,"Setelah transaksi QRIS berhasil, saya cek notifikasi dan struk digital di perbankan saya. Nama penerima dana tepat milik toko ini tanpa ada perbedaan sedikit pun.",QRIS_NORMAL_MERCHANT_TERPERCAYA,IDENTITY_MATCH
840,"Setelah transaksi QRIS berhasil, saya cek notifikasi dan struk digital di perbankan saya. Nama penerima dana bukan milik toko ini melainkan atas nama perseorangan.",KETIDAKSESUAIAN_IDENTITAS_MERCHANT,IDENTITY_MISMATCH
841,"Demi keamanan sebelum bayar QRIS, saya memastikan identitas penerima terlebih dahulu. Nama yang terdaftar pada sistem benar-benar sesuai dengan nama tempat usaha yang saya datangi.",QRIS_NORMAL_MERCHANT_TERPERCAYA,IDENTITY_MATCH
841,"Demi keamanan sebelum bayar QRIS, saya memastikan identitas penerima terlebih dahulu. Nama yang terdaftar pada sistem sama sekali tidak sesuai dengan nama tempat usaha yang saya datangi.",KETIDAKSESUAIAN_IDENTITAS_MERCHANT,IDENTITY_MISMATCH
842,"Kasir di Toko Buah Segar Mandiri mengarahkan untuk scan barcode QRIS. Saya mencocokkan nama usaha pada aplikasi pembayaran dengan nama toko, dan hasilnya sama persis dengan nama toko tempat saya berbelanja.",QRIS_NORMAL_MERCHANT_TERPERCAYA,IDENTITY_MATCH
842,"Kasir di Toko Buah Segar Mandiri mengarahkan untuk scan barcode QRIS. Saya mencocokkan nama usaha pada aplikasi pembayaran dengan nama toko, dan hasilnya berbeda dengan nama toko tempat saya berbelanja.",KETIDAKSESUAIAN_IDENTITAS_MERCHANT,IDENTITY_MISMATCH
843,"Kasir di Rumah Makan Sederhana Minang mengarahkan untuk scan barcode QRIS. Saya mencocokkan nama usaha pada aplikasi pembayaran dengan nama toko, dan hasilnya benar terdaftar atas nama merchant tersebut.",QRIS_NORMAL_MERCHANT_TERPERCAYA,IDENTITY_MATCH
843,"Kasir di Rumah Makan Sederhana Minang mengarahkan untuk scan barcode QRIS. Saya mencocokkan nama usaha pada aplikasi pembayaran dengan nama toko, dan hasilnya justru tertera nama merchant lain yang sama sekali berbeda.",KETIDAKSESUAIAN_IDENTITAS_MERCHANT,IDENTITY_MISMATCH
844,"Demi keamanan sebelum bayar QRIS, saya memastikan identitas penerima terlebih dahulu. Nama yang terdaftar pada sistem sesuai dengan nama usaha yang tertera di kasir.",QRIS_NORMAL_MERCHANT_TERPERCAYA,IDENTITY_MATCH
844,"Demi keamanan sebelum bayar QRIS, saya memastikan identitas penerima terlebih dahulu. Nama yang terdaftar pada sistem tidak sesuai dengan nama usaha yang tertera di kasir.",KETIDAKSESUAIAN_IDENTITAS_MERCHANT,IDENTITY_MISMATCH
845,Saya memeriksa detail informasi QRIS termasuk NMID dan nama merchant sebelum transfer. Informasi yang tampil di layar HP valid dan konsisten dengan identitas resmi merchant.,QRIS_NORMAL_MERCHANT_TERPERCAYA,IDENTITY_MATCH
845,Saya memeriksa detail informasi QRIS termasuk NMID dan nama merchant sebelum transfer. Informasi yang tampil di layar HP tidak konsisten dan mengindikasikan rekening pihak ketiga yang mencurigakan.,KETIDAKSESUAIAN_IDENTITAS_MERCHANT,IDENTITY_MISMATCH
846,"Saat melakukan transaksi QRIS di meja kasir bengkel motor, saya teliti melihat nama penerima transfer pada e-wallet. Ternyata nama merchant tersebut sama persis dengan nama toko tempat saya berbelanja.",QRIS_NORMAL_MERCHANT_TERPERCAYA,IDENTITY_MATCH
846,"Saat melakukan transaksi QRIS di meja kasir bengkel motor, saya teliti melihat nama penerima transfer pada e-wallet. Ternyata nama merchant tersebut berbeda dengan nama toko tempat saya berbelanja.",KETIDAKSESUAIAN_IDENTITAS_MERCHANT,IDENTITY_MISMATCH
847,"Tadi saya bayar pakai QRIS di Toko Buku Gemilang. Pembayaran sukses, lalu saat mengecek rincian transaksi di aplikasi, nama merchant yang tercantum sepenuhnya cocok dengan nama outlet tempat saya belanja.",QRIS_NORMAL_MERCHANT_TERPERCAYA,IDENTITY_MATCH
847,"Tadi saya bayar pakai QRIS di Toko Buku Gemilang. Pembayaran sukses, lalu saat mengecek rincian transaksi di aplikasi, nama merchant yang tercantum justru tidak cocok dan memunculkan nama pribadi asing.",KETIDAKSESUAIAN_IDENTITAS_MERCHANT,IDENTITY_MISMATCH
848,"Nominal belanja sudah pas dan saya cek nama merchant di aplikasi pembayaran. Nama penerima sama persis dengan nama toko tempat saya berbelanja, dan pembayaran selesai lancar.",QRIS_NORMAL_MERCHANT_TERPERCAYA,IDENTITY_MATCH
848,"Nominal belanja sudah pas dan saya cek nama merchant di aplikasi pembayaran. Nama penerima berbeda dengan nama toko tempat saya berbelanja, dan pembayaran selesai lancar.",KETIDAKSESUAIAN_IDENTITAS_MERCHANT,IDENTITY_MISMATCH
849,"Kasir di Toko Buku Gemilang mengarahkan untuk scan barcode QRIS. Saya mencocokkan nama usaha pada aplikasi pembayaran dengan nama toko, dan hasilnya benar terdaftar atas nama merchant tersebut.",QRIS_NORMAL_MERCHANT_TERPERCAYA,IDENTITY_MATCH
849,"Kasir di Toko Buku Gemilang mengarahkan untuk scan barcode QRIS. Saya mencocokkan nama usaha pada aplikasi pembayaran dengan nama toko, dan hasilnya justru tertera nama merchant lain yang sama sekali berbeda.",KETIDAKSESUAIAN_IDENTITAS_MERCHANT,IDENTITY_MISMATCH
850,"Kasir di Toko Buku Gemilang mengarahkan untuk scan barcode QRIS. Saya mencocokkan nama usaha pada aplikasi pembayaran dengan nama toko, dan hasilnya sama persis dengan nama toko tempat saya berbelanja.",QRIS_NORMAL_MERCHANT_TERPERCAYA,IDENTITY_MATCH
850,"Kasir di Toko Buku Gemilang mengarahkan untuk scan barcode QRIS. Saya mencocokkan nama usaha pada aplikasi pembayaran dengan nama toko, dan hasilnya berbeda dengan nama toko tempat saya berbelanja.",KETIDAKSESUAIAN_IDENTITAS_MERCHANT,IDENTITY_MISMATCH
851,"Setelah transaksi QRIS berhasil, saya cek notifikasi dan struk digital di perbankan saya. Nama penerima dana sesuai dengan nama usaha yang tertera di kasir.",QRIS_NORMAL_MERCHANT_TERPERCAYA,IDENTITY_MATCH
851,"Setelah transaksi QRIS berhasil, saya cek notifikasi dan struk digital di perbankan saya. Nama penerima dana tidak sesuai dengan nama usaha yang tertera di kasir.",KETIDAKSESUAIAN_IDENTITAS_MERCHANT,IDENTITY_MISMATCH
852,"Saat melakukan transaksi QRIS di meja kasir toko kelontong, saya teliti melihat nama penerima transfer pada e-wallet. Ternyata nama merchant tersebut sama persis dengan nama toko tempat saya berbelanja.",QRIS_NORMAL_MERCHANT_TERPERCAYA,IDENTITY_MATCH
852,"Saat melakukan transaksi QRIS di meja kasir toko kelontong, saya teliti melihat nama penerima transfer pada e-wallet. Ternyata nama merchant tersebut berbeda dengan nama toko tempat saya berbelanja.",KETIDAKSESUAIAN_IDENTITAS_MERCHANT,IDENTITY_MISMATCH
853,"Saat melakukan transaksi QRIS di meja kasir warung makan, saya teliti melihat nama penerima transfer pada e-wallet. Ternyata nama merchant tersebut sepenuhnya cocok dengan nama outlet tempat saya belanja.",QRIS_NORMAL_MERCHANT_TERPERCAYA,IDENTITY_MATCH
853,"Saat melakukan transaksi QRIS di meja kasir warung makan, saya teliti melihat nama penerima transfer pada e-wallet. Ternyata nama merchant tersebut justru tidak cocok dan memunculkan nama pribadi asing.",KETIDAKSESUAIAN_IDENTITAS_MERCHANT,IDENTITY_MISMATCH
854,"Tadi saya bayar pakai QRIS di Boba Fresh Delight. Pembayaran sukses, lalu saat mengecek rincian transaksi di aplikasi, nama merchant yang tercantum tepat milik toko ini tanpa ada perbedaan sedikit pun.",QRIS_NORMAL_MERCHANT_TERPERCAYA,IDENTITY_MATCH
854,"Tadi saya bayar pakai QRIS di Boba Fresh Delight. Pembayaran sukses, lalu saat mengecek rincian transaksi di aplikasi, nama merchant yang tercantum bukan milik toko ini melainkan atas nama perseorangan.",KETIDAKSESUAIAN_IDENTITAS_MERCHANT,IDENTITY_MISMATCH
855,"Demi keamanan sebelum bayar QRIS, saya memastikan identitas penerima terlebih dahulu. Nama yang terdaftar pada sistem identik dengan nama toko dan tidak ada kejanggalan.",QRIS_NORMAL_MERCHANT_TERPERCAYA,IDENTITY_MATCH
855,"Demi keamanan sebelum bayar QRIS, saya memastikan identitas penerima terlebih dahulu. Nama yang terdaftar pada sistem berbeda dari nama toko sehingga menimbulkan kecurigaan.",KETIDAKSESUAIAN_IDENTITAS_MERCHANT,IDENTITY_MISMATCH
856,"Demi keamanan sebelum bayar QRIS, saya memastikan identitas penerima terlebih dahulu. Nama yang terdaftar pada sistem cocok dan identik dengan plang nama toko di depan saya.",QRIS_NORMAL_MERCHANT_TERPERCAYA,IDENTITY_MATCH
856,"Demi keamanan sebelum bayar QRIS, saya memastikan identitas penerima terlebih dahulu. Nama yang terdaftar pada sistem tidak cocok dan berbeda jauh dari plang nama toko di depan saya.",KETIDAKSESUAIAN_IDENTITAS_MERCHANT,IDENTITY_MISMATCH
857,"Nominal belanja sudah pas dan saya cek nama merchant di aplikasi pembayaran. Nama penerima sesuai dengan nama usaha yang tertera di kasir, dan pembayaran selesai lancar.",QRIS_NORMAL_MERCHANT_TERPERCAYA,IDENTITY_MATCH
857,"Nominal belanja sudah pas dan saya cek nama merchant di aplikasi pembayaran. Nama penerima tidak sesuai dengan nama usaha yang tertera di kasir, dan pembayaran selesai lancar.",KETIDAKSESUAIAN_IDENTITAS_MERCHANT,IDENTITY_MISMATCH
858,Saya memeriksa detail informasi QRIS termasuk NMID dan nama merchant sebelum transfer. Informasi yang tampil di layar HP benar-benar sesuai dengan nama tempat usaha yang saya datangi.,QRIS_NORMAL_MERCHANT_TERPERCAYA,IDENTITY_MATCH
858,Saya memeriksa detail informasi QRIS termasuk NMID dan nama merchant sebelum transfer. Informasi yang tampil di layar HP sama sekali tidak sesuai dengan nama tempat usaha yang saya datangi.,KETIDAKSESUAIAN_IDENTITAS_MERCHANT,IDENTITY_MISMATCH
859,"Kasir di Bengkel Maju Lancar mengarahkan untuk scan barcode QRIS. Saya mencocokkan nama usaha pada aplikasi pembayaran dengan nama toko, dan hasilnya sesuai dengan nama usaha yang tertera di kasir.",QRIS_NORMAL_MERCHANT_TERPERCAYA,IDENTITY_MATCH
859,"Kasir di Bengkel Maju Lancar mengarahkan untuk scan barcode QRIS. Saya mencocokkan nama usaha pada aplikasi pembayaran dengan nama toko, dan hasilnya tidak sesuai dengan nama usaha yang tertera di kasir.",KETIDAKSESUAIAN_IDENTITAS_MERCHANT,IDENTITY_MISMATCH
860,"Saat melakukan transaksi QRIS di meja kasir toko buah, saya teliti melihat nama penerima transfer pada e-wallet. Ternyata nama merchant tersebut cocok dan identik dengan plang nama toko di depan saya.",QRIS_NORMAL_MERCHANT_TERPERCAYA,IDENTITY_MATCH
860,"Saat melakukan transaksi QRIS di meja kasir toko buah, saya teliti melihat nama penerima transfer pada e-wallet. Ternyata nama merchant tersebut tidak cocok dan berbeda jauh dari plang nama toko di depan saya.",KETIDAKSESUAIAN_IDENTITAS_MERCHANT,IDENTITY_MISMATCH
861,Nama merchant yang muncul di aplikasi setelah scan QRIS valid dan konsisten dengan identitas resmi merchant.,QRIS_NORMAL_MERCHANT_TERPERCAYA,IDENTITY_MATCH
861,Nama merchant yang muncul di aplikasi setelah scan QRIS tidak konsisten dan mengindikasikan rekening pihak ketiga yang mencurigakan.,KETIDAKSESUAIAN_IDENTITAS_MERCHANT,IDENTITY_MISMATCH
862,Saya memeriksa detail informasi QRIS termasuk NMID dan nama merchant sebelum transfer. Informasi yang tampil di layar HP cocok dan identik dengan plang nama toko di depan saya.,QRIS_NORMAL_MERCHANT_TERPERCAYA,IDENTITY_MATCH
862,Saya memeriksa detail informasi QRIS termasuk NMID dan nama merchant sebelum transfer. Informasi yang tampil di layar HP tidak cocok dan berbeda jauh dari plang nama toko di depan saya.,KETIDAKSESUAIAN_IDENTITAS_MERCHANT,IDENTITY_MISMATCH
863,"Setelah transaksi QRIS berhasil, saya cek notifikasi dan struk digital di perbankan saya. Nama penerima dana benar terdaftar atas nama merchant tersebut.",QRIS_NORMAL_MERCHANT_TERPERCAYA,IDENTITY_MATCH
863,"Setelah transaksi QRIS berhasil, saya cek notifikasi dan struk digital di perbankan saya. Nama penerima dana justru tertera nama merchant lain yang sama sekali berbeda.",KETIDAKSESUAIAN_IDENTITAS_MERCHANT,IDENTITY_MISMATCH
864,Nama merchant yang muncul di aplikasi setelah scan QRIS benar-benar sesuai dengan nama tempat usaha yang saya datangi.,QRIS_NORMAL_MERCHANT_TERPERCAYA,IDENTITY_MATCH
864,Nama merchant yang muncul di aplikasi setelah scan QRIS sama sekali tidak sesuai dengan nama tempat usaha yang saya datangi.,KETIDAKSESUAIAN_IDENTITAS_MERCHANT,IDENTITY_MISMATCH
865,"Tadi saya bayar pakai QRIS di Laundry Wangi Bersih. Pembayaran sukses, lalu saat mengecek rincian transaksi di aplikasi, nama merchant yang tercantum cocok dan identik dengan plang nama toko di depan saya.",QRIS_NORMAL_MERCHANT_TERPERCAYA,IDENTITY_MATCH
865,"Tadi saya bayar pakai QRIS di Laundry Wangi Bersih. Pembayaran sukses, lalu saat mengecek rincian transaksi di aplikasi, nama merchant yang tercantum tidak cocok dan berbeda jauh dari plang nama toko di depan saya.",KETIDAKSESUAIAN_IDENTITAS_MERCHANT,IDENTITY_MISMATCH
866,"Demi keamanan sebelum bayar QRIS, saya memastikan identitas penerima terlebih dahulu. Nama yang terdaftar pada sistem tepat milik toko ini tanpa ada perbedaan sedikit pun.",QRIS_NORMAL_MERCHANT_TERPERCAYA,IDENTITY_MATCH
866,"Demi keamanan sebelum bayar QRIS, saya memastikan identitas penerima terlebih dahulu. Nama yang terdaftar pada sistem bukan milik toko ini melainkan atas nama perseorangan.",KETIDAKSESUAIAN_IDENTITAS_MERCHANT,IDENTITY_MISMATCH
867,Saya memeriksa detail informasi QRIS termasuk NMID dan nama merchant sebelum transfer. Informasi yang tampil di layar HP sama persis dengan nama toko tempat saya berbelanja.,QRIS_NORMAL_MERCHANT_TERPERCAYA,IDENTITY_MATCH
867,Saya memeriksa detail informasi QRIS termasuk NMID dan nama merchant sebelum transfer. Informasi yang tampil di layar HP berbeda dengan nama toko tempat saya berbelanja.,KETIDAKSESUAIAN_IDENTITAS_MERCHANT,IDENTITY_MISMATCH
868,"Setelah transaksi QRIS berhasil, saya cek notifikasi dan struk digital di perbankan saya. Nama penerima dana memang resmi atas nama gerai tersebut.",QRIS_NORMAL_MERCHANT_TERPERCAYA,IDENTITY_MATCH
868,"Setelah transaksi QRIS berhasil, saya cek notifikasi dan struk digital di perbankan saya. Nama penerima dana malah mengarah ke rekening pribadi orang lain yang tidak dikenal.",KETIDAKSESUAIAN_IDENTITAS_MERCHANT,IDENTITY_MISMATCH
869,"Saat melakukan transaksi QRIS di meja kasir counter pulsa, saya teliti melihat nama penerima transfer pada e-wallet. Ternyata nama merchant tersebut tepat milik toko ini tanpa ada perbedaan sedikit pun.",QRIS_NORMAL_MERCHANT_TERPERCAYA,IDENTITY_MATCH
869,"Saat melakukan transaksi QRIS di meja kasir counter pulsa, saya teliti melihat nama penerima transfer pada e-wallet. Ternyata nama merchant tersebut bukan milik toko ini melainkan atas nama perseorangan.",KETIDAKSESUAIAN_IDENTITAS_MERCHANT,IDENTITY_MISMATCH
870,B,QRIS_NORMAL_MERCHANT_TERPERCAYA,IDENTITY_MATCH
870,B,KETIDAKSESUAIAN_IDENTITAS_MERCHANT,IDENTITY_MISMATCH
871,"Saat melakukan transaksi QRIS di meja kasir warung makan, saya teliti melihat nama penerima transfer pada e-wallet. Ternyata nama merchant tersebut tepat milik toko ini tanpa ada perbedaan sedikit pun.",QRIS_NORMAL_MERCHANT_TERPERCAYA,IDENTITY_MATCH
871,"Saat melakukan transaksi QRIS di meja kasir warung makan, saya teliti melihat nama penerima transfer pada e-wallet. Ternyata nama merchant tersebut bukan milik toko ini melainkan atas nama perseorangan.",KETIDAKSESUAIAN_IDENTITAS_MERCHANT,IDENTITY_MISMATCH
872,Saya memeriksa detail informasi QRIS termasuk NMID dan nama merchant sebelum transfer. Informasi yang tampil di layar HP sama persis dengan nama toko tempat saya berbelanja.,QRIS_NORMAL_MERCHANT_TERPERCAYA,IDENTITY_MATCH
872,Saya memeriksa detail informasi QRIS termasuk NMID dan nama merchant sebelum transfer. Informasi yang tampil di layar HP berbeda dengan nama toko tempat saya berbelanja.,KETIDAKSESUAIAN_IDENTITAS_MERCHANT,IDENTITY_MISMATCH
873,"Tadi saya bayar pakai QRIS di Toko Buah Segar Mandiri. Pembayaran sukses, lalu saat mengecek rincian transaksi di aplikasi, nama merchant yang tercantum sesuai dengan nama usaha yang tertera di kasir.",QRIS_NORMAL_MERCHANT_TERPERCAYA,IDENTITY_MATCH
873,"Tadi saya bayar pakai QRIS di Toko Buah Segar Mandiri. Pembayaran sukses, lalu saat mengecek rincian transaksi di aplikasi, nama merchant yang tercantum tidak sesuai dengan nama usaha yang tertera di kasir.",KETIDAKSESUAIAN_IDENTITAS_MERCHANT,IDENTITY_MISMATCH
874,"Kasir di Minimarket Barokah mengarahkan untuk scan barcode QRIS. Saya mencocokkan nama usaha pada aplikasi pembayaran dengan nama toko, dan hasilnya benar terdaftar atas nama merchant tersebut.",QRIS_NORMAL_MERCHANT_TERPERCAYA,IDENTITY_MATCH
874,"Kasir di Minimarket Barokah mengarahkan untuk scan barcode QRIS. Saya mencocokkan nama usaha pada aplikasi pembayaran dengan nama toko, dan hasilnya justru tertera nama merchant lain yang sama sekali berbeda.",KETIDAKSESUAIAN_IDENTITAS_MERCHANT,IDENTITY_MISMATCH
875,"Nominal belanja sudah pas dan saya cek nama merchant di aplikasi pembayaran. Nama penerima valid dan konsisten dengan identitas resmi merchant, dan pembayaran selesai lancar.",QRIS_NORMAL_MERCHANT_TERPERCAYA,IDENTITY_MATCH
875,"Nominal belanja sudah pas dan saya cek nama merchant di aplikasi pembayaran. Nama penerima tidak konsisten dan mengindikasikan rekening pihak ketiga yang mencurigakan, dan pembayaran selesai lancar.",KETIDAKSESUAIAN_IDENTITAS_MERCHANT,IDENTITY_MISMATCH
876,"Tadi saya bayar pakai QRIS di Bakso Super Urat Mas Bejo. Pembayaran sukses, lalu saat mengecek rincian transaksi di aplikasi, nama merchant yang tercantum valid dan konsisten dengan identitas resmi merchant.",QRIS_NORMAL_MERCHANT_TERPERCAYA,IDENTITY_MATCH
876,"Tadi saya bayar pakai QRIS di Bakso Super Urat Mas Bejo. Pembayaran sukses, lalu saat mengecek rincian transaksi di aplikasi, nama merchant yang tercantum tidak konsisten dan mengindikasikan rekening pihak ketiga yang mencurigakan.",KETIDAKSESUAIAN_IDENTITAS_MERCHANT,IDENTITY_MISMATCH
877,B,QRIS_NORMAL_MERCHANT_TERPERCAYA,IDENTITY_MATCH
877,B,KETIDAKSESUAIAN_IDENTITAS_MERCHANT,IDENTITY_MISMATCH
878,"Kasir di Apotek Sehat Medika mengarahkan untuk scan barcode QRIS. Saya mencocokkan nama usaha pada aplikasi pembayaran dengan nama toko, dan hasilnya sesuai dengan nama usaha yang tertera di kasir.",QRIS_NORMAL_MERCHANT_TERPERCAYA,IDENTITY_MATCH
878,"Kasir di Apotek Sehat Medika mengarahkan untuk scan barcode QRIS. Saya mencocokkan nama usaha pada aplikasi pembayaran dengan nama toko, dan hasilnya tidak sesuai dengan nama usaha yang tertera di kasir.",KETIDAKSESUAIAN_IDENTITAS_MERCHANT,IDENTITY_MISMATCH
879,"Demi keamanan sebelum bayar QRIS, saya memastikan identitas penerima terlebih dahulu. Nama yang terdaftar pada sistem sepenuhnya cocok dengan nama outlet tempat saya belanja.",QRIS_NORMAL_MERCHANT_TERPERCAYA,IDENTITY_MATCH
879,"Demi keamanan sebelum bayar QRIS, saya memastikan identitas penerima terlebih dahulu. Nama yang terdaftar pada sistem justru tidak cocok dan memunculkan nama pribadi asing.",KETIDAKSESUAIAN_IDENTITAS_MERCHANT,IDENTITY_MISMATCH
880,"Setelah transaksi QRIS berhasil, saya cek notifikasi dan struk digital di perbankan saya. Nama penerima dana identik dengan nama toko dan tidak ada kejanggalan.",QRIS_NORMAL_MERCHANT_TERPERCAYA,IDENTITY_MATCH
880,"Setelah transaksi QRIS berhasil, saya cek notifikasi dan struk digital di perbankan saya. Nama penerima dana berbeda dari nama toko sehingga menimbulkan kecurigaan.",KETIDAKSESUAIAN_IDENTITAS_MERCHANT,IDENTITY_MISMATCH
881,"Demi keamanan sebelum bayar QRIS, saya memastikan identitas penerima terlebih dahulu. Nama yang terdaftar pada sistem identik dengan nama toko dan tidak ada kejanggalan.",QRIS_NORMAL_MERCHANT_TERPERCAYA,IDENTITY_MATCH
881,"Demi keamanan sebelum bayar QRIS, saya memastikan identitas penerima terlebih dahulu. Nama yang terdaftar pada sistem berbeda dari nama toko sehingga menimbulkan kecurigaan.",KETIDAKSESUAIAN_IDENTITAS_MERCHANT,IDENTITY_MISMATCH
882,Saya memeriksa detail informasi QRIS termasuk NMID dan nama merchant sebelum transfer. Informasi yang tampil di layar HP memang resmi atas nama gerai tersebut.,QRIS_NORMAL_MERCHANT_TERPERCAYA,IDENTITY_MATCH
882,Saya memeriksa detail informasi QRIS termasuk NMID dan nama merchant sebelum transfer. Informasi yang tampil di layar HP malah mengarah ke rekening pribadi orang lain yang tidak dikenal.,KETIDAKSESUAIAN_IDENTITAS_MERCHANT,IDENTITY_MISMATCH
883,B,QRIS_NORMAL_MERCHANT_TERPERCAYA,IDENTITY_MATCH
883,B,KETIDAKSESUAIAN_IDENTITAS_MERCHANT,IDENTITY_MISMATCH
884,"Demi keamanan sebelum bayar QRIS, saya memastikan identitas penerima terlebih dahulu. Nama yang terdaftar pada sistem identik dengan nama toko dan tidak ada kejanggalan.",QRIS_NORMAL_MERCHANT_TERPERCAYA,IDENTITY_MATCH
884,"Demi keamanan sebelum bayar QRIS, saya memastikan identitas penerima terlebih dahulu. Nama yang terdaftar pada sistem berbeda dari nama toko sehingga menimbulkan kecurigaan.",KETIDAKSESUAIAN_IDENTITAS_MERCHANT,IDENTITY_MISMATCH
885,Nama merchant yang muncul di aplikasi setelah scan QRIS benar-benar sesuai dengan nama tempat usaha yang saya datangi.,QRIS_NORMAL_MERCHANT_TERPERCAYA,IDENTITY_MATCH
885,Nama merchant yang muncul di aplikasi setelah scan QRIS sama sekali tidak sesuai dengan nama tempat usaha yang saya datangi.,KETIDAKSESUAIAN_IDENTITAS_MERCHANT,IDENTITY_MISMATCH
886,B,QRIS_NORMAL_MERCHANT_TERPERCAYA,IDENTITY_MATCH
886,B,KETIDAKSESUAIAN_IDENTITAS_MERCHANT,IDENTITY_MISMATCH
887,"Nominal belanja sudah pas dan saya cek nama merchant di aplikasi pembayaran. Nama penerima identik dengan nama toko dan tidak ada kejanggalan, dan pembayaran selesai lancar.",QRIS_NORMAL_MERCHANT_TERPERCAYA,IDENTITY_MATCH
887,"Nominal belanja sudah pas dan saya cek nama merchant di aplikasi pembayaran. Nama penerima berbeda dari nama toko sehingga menimbulkan kecurigaan, dan pembayaran selesai lancar.",KETIDAKSESUAIAN_IDENTITAS_MERCHANT,IDENTITY_MISMATCH
888,B,QRIS_NORMAL_MERCHANT_TERPERCAYA,IDENTITY_MATCH
888,B,KETIDAKSESUAIAN_IDENTITAS_MERCHANT,IDENTITY_MISMATCH
889,"Kasir di Toko Berkah Jaya mengarahkan untuk scan barcode QRIS. Saya mencocokkan nama usaha pada aplikasi pembayaran dengan nama toko, dan hasilnya tepat milik toko ini tanpa ada perbedaan sedikit pun.",QRIS_NORMAL_MERCHANT_TERPERCAYA,IDENTITY_MATCH
889,"Kasir di Toko Berkah Jaya mengarahkan untuk scan barcode QRIS. Saya mencocokkan nama usaha pada aplikasi pembayaran dengan nama toko, dan hasilnya bukan milik toko ini melainkan atas nama perseorangan.",KETIDAKSESUAIAN_IDENTITAS_MERCHANT,IDENTITY_MISMATCH
890,"Nominal belanja sudah pas dan saya cek nama merchant di aplikasi pembayaran. Nama penerima sesuai dengan nama usaha yang tertera di kasir, dan pembayaran selesai lancar.",QRIS_NORMAL_MERCHANT_TERPERCAYA,IDENTITY_MATCH
890,"Nominal belanja sudah pas dan saya cek nama merchant di aplikasi pembayaran. Nama penerima tidak sesuai dengan nama usaha yang tertera di kasir, dan pembayaran selesai lancar.",KETIDAKSESUAIAN_IDENTITAS_MERCHANT,IDENTITY_MISMATCH
891,Saya memeriksa detail informasi QRIS termasuk NMID dan nama merchant sebelum transfer. Informasi yang tampil di layar HP sepenuhnya cocok dengan nama outlet tempat saya belanja.,QRIS_NORMAL_MERCHANT_TERPERCAYA,IDENTITY_MATCH
891,Saya memeriksa detail informasi QRIS termasuk NMID dan nama merchant sebelum transfer. Informasi yang tampil di layar HP justru tidak cocok dan memunculkan nama pribadi asing.,KETIDAKSESUAIAN_IDENTITAS_MERCHANT,IDENTITY_MISMATCH
892,"Tadi saya bayar pakai QRIS di Counter Cahaya Cell. Pembayaran sukses, lalu saat mengecek rincian transaksi di aplikasi, nama merchant yang tercantum identik dengan nama toko dan tidak ada kejanggalan.",QRIS_NORMAL_MERCHANT_TERPERCAYA,IDENTITY_MATCH
892,"Tadi saya bayar pakai QRIS di Counter Cahaya Cell. Pembayaran sukses, lalu saat mengecek rincian transaksi di aplikasi, nama merchant yang tercantum berbeda dari nama toko sehingga menimbulkan kecurigaan.",KETIDAKSESUAIAN_IDENTITAS_MERCHANT,IDENTITY_MISMATCH
893,"Sebelum menekan tombol konfirmasi pembayaran QRIS di counter pulsa, saya memeriksa nama penerima di layar aplikasi. Hasil pengecekan menunjukkan nama penerima sesuai dengan nama usaha yang tertera di kasir, dan transaksi berhasil diproses.",QRIS_NORMAL_MERCHANT_TERPERCAYA,IDENTITY_MATCH
893,"Sebelum menekan tombol konfirmasi pembayaran QRIS di counter pulsa, saya memeriksa nama penerima di layar aplikasi. Hasil pengecekan menunjukkan nama penerima tidak sesuai dengan nama usaha yang tertera di kasir, dan transaksi berhasil diproses.",KETIDAKSESUAIAN_IDENTITAS_MERCHANT,IDENTITY_MISMATCH
894,"Nominal belanja sudah pas dan saya cek nama merchant di aplikasi pembayaran. Nama penerima benar terdaftar atas nama merchant tersebut, dan pembayaran selesai lancar.",QRIS_NORMAL_MERCHANT_TERPERCAYA,IDENTITY_MATCH
894,"Nominal belanja sudah pas dan saya cek nama merchant di aplikasi pembayaran. Nama penerima justru tertera nama merchant lain yang sama sekali berbeda, dan pembayaran selesai lancar.",KETIDAKSESUAIAN_IDENTITAS_MERCHANT,IDENTITY_MISMATCH
895,B,QRIS_NORMAL_MERCHANT_TERPERCAYA,IDENTITY_MATCH
895,B,KETIDAKSESUAIAN_IDENTITAS_MERCHANT,IDENTITY_MISMATCH
896,"Demi keamanan sebelum bayar QRIS, saya memastikan identitas penerima terlebih dahulu. Nama yang terdaftar pada sistem valid dan konsisten dengan identitas resmi merchant.",QRIS_NORMAL_MERCHANT_TERPERCAYA,IDENTITY_MATCH
896,"Demi keamanan sebelum bayar QRIS, saya memastikan identitas penerima terlebih dahulu. Nama yang terdaftar pada sistem tidak konsisten dan mengindikasikan rekening pihak ketiga yang mencurigakan.",KETIDAKSESUAIAN_IDENTITAS_MERCHANT,IDENTITY_MISMATCH
897,"Sebelum menekan tombol konfirmasi pembayaran QRIS di kedai bakso, saya memeriksa nama penerima di layar aplikasi. Hasil pengecekan menunjukkan nama penerima benar terdaftar atas nama merchant tersebut, dan transaksi berhasil diproses.",QRIS_NORMAL_MERCHANT_TERPERCAYA,IDENTITY_MATCH
897,"Sebelum menekan tombol konfirmasi pembayaran QRIS di kedai bakso, saya memeriksa nama penerima di layar aplikasi. Hasil pengecekan menunjukkan nama penerima justru tertera nama merchant lain yang sama sekali berbeda, dan transaksi berhasil diproses.",KETIDAKSESUAIAN_IDENTITAS_MERCHANT,IDENTITY_MISMATCH
898,"Sebelum menekan tombol konfirmasi pembayaran QRIS di minimarket, saya memeriksa nama penerima di layar aplikasi. Hasil pengecekan menunjukkan nama penerima memang resmi atas nama gerai tersebut, dan transaksi berhasil diproses.",QRIS_NORMAL_MERCHANT_TERPERCAYA,IDENTITY_MATCH
898,"Sebelum menekan tombol konfirmasi pembayaran QRIS di minimarket, saya memeriksa nama penerima di layar aplikasi. Hasil pengecekan menunjukkan nama penerima malah mengarah ke rekening pribadi orang lain yang tidak dikenal, dan transaksi berhasil diproses.",KETIDAKSESUAIAN_IDENTITAS_MERCHANT,IDENTITY_MISMATCH
899,"Tadi saya bayar pakai QRIS di Boba Fresh Delight. Pembayaran sukses, lalu saat mengecek rincian transaksi di aplikasi, nama merchant yang tercantum sama persis dengan nama toko tempat saya berbelanja.",QRIS_NORMAL_MERCHANT_TERPERCAYA,IDENTITY_MATCH
899,"Tadi saya bayar pakai QRIS di Boba Fresh Delight. Pembayaran sukses, lalu saat mengecek rincian transaksi di aplikasi, nama merchant yang tercantum berbeda dengan nama toko tempat saya berbelanja.",KETIDAKSESUAIAN_IDENTITAS_MERCHANT,IDENTITY_MISMATCH
900,Nama merchant yang muncul di aplikasi setelah scan QRIS benar-benar sesuai dengan nama tempat usaha yang saya datangi.,QRIS_NORMAL_MERCHANT_TERPERCAYA,IDENTITY_MATCH
900,Nama merchant yang muncul di aplikasi setelah scan QRIS sama sekali tidak sesuai dengan nama tempat usaha yang saya datangi.,KETIDAKSESUAIAN_IDENTITAS_MERCHANT,IDENTITY_MISMATCH
901,"Sebelum menekan tombol konfirmasi pembayaran QRIS di restoran padang, saya memeriksa nama penerima di layar aplikasi. Hasil pengecekan menunjukkan nama penerima benar-benar sesuai dengan nama tempat usaha yang saya datangi, dan transaksi berhasil diproses.",QRIS_NORMAL_MERCHANT_TERPERCAYA,IDENTITY_MATCH
901,"Sebelum menekan tombol konfirmasi pembayaran QRIS di restoran padang, saya memeriksa nama penerima di layar aplikasi. Hasil pengecekan menunjukkan nama penerima sama sekali tidak sesuai dengan nama tempat usaha yang saya datangi, dan transaksi berhasil diproses.",KETIDAKSESUAIAN_IDENTITAS_MERCHANT,IDENTITY_MISMATCH
902,"Demi keamanan sebelum bayar QRIS, saya memastikan identitas penerima terlebih dahulu. Nama yang terdaftar pada sistem sama persis dengan nama toko tempat saya berbelanja.",QRIS_NORMAL_MERCHANT_TERPERCAYA,IDENTITY_MATCH
902,"Demi keamanan sebelum bayar QRIS, saya memastikan identitas penerima terlebih dahulu. Nama yang terdaftar pada sistem berbeda dengan nama toko tempat saya berbelanja.",KETIDAKSESUAIAN_IDENTITAS_MERCHANT,IDENTITY_MISMATCH
903,"Setelah transaksi QRIS berhasil, saya cek notifikasi dan struk digital di perbankan saya. Nama penerima dana cocok dan identik dengan plang nama toko di depan saya.",QRIS_NORMAL_MERCHANT_TERPERCAYA,IDENTITY_MATCH
903,"Setelah transaksi QRIS berhasil, saya cek notifikasi dan struk digital di perbankan saya. Nama penerima dana tidak cocok dan berbeda jauh dari plang nama toko di depan saya.",KETIDAKSESUAIAN_IDENTITAS_MERCHANT,IDENTITY_MISMATCH
904,"Kasir di Fashion Style Boutique mengarahkan untuk scan barcode QRIS. Saya mencocokkan nama usaha pada aplikasi pembayaran dengan nama toko, dan hasilnya benar terdaftar atas nama merchant tersebut.",QRIS_NORMAL_MERCHANT_TERPERCAYA,IDENTITY_MATCH
904,"Kasir di Fashion Style Boutique mengarahkan untuk scan barcode QRIS. Saya mencocokkan nama usaha pada aplikasi pembayaran dengan nama toko, dan hasilnya justru tertera nama merchant lain yang sama sekali berbeda.",KETIDAKSESUAIAN_IDENTITAS_MERCHANT,IDENTITY_MISMATCH
905,"Setelah transaksi QRIS berhasil, saya cek notifikasi dan struk digital di perbankan saya. Nama penerima dana sesuai dengan nama usaha yang tertera di kasir.",QRIS_NORMAL_MERCHANT_TERPERCAYA,IDENTITY_MATCH
905,"Setelah transaksi QRIS berhasil, saya cek notifikasi dan struk digital di perbankan saya. Nama penerima dana tidak sesuai dengan nama usaha yang tertera di kasir.",KETIDAKSESUAIAN_IDENTITAS_MERCHANT,IDENTITY_MISMATCH
906,"Setelah transaksi QRIS berhasil, saya cek notifikasi dan struk digital di perbankan saya. Nama penerima dana benar terdaftar atas nama merchant tersebut.",QRIS_NORMAL_MERCHANT_TERPERCAYA,IDENTITY_MATCH
906,"Setelah transaksi QRIS berhasil, saya cek notifikasi dan struk digital di perbankan saya. Nama penerima dana justru tertera nama merchant lain yang sama sekali berbeda.",KETIDAKSESUAIAN_IDENTITAS_MERCHANT,IDENTITY_MISMATCH
907,"Nominal belanja sudah pas dan saya cek nama merchant di aplikasi pembayaran. Nama penerima cocok dan identik dengan plang nama toko di depan saya, dan pembayaran selesai lancar.",QRIS_NORMAL_MERCHANT_TERPERCAYA,IDENTITY_MATCH
907,"Nominal belanja sudah pas dan saya cek nama merchant di aplikasi pembayaran. Nama penerima tidak cocok dan berbeda jauh dari plang nama toko di depan saya, dan pembayaran selesai lancar.",KETIDAKSESUAIAN_IDENTITAS_MERCHANT,IDENTITY_MISMATCH
908,Nama merchant yang muncul di aplikasi setelah scan QRIS benar-benar sesuai dengan nama tempat usaha yang saya datangi.,QRIS_NORMAL_MERCHANT_TERPERCAYA,IDENTITY_MATCH
908,Nama merchant yang muncul di aplikasi setelah scan QRIS sama sekali tidak sesuai dengan nama tempat usaha yang saya datangi.,KETIDAKSESUAIAN_IDENTITAS_MERCHANT,IDENTITY_MISMATCH
909,"Nominal belanja sudah pas dan saya cek nama merchant di aplikasi pembayaran. Nama penerima benar terdaftar atas nama merchant tersebut, dan pembayaran selesai lancar.",QRIS_NORMAL_MERCHANT_TERPERCAYA,IDENTITY_MATCH
909,"Nominal belanja sudah pas dan saya cek nama merchant di aplikasi pembayaran. Nama penerima justru tertera nama merchant lain yang sama sekali berbeda, dan pembayaran selesai lancar.",KETIDAKSESUAIAN_IDENTITAS_MERCHANT,IDENTITY_MISMATCH
910,"Kasir di Rumah Makan Sederhana Minang mengarahkan untuk scan barcode QRIS. Saya mencocokkan nama usaha pada aplikasi pembayaran dengan nama toko, dan hasilnya memang resmi atas nama gerai tersebut.",QRIS_NORMAL_MERCHANT_TERPERCAYA,IDENTITY_MATCH
910,"Kasir di Rumah Makan Sederhana Minang mengarahkan untuk scan barcode QRIS. Saya mencocokkan nama usaha pada aplikasi pembayaran dengan nama toko, dan hasilnya malah mengarah ke rekening pribadi orang lain yang tidak dikenal.",KETIDAKSESUAIAN_IDENTITAS_MERCHANT,IDENTITY_MISMATCH
911,"Sebelum menekan tombol konfirmasi pembayaran QRIS di barbershop, saya memeriksa nama penerima di layar aplikasi. Hasil pengecekan menunjukkan nama penerima sama persis dengan nama toko tempat saya berbelanja, dan transaksi berhasil diproses.",QRIS_NORMAL_MERCHANT_TERPERCAYA,IDENTITY_MATCH
911,"Sebelum menekan tombol konfirmasi pembayaran QRIS di barbershop, saya memeriksa nama penerima di layar aplikasi. Hasil pengecekan menunjukkan nama penerima berbeda dengan nama toko tempat saya berbelanja, dan transaksi berhasil diproses.",KETIDAKSESUAIAN_IDENTITAS_MERCHANT,IDENTITY_MISMATCH
912,"Demi keamanan sebelum bayar QRIS, saya memastikan identitas penerima terlebih dahulu. Nama yang terdaftar pada sistem identik dengan nama toko dan tidak ada kejanggalan.",QRIS_NORMAL_MERCHANT_TERPERCAYA,IDENTITY_MATCH
912,"Demi keamanan sebelum bayar QRIS, saya memastikan identitas penerima terlebih dahulu. Nama yang terdaftar pada sistem berbeda dari nama toko sehingga menimbulkan kecurigaan.",KETIDAKSESUAIAN_IDENTITAS_MERCHANT,IDENTITY_MISMATCH
913,"Nominal belanja sudah pas dan saya cek nama merchant di aplikasi pembayaran. Nama penerima benar terdaftar atas nama merchant tersebut, dan pembayaran selesai lancar.",QRIS_NORMAL_MERCHANT_TERPERCAYA,IDENTITY_MATCH
913,"Nominal belanja sudah pas dan saya cek nama merchant di aplikasi pembayaran. Nama penerima justru tertera nama merchant lain yang sama sekali berbeda, dan pembayaran selesai lancar.",KETIDAKSESUAIAN_IDENTITAS_MERCHANT,IDENTITY_MISMATCH
914,Saya memeriksa detail informasi QRIS termasuk NMID dan nama merchant sebelum transfer. Informasi yang tampil di layar HP memang resmi atas nama gerai tersebut.,QRIS_NORMAL_MERCHANT_TERPERCAYA,IDENTITY_MATCH
914,Saya memeriksa detail informasi QRIS termasuk NMID dan nama merchant sebelum transfer. Informasi yang tampil di layar HP malah mengarah ke rekening pribadi orang lain yang tidak dikenal.,KETIDAKSESUAIAN_IDENTITAS_MERCHANT,IDENTITY_MISMATCH
915,Nama merchant yang muncul di aplikasi setelah scan QRIS cocok dan identik dengan plang nama toko di depan saya.,QRIS_NORMAL_MERCHANT_TERPERCAYA,IDENTITY_MATCH
915,Nama merchant yang muncul di aplikasi setelah scan QRIS tidak cocok dan berbeda jauh dari plang nama toko di depan saya.,KETIDAKSESUAIAN_IDENTITAS_MERCHANT,IDENTITY_MISMATCH
916,Saya memeriksa detail informasi QRIS termasuk NMID dan nama merchant sebelum transfer. Informasi yang tampil di layar HP benar-benar sesuai dengan nama tempat usaha yang saya datangi.,QRIS_NORMAL_MERCHANT_TERPERCAYA,IDENTITY_MATCH
916,Saya memeriksa detail informasi QRIS termasuk NMID dan nama merchant sebelum transfer. Informasi yang tampil di layar HP sama sekali tidak sesuai dengan nama tempat usaha yang saya datangi.,KETIDAKSESUAIAN_IDENTITAS_MERCHANT,IDENTITY_MISMATCH
917,"Setelah transaksi QRIS berhasil, saya cek notifikasi dan struk digital di perbankan saya. Nama penerima dana sepenuhnya cocok dengan nama outlet tempat saya belanja.",QRIS_NORMAL_MERCHANT_TERPERCAYA,IDENTITY_MATCH
917,"Setelah transaksi QRIS berhasil, saya cek notifikasi dan struk digital di perbankan saya. Nama penerima dana justru tidak cocok dan memunculkan nama pribadi asing.",KETIDAKSESUAIAN_IDENTITAS_MERCHANT,IDENTITY_MISMATCH
918,"Sebelum menekan tombol konfirmasi pembayaran QRIS di toko pakaian, saya memeriksa nama penerima di layar aplikasi. Hasil pengecekan menunjukkan nama penerima memang resmi atas nama gerai tersebut, dan transaksi berhasil diproses.",QRIS_NORMAL_MERCHANT_TERPERCAYA,IDENTITY_MATCH
918,"Sebelum menekan tombol konfirmasi pembayaran QRIS di toko pakaian, saya memeriksa nama penerima di layar aplikasi. Hasil pengecekan menunjukkan nama penerima malah mengarah ke rekening pribadi orang lain yang tidak dikenal, dan transaksi berhasil diproses.",KETIDAKSESUAIAN_IDENTITAS_MERCHANT,IDENTITY_MISMATCH
919,"Tadi saya bayar pakai QRIS di Apotek Sehat Medika. Pembayaran sukses, lalu saat mengecek rincian transaksi di aplikasi, nama merchant yang tercantum benar-benar sesuai dengan nama tempat usaha yang saya datangi.",QRIS_NORMAL_MERCHANT_TERPERCAYA,IDENTITY_MATCH
919,"Tadi saya bayar pakai QRIS di Apotek Sehat Medika. Pembayaran sukses, lalu saat mengecek rincian transaksi di aplikasi, nama merchant yang tercantum sama sekali tidak sesuai dengan nama tempat usaha yang saya datangi.",KETIDAKSESUAIAN_IDENTITAS_MERCHANT,IDENTITY_MISMATCH
920,"Sebelum menekan tombol konfirmasi pembayaran QRIS di stand boba, saya memeriksa nama penerima di layar aplikasi. Hasil pengecekan menunjukkan nama penerima sesuai dengan nama usaha yang tertera di kasir, dan transaksi berhasil diproses.",QRIS_NORMAL_MERCHANT_TERPERCAYA,IDENTITY_MATCH
920,"Sebelum menekan tombol konfirmasi pembayaran QRIS di stand boba, saya memeriksa nama penerima di layar aplikasi. Hasil pengecekan menunjukkan nama penerima tidak sesuai dengan nama usaha yang tertera di kasir, dan transaksi berhasil diproses.",KETIDAKSESUAIAN_IDENTITAS_MERCHANT,IDENTITY_MISMATCH
921,"Sebelum menekan tombol konfirmasi pembayaran QRIS di stand boba, saya memeriksa nama penerima di layar aplikasi. Hasil pengecekan menunjukkan nama penerima memang resmi atas nama gerai tersebut, dan transaksi berhasil diproses.",QRIS_NORMAL_MERCHANT_TERPERCAYA,IDENTITY_MATCH
921,"Sebelum menekan tombol konfirmasi pembayaran QRIS di stand boba, saya memeriksa nama penerima di layar aplikasi. Hasil pengecekan menunjukkan nama penerima malah mengarah ke rekening pribadi orang lain yang tidak dikenal, dan transaksi berhasil diproses.",KETIDAKSESUAIAN_IDENTITAS_MERCHANT,IDENTITY_MISMATCH
922,"Sebelum menekan tombol konfirmasi pembayaran QRIS di kedai bakso, saya memeriksa nama penerima di layar aplikasi. Hasil pengecekan menunjukkan nama penerima benar terdaftar atas nama merchant tersebut, dan transaksi berhasil diproses.",QRIS_NORMAL_MERCHANT_TERPERCAYA,IDENTITY_MATCH
922,"Sebelum menekan tombol konfirmasi pembayaran QRIS di kedai bakso, saya memeriksa nama penerima di layar aplikasi. Hasil pengecekan menunjukkan nama penerima justru tertera nama merchant lain yang sama sekali berbeda, dan transaksi berhasil diproses.",KETIDAKSESUAIAN_IDENTITAS_MERCHANT,IDENTITY_MISMATCH
923,Saya memeriksa detail informasi QRIS termasuk NMID dan nama merchant sebelum transfer. Informasi yang tampil di layar HP identik dengan nama toko dan tidak ada kejanggalan.,QRIS_NORMAL_MERCHANT_TERPERCAYA,IDENTITY_MATCH
923,Saya memeriksa detail informasi QRIS termasuk NMID dan nama merchant sebelum transfer. Informasi yang tampil di layar HP berbeda dari nama toko sehingga menimbulkan kecurigaan.,KETIDAKSESUAIAN_IDENTITAS_MERCHANT,IDENTITY_MISMATCH
924,"Sebelum menekan tombol konfirmasi pembayaran QRIS di apotek, saya memeriksa nama penerima di layar aplikasi. Hasil pengecekan menunjukkan nama penerima cocok dan identik dengan plang nama toko di depan saya, dan transaksi berhasil diproses.",QRIS_NORMAL_MERCHANT_TERPERCAYA,IDENTITY_MATCH
924,"Sebelum menekan tombol konfirmasi pembayaran QRIS di apotek, saya memeriksa nama penerima di layar aplikasi. Hasil pengecekan menunjukkan nama penerima tidak cocok dan berbeda jauh dari plang nama toko di depan saya, dan transaksi berhasil diproses.",KETIDAKSESUAIAN_IDENTITAS_MERCHANT,IDENTITY_MISMATCH
925,"Saat melakukan transaksi QRIS di meja kasir restoran padang, saya teliti melihat nama penerima transfer pada e-wallet. Ternyata nama merchant tersebut memang resmi atas nama gerai tersebut.",QRIS_NORMAL_MERCHANT_TERPERCAYA,IDENTITY_MATCH
925,"Saat melakukan transaksi QRIS di meja kasir restoran padang, saya teliti melihat nama penerima transfer pada e-wallet. Ternyata nama merchant tersebut malah mengarah ke rekening pribadi orang lain yang tidak dikenal.",KETIDAKSESUAIAN_IDENTITAS_MERCHANT,IDENTITY_MISMATCH
926,B,QRIS_NORMAL_MERCHANT_TERPERCAYA,IDENTITY_MATCH
926,B,KETIDAKSESUAIAN_IDENTITAS_MERCHANT,IDENTITY_MISMATCH
927,B,QRIS_NORMAL_MERCHANT_TERPERCAYA,IDENTITY_MATCH
927,B,KETIDAKSESUAIAN_IDENTITAS_MERCHANT,IDENTITY_MISMATCH
928,"Saat melakukan transaksi QRIS di meja kasir apotek, saya teliti melihat nama penerima transfer pada e-wallet. Ternyata nama merchant tersebut cocok dan identik dengan plang nama toko di depan saya.",QRIS_NORMAL_MERCHANT_TERPERCAYA,IDENTITY_MATCH
928,"Saat melakukan transaksi QRIS di meja kasir apotek, saya teliti melihat nama penerima transfer pada e-wallet. Ternyata nama merchant tersebut tidak cocok dan berbeda jauh dari plang nama toko di depan saya.",KETIDAKSESUAIAN_IDENTITAS_MERCHANT,IDENTITY_MISMATCH
929,"Nominal belanja sudah pas dan saya cek nama merchant di aplikasi pembayaran. Nama penerima memang resmi atas nama gerai tersebut, dan pembayaran selesai lancar.",QRIS_NORMAL_MERCHANT_TERPERCAYA,IDENTITY_MATCH
929,"Nominal belanja sudah pas dan saya cek nama merchant di aplikasi pembayaran. Nama penerima malah mengarah ke rekening pribadi orang lain yang tidak dikenal, dan pembayaran selesai lancar.",KETIDAKSESUAIAN_IDENTITAS_MERCHANT,IDENTITY_MISMATCH
930,"Saat melakukan transaksi QRIS di meja kasir laundry, saya teliti melihat nama penerima transfer pada e-wallet. Ternyata nama merchant tersebut valid dan konsisten dengan identitas resmi merchant.",QRIS_NORMAL_MERCHANT_TERPERCAYA,IDENTITY_MATCH
930,"Saat melakukan transaksi QRIS di meja kasir laundry, saya teliti melihat nama penerima transfer pada e-wallet. Ternyata nama merchant tersebut tidak konsisten dan mengindikasikan rekening pihak ketiga yang mencurigakan.",KETIDAKSESUAIAN_IDENTITAS_MERCHANT,IDENTITY_MISMATCH
931,"Nominal belanja sudah pas dan saya cek nama merchant di aplikasi pembayaran. Nama penerima sepenuhnya cocok dengan nama outlet tempat saya belanja, dan pembayaran selesai lancar.",QRIS_NORMAL_MERCHANT_TERPERCAYA,IDENTITY_MATCH
931,"Nominal belanja sudah pas dan saya cek nama merchant di aplikasi pembayaran. Nama penerima justru tidak cocok dan memunculkan nama pribadi asing, dan pembayaran selesai lancar.",KETIDAKSESUAIAN_IDENTITAS_MERCHANT,IDENTITY_MISMATCH
932,"Kasir di Toko Buku Gemilang mengarahkan untuk scan barcode QRIS. Saya mencocokkan nama usaha pada aplikasi pembayaran dengan nama toko, dan hasilnya benar terdaftar atas nama merchant tersebut.",QRIS_NORMAL_MERCHANT_TERPERCAYA,IDENTITY_MATCH
932,"Kasir di Toko Buku Gemilang mengarahkan untuk scan barcode QRIS. Saya mencocokkan nama usaha pada aplikasi pembayaran dengan nama toko, dan hasilnya justru tertera nama merchant lain yang sama sekali berbeda.",KETIDAKSESUAIAN_IDENTITAS_MERCHANT,IDENTITY_MISMATCH
933,"Demi keamanan sebelum bayar QRIS, saya memastikan identitas penerima terlebih dahulu. Nama yang terdaftar pada sistem sama persis dengan nama toko tempat saya berbelanja.",QRIS_NORMAL_MERCHANT_TERPERCAYA,IDENTITY_MATCH
933,"Demi keamanan sebelum bayar QRIS, saya memastikan identitas penerima terlebih dahulu. Nama yang terdaftar pada sistem berbeda dengan nama toko tempat saya berbelanja.",KETIDAKSESUAIAN_IDENTITAS_MERCHANT,IDENTITY_MISMATCH
934,"Setelah transaksi QRIS berhasil, saya cek notifikasi dan struk digital di perbankan saya. Nama penerima dana identik dengan nama toko dan tidak ada kejanggalan.",QRIS_NORMAL_MERCHANT_TERPERCAYA,IDENTITY_MATCH
934,"Setelah transaksi QRIS berhasil, saya cek notifikasi dan struk digital di perbankan saya. Nama penerima dana berbeda dari nama toko sehingga menimbulkan kecurigaan.",KETIDAKSESUAIAN_IDENTITAS_MERCHANT,IDENTITY_MISMATCH
935,"Setelah transaksi QRIS berhasil, saya cek notifikasi dan struk digital di perbankan saya. Nama penerima dana benar terdaftar atas nama merchant tersebut.",QRIS_NORMAL_MERCHANT_TERPERCAYA,IDENTITY_MATCH
935,"Setelah transaksi QRIS berhasil, saya cek notifikasi dan struk digital di perbankan saya. Nama penerima dana justru tertera nama merchant lain yang sama sekali berbeda.",KETIDAKSESUAIAN_IDENTITAS_MERCHANT,IDENTITY_MISMATCH
936,"Saat melakukan transaksi QRIS di meja kasir toko kelontong, saya teliti melihat nama penerima transfer pada e-wallet. Ternyata nama merchant tersebut benar terdaftar atas nama merchant tersebut.",QRIS_NORMAL_MERCHANT_TERPERCAYA,IDENTITY_MATCH
936,"Saat melakukan transaksi QRIS di meja kasir toko kelontong, saya teliti melihat nama penerima transfer pada e-wallet. Ternyata nama merchant tersebut justru tertera nama merchant lain yang sama sekali berbeda.",KETIDAKSESUAIAN_IDENTITAS_MERCHANT,IDENTITY_MISMATCH
937,"Nominal belanja sudah pas dan saya cek nama merchant di aplikasi pembayaran. Nama penerima sesuai dengan nama usaha yang tertera di kasir, dan pembayaran selesai lancar.",QRIS_NORMAL_MERCHANT_TERPERCAYA,IDENTITY_MATCH
937,"Nominal belanja sudah pas dan saya cek nama merchant di aplikasi pembayaran. Nama penerima tidak sesuai dengan nama usaha yang tertera di kasir, dan pembayaran selesai lancar.",KETIDAKSESUAIAN_IDENTITAS_MERCHANT,IDENTITY_MISMATCH
938,Saya memeriksa detail informasi QRIS termasuk NMID dan nama merchant sebelum transfer. Informasi yang tampil di layar HP valid dan konsisten dengan identitas resmi merchant.,QRIS_NORMAL_MERCHANT_TERPERCAYA,IDENTITY_MATCH
938,Saya memeriksa detail informasi QRIS termasuk NMID dan nama merchant sebelum transfer. Informasi yang tampil di layar HP tidak konsisten dan mengindikasikan rekening pihak ketiga yang mencurigakan.,KETIDAKSESUAIAN_IDENTITAS_MERCHANT,IDENTITY_MISMATCH
939,"Kasir di Ganteng Barbershop mengarahkan untuk scan barcode QRIS. Saya mencocokkan nama usaha pada aplikasi pembayaran dengan nama toko, dan hasilnya sesuai dengan nama usaha yang tertera di kasir.",QRIS_NORMAL_MERCHANT_TERPERCAYA,IDENTITY_MATCH
939,"Kasir di Ganteng Barbershop mengarahkan untuk scan barcode QRIS. Saya mencocokkan nama usaha pada aplikasi pembayaran dengan nama toko, dan hasilnya tidak sesuai dengan nama usaha yang tertera di kasir.",KETIDAKSESUAIAN_IDENTITAS_MERCHANT,IDENTITY_MISMATCH
940,"Sebelum menekan tombol konfirmasi pembayaran QRIS di toko alat tulis, saya memeriksa nama penerima di layar aplikasi. Hasil pengecekan menunjukkan nama penerima identik dengan nama toko dan tidak ada kejanggalan, dan transaksi berhasil diproses.",QRIS_NORMAL_MERCHANT_TERPERCAYA,IDENTITY_MATCH
940,"Sebelum menekan tombol konfirmasi pembayaran QRIS di toko alat tulis, saya memeriksa nama penerima di layar aplikasi. Hasil pengecekan menunjukkan nama penerima berbeda dari nama toko sehingga menimbulkan kecurigaan, dan transaksi berhasil diproses.",KETIDAKSESUAIAN_IDENTITAS_MERCHANT,IDENTITY_MISMATCH
941,"Setelah transaksi QRIS berhasil, saya cek notifikasi dan struk digital di perbankan saya. Nama penerima dana identik dengan nama toko dan tidak ada kejanggalan.",QRIS_NORMAL_MERCHANT_TERPERCAYA,IDENTITY_MATCH
941,"Setelah transaksi QRIS berhasil, saya cek notifikasi dan struk digital di perbankan saya. Nama penerima dana berbeda dari nama toko sehingga menimbulkan kecurigaan.",KETIDAKSESUAIAN_IDENTITAS_MERCHANT,IDENTITY_MISMATCH
942,"Kasir di Rumah Makan Sederhana Minang mengarahkan untuk scan barcode QRIS. Saya mencocokkan nama usaha pada aplikasi pembayaran dengan nama toko, dan hasilnya benar terdaftar atas nama merchant tersebut.",QRIS_NORMAL_MERCHANT_TERPERCAYA,IDENTITY_MATCH
942,"Kasir di Rumah Makan Sederhana Minang mengarahkan untuk scan barcode QRIS. Saya mencocokkan nama usaha pada aplikasi pembayaran dengan nama toko, dan hasilnya justru tertera nama merchant lain yang sama sekali berbeda.",KETIDAKSESUAIAN_IDENTITAS_MERCHANT,IDENTITY_MISMATCH
943,"Saat melakukan transaksi QRIS di meja kasir apotek, saya teliti melihat nama penerima transfer pada e-wallet. Ternyata nama merchant tersebut memang resmi atas nama gerai tersebut.",QRIS_NORMAL_MERCHANT_TERPERCAYA,IDENTITY_MATCH
943,"Saat melakukan transaksi QRIS di meja kasir apotek, saya teliti melihat nama penerima transfer pada e-wallet. Ternyata nama merchant tersebut malah mengarah ke rekening pribadi orang lain yang tidak dikenal.",KETIDAKSESUAIAN_IDENTITAS_MERCHANT,IDENTITY_MISMATCH
944,"Tadi saya bayar pakai QRIS di Bengkel Maju Lancar. Pembayaran sukses, lalu saat mengecek rincian transaksi di aplikasi, nama merchant yang tercantum sesuai dengan nama usaha yang tertera di kasir.",QRIS_NORMAL_MERCHANT_TERPERCAYA,IDENTITY_MATCH
944,"Tadi saya bayar pakai QRIS di Bengkel Maju Lancar. Pembayaran sukses, lalu saat mengecek rincian transaksi di aplikasi, nama merchant yang tercantum tidak sesuai dengan nama usaha yang tertera di kasir.",KETIDAKSESUAIAN_IDENTITAS_MERCHANT,IDENTITY_MISMATCH
945,Nama merchant yang muncul di aplikasi setelah scan QRIS benar-benar sesuai dengan nama tempat usaha yang saya datangi.,QRIS_NORMAL_MERCHANT_TERPERCAYA,IDENTITY_MATCH
945,Nama merchant yang muncul di aplikasi setelah scan QRIS sama sekali tidak sesuai dengan nama tempat usaha yang saya datangi.,KETIDAKSESUAIAN_IDENTITAS_MERCHANT,IDENTITY_MISMATCH
946,Saya memeriksa detail informasi QRIS termasuk NMID dan nama merchant sebelum transfer. Informasi yang tampil di layar HP sama persis dengan nama toko tempat saya berbelanja.,QRIS_NORMAL_MERCHANT_TERPERCAYA,IDENTITY_MATCH
946,Saya memeriksa detail informasi QRIS termasuk NMID dan nama merchant sebelum transfer. Informasi yang tampil di layar HP berbeda dengan nama toko tempat saya berbelanja.,KETIDAKSESUAIAN_IDENTITAS_MERCHANT,IDENTITY_MISMATCH
947,"Setelah transaksi QRIS berhasil, saya cek notifikasi dan struk digital di perbankan saya. Nama penerima dana sepenuhnya cocok dengan nama outlet tempat saya belanja.",QRIS_NORMAL_MERCHANT_TERPERCAYA,IDENTITY_MATCH
947,"Setelah transaksi QRIS berhasil, saya cek notifikasi dan struk digital di perbankan saya. Nama penerima dana justru tidak cocok dan memunculkan nama pribadi asing.",KETIDAKSESUAIAN_IDENTITAS_MERCHANT,IDENTITY_MISMATCH
948,"Sebelum menekan tombol konfirmasi pembayaran QRIS di stand boba, saya memeriksa nama penerima di layar aplikasi. Hasil pengecekan menunjukkan nama penerima benar-benar sesuai dengan nama tempat usaha yang saya datangi, dan transaksi berhasil diproses.",QRIS_NORMAL_MERCHANT_TERPERCAYA,IDENTITY_MATCH
948,"Sebelum menekan tombol konfirmasi pembayaran QRIS di stand boba, saya memeriksa nama penerima di layar aplikasi. Hasil pengecekan menunjukkan nama penerima sama sekali tidak sesuai dengan nama tempat usaha yang saya datangi, dan transaksi berhasil diproses.",KETIDAKSESUAIAN_IDENTITAS_MERCHANT,IDENTITY_MISMATCH
949,B,QRIS_NORMAL_MERCHANT_TERPERCAYA,IDENTITY_MATCH
949,B,KETIDAKSESUAIAN_IDENTITAS_MERCHANT,IDENTITY_MISMATCH
950,"Demi keamanan sebelum bayar QRIS, saya memastikan identitas penerima terlebih dahulu. Nama yang terdaftar pada sistem memang resmi atas nama gerai tersebut.",QRIS_NORMAL_MERCHANT_TERPERCAYA,IDENTITY_MATCH
950,"Demi keamanan sebelum bayar QRIS, saya memastikan identitas penerima terlebih dahulu. Nama yang terdaftar pada sistem malah mengarah ke rekening pribadi orang lain yang tidak dikenal.",KETIDAKSESUAIAN_IDENTITAS_MERCHANT,IDENTITY_MISMATCH
951,Nama merchant yang muncul di aplikasi setelah scan QRIS valid dan konsisten dengan identitas resmi merchant.,QRIS_NORMAL_MERCHANT_TERPERCAYA,IDENTITY_MATCH
951,Nama merchant yang muncul di aplikasi setelah scan QRIS tidak konsisten dan mengindikasikan rekening pihak ketiga yang mencurigakan.,KETIDAKSESUAIAN_IDENTITAS_MERCHANT,IDENTITY_MISMATCH
952,"Sebelum menekan tombol konfirmasi pembayaran QRIS di toko alat tulis, saya memeriksa nama penerima di layar aplikasi. Hasil pengecekan menunjukkan nama penerima memang resmi atas nama gerai tersebut, dan transaksi berhasil diproses.",QRIS_NORMAL_MERCHANT_TERPERCAYA,IDENTITY_MATCH
952,"Sebelum menekan tombol konfirmasi pembayaran QRIS di toko alat tulis, saya memeriksa nama penerima di layar aplikasi. Hasil pengecekan menunjukkan nama penerima malah mengarah ke rekening pribadi orang lain yang tidak dikenal, dan transaksi berhasil diproses.",KETIDAKSESUAIAN_IDENTITAS_MERCHANT,IDENTITY_MISMATCH
953,Saya memeriksa detail informasi QRIS termasuk NMID dan nama merchant sebelum transfer. Informasi yang tampil di layar HP benar-benar sesuai dengan nama tempat usaha yang saya datangi.,QRIS_NORMAL_MERCHANT_TERPERCAYA,IDENTITY_MATCH
953,Saya memeriksa detail informasi QRIS termasuk NMID dan nama merchant sebelum transfer. Informasi yang tampil di layar HP sama sekali tidak sesuai dengan nama tempat usaha yang saya datangi.,KETIDAKSESUAIAN_IDENTITAS_MERCHANT,IDENTITY_MISMATCH
954,"Demi keamanan sebelum bayar QRIS, saya memastikan identitas penerima terlebih dahulu. Nama yang terdaftar pada sistem memang resmi atas nama gerai tersebut.",QRIS_NORMAL_MERCHANT_TERPERCAYA,IDENTITY_MATCH
954,"Demi keamanan sebelum bayar QRIS, saya memastikan identitas penerima terlebih dahulu. Nama yang terdaftar pada sistem malah mengarah ke rekening pribadi orang lain yang tidak dikenal.",KETIDAKSESUAIAN_IDENTITAS_MERCHANT,IDENTITY_MISMATCH
955,B,QRIS_NORMAL_MERCHANT_TERPERCAYA,IDENTITY_MATCH
955,B,KETIDAKSESUAIAN_IDENTITAS_MERCHANT,IDENTITY_MISMATCH
956,Saya memeriksa detail informasi QRIS termasuk NMID dan nama merchant sebelum transfer. Informasi yang tampil di layar HP identik dengan nama toko dan tidak ada kejanggalan.,QRIS_NORMAL_MERCHANT_TERPERCAYA,IDENTITY_MATCH
956,Saya memeriksa detail informasi QRIS termasuk NMID dan nama merchant sebelum transfer. Informasi yang tampil di layar HP berbeda dari nama toko sehingga menimbulkan kecurigaan.,KETIDAKSESUAIAN_IDENTITAS_MERCHANT,IDENTITY_MISMATCH
957,"Saat melakukan transaksi QRIS di meja kasir bengkel motor, saya teliti melihat nama penerima transfer pada e-wallet. Ternyata nama merchant tersebut benar terdaftar atas nama merchant tersebut.",QRIS_NORMAL_MERCHANT_TERPERCAYA,IDENTITY_MATCH
957,"Saat melakukan transaksi QRIS di meja kasir bengkel motor, saya teliti melihat nama penerima transfer pada e-wallet. Ternyata nama merchant tersebut justru tertera nama merchant lain yang sama sekali berbeda.",KETIDAKSESUAIAN_IDENTITAS_MERCHANT,IDENTITY_MISMATCH
958,"Nominal belanja sudah pas dan saya cek nama merchant di aplikasi pembayaran. Nama penerima tepat milik toko ini tanpa ada perbedaan sedikit pun, dan pembayaran selesai lancar.",QRIS_NORMAL_MERCHANT_TERPERCAYA,IDENTITY_MATCH
958,"Nominal belanja sudah pas dan saya cek nama merchant di aplikasi pembayaran. Nama penerima bukan milik toko ini melainkan atas nama perseorangan, dan pembayaran selesai lancar.",KETIDAKSESUAIAN_IDENTITAS_MERCHANT,IDENTITY_MISMATCH
959,"Saat melakukan transaksi QRIS di meja kasir minimarket, saya teliti melihat nama penerima transfer pada e-wallet. Ternyata nama merchant tersebut tepat milik toko ini tanpa ada perbedaan sedikit pun.",QRIS_NORMAL_MERCHANT_TERPERCAYA,IDENTITY_MATCH
959,"Saat melakukan transaksi QRIS di meja kasir minimarket, saya teliti melihat nama penerima transfer pada e-wallet. Ternyata nama merchant tersebut bukan milik toko ini melainkan atas nama perseorangan.",KETIDAKSESUAIAN_IDENTITAS_MERCHANT,IDENTITY_MISMATCH
960,"Demi keamanan sebelum bayar QRIS, saya memastikan identitas penerima terlebih dahulu. Nama yang terdaftar pada sistem sesuai dengan nama usaha yang tertera di kasir.",QRIS_NORMAL_MERCHANT_TERPERCAYA,IDENTITY_MATCH
960,"Demi keamanan sebelum bayar QRIS, saya memastikan identitas penerima terlebih dahulu. Nama yang terdaftar pada sistem tidak sesuai dengan nama usaha yang tertera di kasir.",KETIDAKSESUAIAN_IDENTITAS_MERCHANT,IDENTITY_MISMATCH
961,"Demi keamanan sebelum bayar QRIS, saya memastikan identitas penerima terlebih dahulu. Nama yang terdaftar pada sistem tepat milik toko ini tanpa ada perbedaan sedikit pun.",QRIS_NORMAL_MERCHANT_TERPERCAYA,IDENTITY_MATCH
961,"Demi keamanan sebelum bayar QRIS, saya memastikan identitas penerima terlebih dahulu. Nama yang terdaftar pada sistem bukan milik toko ini melainkan atas nama perseorangan.",KETIDAKSESUAIAN_IDENTITAS_MERCHANT,IDENTITY_MISMATCH
962,Saya memeriksa detail informasi QRIS termasuk NMID dan nama merchant sebelum transfer. Informasi yang tampil di layar HP tepat milik toko ini tanpa ada perbedaan sedikit pun.,QRIS_NORMAL_MERCHANT_TERPERCAYA,IDENTITY_MATCH
962,Saya memeriksa detail informasi QRIS termasuk NMID dan nama merchant sebelum transfer. Informasi yang tampil di layar HP bukan milik toko ini melainkan atas nama perseorangan.,KETIDAKSESUAIAN_IDENTITAS_MERCHANT,IDENTITY_MISMATCH
963,"Setelah transaksi QRIS berhasil, saya cek notifikasi dan struk digital di perbankan saya. Nama penerima dana sama persis dengan nama toko tempat saya berbelanja.",QRIS_NORMAL_MERCHANT_TERPERCAYA,IDENTITY_MATCH
963,"Setelah transaksi QRIS berhasil, saya cek notifikasi dan struk digital di perbankan saya. Nama penerima dana berbeda dengan nama toko tempat saya berbelanja.",KETIDAKSESUAIAN_IDENTITAS_MERCHANT,IDENTITY_MISMATCH
964,Saya memeriksa detail informasi QRIS termasuk NMID dan nama merchant sebelum transfer. Informasi yang tampil di layar HP cocok dan identik dengan plang nama toko di depan saya.,QRIS_NORMAL_MERCHANT_TERPERCAYA,IDENTITY_MATCH
964,Saya memeriksa detail informasi QRIS termasuk NMID dan nama merchant sebelum transfer. Informasi yang tampil di layar HP tidak cocok dan berbeda jauh dari plang nama toko di depan saya.,KETIDAKSESUAIAN_IDENTITAS_MERCHANT,IDENTITY_MISMATCH
965,"Saat melakukan transaksi QRIS di meja kasir warung makan, saya teliti melihat nama penerima transfer pada e-wallet. Ternyata nama merchant tersebut identik dengan nama toko dan tidak ada kejanggalan.",QRIS_NORMAL_MERCHANT_TERPERCAYA,IDENTITY_MATCH
965,"Saat melakukan transaksi QRIS di meja kasir warung makan, saya teliti melihat nama penerima transfer pada e-wallet. Ternyata nama merchant tersebut berbeda dari nama toko sehingga menimbulkan kecurigaan.",KETIDAKSESUAIAN_IDENTITAS_MERCHANT,IDENTITY_MISMATCH
966,B,QRIS_NORMAL_MERCHANT_TERPERCAYA,IDENTITY_MATCH
966,B,KETIDAKSESUAIAN_IDENTITAS_MERCHANT,IDENTITY_MISMATCH
967,"Setelah transaksi QRIS berhasil, saya cek notifikasi dan struk digital di perbankan saya. Nama penerima dana valid dan konsisten dengan identitas resmi merchant.",QRIS_NORMAL_MERCHANT_TERPERCAYA,IDENTITY_MATCH
967,"Setelah transaksi QRIS berhasil, saya cek notifikasi dan struk digital di perbankan saya. Nama penerima dana tidak konsisten dan mengindikasikan rekening pihak ketiga yang mencurigakan.",KETIDAKSESUAIAN_IDENTITAS_MERCHANT,IDENTITY_MISMATCH
968,Saya memeriksa detail informasi QRIS termasuk NMID dan nama merchant sebelum transfer. Informasi yang tampil di layar HP tepat milik toko ini tanpa ada perbedaan sedikit pun.,QRIS_NORMAL_MERCHANT_TERPERCAYA,IDENTITY_MATCH
968,Saya memeriksa detail informasi QRIS termasuk NMID dan nama merchant sebelum transfer. Informasi yang tampil di layar HP bukan milik toko ini melainkan atas nama perseorangan.,KETIDAKSESUAIAN_IDENTITAS_MERCHANT,IDENTITY_MISMATCH
969,"Setelah transaksi QRIS berhasil, saya cek notifikasi dan struk digital di perbankan saya. Nama penerima dana sepenuhnya cocok dengan nama outlet tempat saya belanja.",QRIS_NORMAL_MERCHANT_TERPERCAYA,IDENTITY_MATCH
969,"Setelah transaksi QRIS berhasil, saya cek notifikasi dan struk digital di perbankan saya. Nama penerima dana justru tidak cocok dan memunculkan nama pribadi asing.",KETIDAKSESUAIAN_IDENTITAS_MERCHANT,IDENTITY_MISMATCH
970,Saya memeriksa detail informasi QRIS termasuk NMID dan nama merchant sebelum transfer. Informasi yang tampil di layar HP sesuai dengan nama usaha yang tertera di kasir.,QRIS_NORMAL_MERCHANT_TERPERCAYA,IDENTITY_MATCH
970,Saya memeriksa detail informasi QRIS termasuk NMID dan nama merchant sebelum transfer. Informasi yang tampil di layar HP tidak sesuai dengan nama usaha yang tertera di kasir.,KETIDAKSESUAIAN_IDENTITAS_MERCHANT,IDENTITY_MISMATCH
971,Nama merchant yang muncul di aplikasi setelah scan QRIS valid dan konsisten dengan identitas resmi merchant.,QRIS_NORMAL_MERCHANT_TERPERCAYA,IDENTITY_MATCH
971,Nama merchant yang muncul di aplikasi setelah scan QRIS tidak konsisten dan mengindikasikan rekening pihak ketiga yang mencurigakan.,KETIDAKSESUAIAN_IDENTITAS_MERCHANT,IDENTITY_MISMATCH
972,"Demi keamanan sebelum bayar QRIS, saya memastikan identitas penerima terlebih dahulu. Nama yang terdaftar pada sistem sesuai dengan nama usaha yang tertera di kasir.",QRIS_NORMAL_MERCHANT_TERPERCAYA,IDENTITY_MATCH
972,"Demi keamanan sebelum bayar QRIS, saya memastikan identitas penerima terlebih dahulu. Nama yang terdaftar pada sistem tidak sesuai dengan nama usaha yang tertera di kasir.",KETIDAKSESUAIAN_IDENTITAS_MERCHANT,IDENTITY_MISMATCH
973,"Kasir di Counter Cahaya Cell mengarahkan untuk scan barcode QRIS. Saya mencocokkan nama usaha pada aplikasi pembayaran dengan nama toko, dan hasilnya tepat milik toko ini tanpa ada perbedaan sedikit pun.",QRIS_NORMAL_MERCHANT_TERPERCAYA,IDENTITY_MATCH
973,"Kasir di Counter Cahaya Cell mengarahkan untuk scan barcode QRIS. Saya mencocokkan nama usaha pada aplikasi pembayaran dengan nama toko, dan hasilnya bukan milik toko ini melainkan atas nama perseorangan.",KETIDAKSESUAIAN_IDENTITAS_MERCHANT,IDENTITY_MISMATCH
974,"Kasir di Toko Berkah Jaya mengarahkan untuk scan barcode QRIS. Saya mencocokkan nama usaha pada aplikasi pembayaran dengan nama toko, dan hasilnya identik dengan nama toko dan tidak ada kejanggalan.",QRIS_NORMAL_MERCHANT_TERPERCAYA,IDENTITY_MATCH
974,"Kasir di Toko Berkah Jaya mengarahkan untuk scan barcode QRIS. Saya mencocokkan nama usaha pada aplikasi pembayaran dengan nama toko, dan hasilnya berbeda dari nama toko sehingga menimbulkan kecurigaan.",KETIDAKSESUAIAN_IDENTITAS_MERCHANT,IDENTITY_MISMATCH
975,"Kasir di Counter Cahaya Cell mengarahkan untuk scan barcode QRIS. Saya mencocokkan nama usaha pada aplikasi pembayaran dengan nama toko, dan hasilnya identik dengan nama toko dan tidak ada kejanggalan.",QRIS_NORMAL_MERCHANT_TERPERCAYA,IDENTITY_MATCH
975,"Kasir di Counter Cahaya Cell mengarahkan untuk scan barcode QRIS. Saya mencocokkan nama usaha pada aplikasi pembayaran dengan nama toko, dan hasilnya berbeda dari nama toko sehingga menimbulkan kecurigaan.",KETIDAKSESUAIAN_IDENTITAS_MERCHANT,IDENTITY_MISMATCH
976,"Sebelum menekan tombol konfirmasi pembayaran QRIS di toko buah, saya memeriksa nama penerima di layar aplikasi. Hasil pengecekan menunjukkan nama penerima identik dengan nama toko dan tidak ada kejanggalan, dan transaksi berhasil diproses.",QRIS_NORMAL_MERCHANT_TERPERCAYA,IDENTITY_MATCH
976,"Sebelum menekan tombol konfirmasi pembayaran QRIS di toko buah, saya memeriksa nama penerima di layar aplikasi. Hasil pengecekan menunjukkan nama penerima berbeda dari nama toko sehingga menimbulkan kecurigaan, dan transaksi berhasil diproses.",KETIDAKSESUAIAN_IDENTITAS_MERCHANT,IDENTITY_MISMATCH
977,"Tadi saya bayar pakai QRIS di Warung Bu Siti. Pembayaran sukses, lalu saat mengecek rincian transaksi di aplikasi, nama merchant yang tercantum sama persis dengan nama toko tempat saya berbelanja.",QRIS_NORMAL_MERCHANT_TERPERCAYA,IDENTITY_MATCH
977,"Tadi saya bayar pakai QRIS di Warung Bu Siti. Pembayaran sukses, lalu saat mengecek rincian transaksi di aplikasi, nama merchant yang tercantum berbeda dengan nama toko tempat saya berbelanja.",KETIDAKSESUAIAN_IDENTITAS_MERCHANT,IDENTITY_MISMATCH
978,"Sebelum menekan tombol konfirmasi pembayaran QRIS di toko pakaian, saya memeriksa nama penerima di layar aplikasi. Hasil pengecekan menunjukkan nama penerima benar terdaftar atas nama merchant tersebut, dan transaksi berhasil diproses.",QRIS_NORMAL_MERCHANT_TERPERCAYA,IDENTITY_MATCH
978,"Sebelum menekan tombol konfirmasi pembayaran QRIS di toko pakaian, saya memeriksa nama penerima di layar aplikasi. Hasil pengecekan menunjukkan nama penerima justru tertera nama merchant lain yang sama sekali berbeda, dan transaksi berhasil diproses.",KETIDAKSESUAIAN_IDENTITAS_MERCHANT,IDENTITY_MISMATCH
979,Saya memeriksa detail informasi QRIS termasuk NMID dan nama merchant sebelum transfer. Informasi yang tampil di layar HP benar-benar sesuai dengan nama tempat usaha yang saya datangi.,QRIS_NORMAL_MERCHANT_TERPERCAYA,IDENTITY_MATCH
979,Saya memeriksa detail informasi QRIS termasuk NMID dan nama merchant sebelum transfer. Informasi yang tampil di layar HP sama sekali tidak sesuai dengan nama tempat usaha yang saya datangi.,KETIDAKSESUAIAN_IDENTITAS_MERCHANT,IDENTITY_MISMATCH
980,"Kasir di Bakso Super Urat Mas Bejo mengarahkan untuk scan barcode QRIS. Saya mencocokkan nama usaha pada aplikasi pembayaran dengan nama toko, dan hasilnya sama persis dengan nama toko tempat saya berbelanja.",QRIS_NORMAL_MERCHANT_TERPERCAYA,IDENTITY_MATCH
980,"Kasir di Bakso Super Urat Mas Bejo mengarahkan untuk scan barcode QRIS. Saya mencocokkan nama usaha pada aplikasi pembayaran dengan nama toko, dan hasilnya berbeda dengan nama toko tempat saya berbelanja.",KETIDAKSESUAIAN_IDENTITAS_MERCHANT,IDENTITY_MISMATCH
981,"Nominal belanja sudah pas dan saya cek nama merchant di aplikasi pembayaran. Nama penerima sesuai dengan nama usaha yang tertera di kasir, dan pembayaran selesai lancar.",QRIS_NORMAL_MERCHANT_TERPERCAYA,IDENTITY_MATCH
981,"Nominal belanja sudah pas dan saya cek nama merchant di aplikasi pembayaran. Nama penerima tidak sesuai dengan nama usaha yang tertera di kasir, dan pembayaran selesai lancar.",KETIDAKSESUAIAN_IDENTITAS_MERCHANT,IDENTITY_MISMATCH
982,"Sebelum menekan tombol konfirmasi pembayaran QRIS di bengkel motor, saya memeriksa nama penerima di layar aplikasi. Hasil pengecekan menunjukkan nama penerima sepenuhnya cocok dengan nama outlet tempat saya belanja, dan transaksi berhasil diproses.",QRIS_NORMAL_MERCHANT_TERPERCAYA,IDENTITY_MATCH
982,"Sebelum menekan tombol konfirmasi pembayaran QRIS di bengkel motor, saya memeriksa nama penerima di layar aplikasi. Hasil pengecekan menunjukkan nama penerima justru tidak cocok dan memunculkan nama pribadi asing, dan transaksi berhasil diproses.",KETIDAKSESUAIAN_IDENTITAS_MERCHANT,IDENTITY_MISMATCH
983,B,QRIS_NORMAL_MERCHANT_TERPERCAYA,IDENTITY_MATCH
983,B,KETIDAKSESUAIAN_IDENTITAS_MERCHANT,IDENTITY_MISMATCH
984,"Demi keamanan sebelum bayar QRIS, saya memastikan identitas penerima terlebih dahulu. Nama yang terdaftar pada sistem sama persis dengan nama toko tempat saya berbelanja.",QRIS_NORMAL_MERCHANT_TERPERCAYA,IDENTITY_MATCH
984,"Demi keamanan sebelum bayar QRIS, saya memastikan identitas penerima terlebih dahulu. Nama yang terdaftar pada sistem berbeda dengan nama toko tempat saya berbelanja.",KETIDAKSESUAIAN_IDENTITAS_MERCHANT,IDENTITY_MISMATCH
985,"Nominal belanja sudah pas dan saya cek nama merchant di aplikasi pembayaran. Nama penerima identik dengan nama toko dan tidak ada kejanggalan, dan pembayaran selesai lancar.",QRIS_NORMAL_MERCHANT_TERPERCAYA,IDENTITY_MATCH
985,"Nominal belanja sudah pas dan saya cek nama merchant di aplikasi pembayaran. Nama penerima berbeda dari nama toko sehingga menimbulkan kecurigaan, dan pembayaran selesai lancar.",KETIDAKSESUAIAN_IDENTITAS_MERCHANT,IDENTITY_MISMATCH
986,"Sebelum menekan tombol konfirmasi pembayaran QRIS di laundry, saya memeriksa nama penerima di layar aplikasi. Hasil pengecekan menunjukkan nama penerima sama persis dengan nama toko tempat saya berbelanja, dan transaksi berhasil diproses.",QRIS_NORMAL_MERCHANT_TERPERCAYA,IDENTITY_MATCH
986,"Sebelum menekan tombol konfirmasi pembayaran QRIS di laundry, saya memeriksa nama penerima di layar aplikasi. Hasil pengecekan menunjukkan nama penerima berbeda dengan nama toko tempat saya berbelanja, dan transaksi berhasil diproses.",KETIDAKSESUAIAN_IDENTITAS_MERCHANT,IDENTITY_MISMATCH
987,"Saat melakukan transaksi QRIS di meja kasir restoran padang, saya teliti melihat nama penerima transfer pada e-wallet. Ternyata nama merchant tersebut identik dengan nama toko dan tidak ada kejanggalan.",QRIS_NORMAL_MERCHANT_TERPERCAYA,IDENTITY_MATCH
987,"Saat melakukan transaksi QRIS di meja kasir restoran padang, saya teliti melihat nama penerima transfer pada e-wallet. Ternyata nama merchant tersebut berbeda dari nama toko sehingga menimbulkan kecurigaan.",KETIDAKSESUAIAN_IDENTITAS_MERCHANT,IDENTITY_MISMATCH
988,"Sebelum menekan tombol konfirmasi pembayaran QRIS di minimarket, saya memeriksa nama penerima di layar aplikasi. Hasil pengecekan menunjukkan nama penerima identik dengan nama toko dan tidak ada kejanggalan, dan transaksi berhasil diproses.",QRIS_NORMAL_MERCHANT_TERPERCAYA,IDENTITY_MATCH
988,"Sebelum menekan tombol konfirmasi pembayaran QRIS di minimarket, saya memeriksa nama penerima di layar aplikasi. Hasil pengecekan menunjukkan nama penerima berbeda dari nama toko sehingga menimbulkan kecurigaan, dan transaksi berhasil diproses.",KETIDAKSESUAIAN_IDENTITAS_MERCHANT,IDENTITY_MISMATCH
989,"Setelah transaksi QRIS berhasil, saya cek notifikasi dan struk digital di perbankan saya. Nama penerima dana cocok dan identik dengan plang nama toko di depan saya.",QRIS_NORMAL_MERCHANT_TERPERCAYA,IDENTITY_MATCH
989,"Setelah transaksi QRIS berhasil, saya cek notifikasi dan struk digital di perbankan saya. Nama penerima dana tidak cocok dan berbeda jauh dari plang nama toko di depan saya.",KETIDAKSESUAIAN_IDENTITAS_MERCHANT,IDENTITY_MISMATCH
990,"Tadi saya bayar pakai QRIS di Kopi Kenangan Senja. Pembayaran sukses, lalu saat mengecek rincian transaksi di aplikasi, nama merchant yang tercantum identik dengan nama toko dan tidak ada kejanggalan.",QRIS_NORMAL_MERCHANT_TERPERCAYA,IDENTITY_MATCH
990,"Tadi saya bayar pakai QRIS di Kopi Kenangan Senja. Pembayaran sukses, lalu saat mengecek rincian transaksi di aplikasi, nama merchant yang tercantum berbeda dari nama toko sehingga menimbulkan kecurigaan.",KETIDAKSESUAIAN_IDENTITAS_MERCHANT,IDENTITY_MISMATCH
991,Saya memeriksa detail informasi QRIS termasuk NMID dan nama merchant sebelum transfer. Informasi yang tampil di layar HP memang resmi atas nama gerai tersebut.,QRIS_NORMAL_MERCHANT_TERPERCAYA,IDENTITY_MATCH
991,Saya memeriksa detail informasi QRIS termasuk NMID dan nama merchant sebelum transfer. Informasi yang tampil di layar HP malah mengarah ke rekening pribadi orang lain yang tidak dikenal.,KETIDAKSESUAIAN_IDENTITAS_MERCHANT,IDENTITY_MISMATCH
992,"Nominal belanja sudah pas dan saya cek nama merchant di aplikasi pembayaran. Nama penerima valid dan konsisten dengan identitas resmi merchant, dan pembayaran selesai lancar.",QRIS_NORMAL_MERCHANT_TERPERCAYA,IDENTITY_MATCH
992,"Nominal belanja sudah pas dan saya cek nama merchant di aplikasi pembayaran. Nama penerima tidak konsisten dan mengindikasikan rekening pihak ketiga yang mencurigakan, dan pembayaran selesai lancar.",KETIDAKSESUAIAN_IDENTITAS_MERCHANT,IDENTITY_MISMATCH
993,Nama merchant yang muncul di aplikasi setelah scan QRIS valid dan konsisten dengan identitas resmi merchant.,QRIS_NORMAL_MERCHANT_TERPERCAYA,IDENTITY_MATCH
993,Nama merchant yang muncul di aplikasi setelah scan QRIS tidak konsisten dan mengindikasikan rekening pihak ketiga yang mencurigakan.,KETIDAKSESUAIAN_IDENTITAS_MERCHANT,IDENTITY_MISMATCH
994,"Setelah transaksi QRIS berhasil, saya cek notifikasi dan struk digital di perbankan saya. Nama penerima dana benar-benar sesuai dengan nama tempat usaha yang saya datangi.",QRIS_NORMAL_MERCHANT_TERPERCAYA,IDENTITY_MATCH
994,"Setelah transaksi QRIS berhasil, saya cek notifikasi dan struk digital di perbankan saya. Nama penerima dana sama sekali tidak sesuai dengan nama tempat usaha yang saya datangi.",KETIDAKSESUAIAN_IDENTITAS_MERCHANT,IDENTITY_MISMATCH
995,"Setelah transaksi QRIS berhasil, saya cek notifikasi dan struk digital di perbankan saya. Nama penerima dana sesuai dengan nama usaha yang tertera di kasir.",QRIS_NORMAL_MERCHANT_TERPERCAYA,IDENTITY_MATCH
995,"Setelah transaksi QRIS berhasil, saya cek notifikasi dan struk digital di perbankan saya. Nama penerima dana tidak sesuai dengan nama usaha yang tertera di kasir.",KETIDAKSESUAIAN_IDENTITAS_MERCHANT,IDENTITY_MISMATCH
996,Saya memeriksa detail informasi QRIS termasuk NMID dan nama merchant sebelum transfer. Informasi yang tampil di layar HP memang resmi atas nama gerai tersebut.,QRIS_NORMAL_MERCHANT_TERPERCAYA,IDENTITY_MATCH
996,Saya memeriksa detail informasi QRIS termasuk NMID dan nama merchant sebelum transfer. Informasi yang tampil di layar HP malah mengarah ke rekening pribadi orang lain yang tidak dikenal.,KETIDAKSESUAIAN_IDENTITAS_MERCHANT,IDENTITY_MISMATCH
997,"Tadi saya bayar pakai QRIS di Minimarket Barokah. Pembayaran sukses, lalu saat mengecek rincian transaksi di aplikasi, nama merchant yang tercantum sama persis dengan nama toko tempat saya berbelanja.",QRIS_NORMAL_MERCHANT_TERPERCAYA,IDENTITY_MATCH
997,"Tadi saya bayar pakai QRIS di Minimarket Barokah. Pembayaran sukses, lalu saat mengecek rincian transaksi di aplikasi, nama merchant yang tercantum berbeda dengan nama toko tempat saya berbelanja.",KETIDAKSESUAIAN_IDENTITAS_MERCHANT,IDENTITY_MISMATCH
998,"Setelah transaksi QRIS berhasil, saya cek notifikasi dan struk digital di perbankan saya. Nama penerima dana benar terdaftar atas nama merchant tersebut.",QRIS_NORMAL_MERCHANT_TERPERCAYA,IDENTITY_MATCH
998,"Setelah transaksi QRIS berhasil, saya cek notifikasi dan struk digital di perbankan saya. Nama penerima dana justru tertera nama merchant lain yang sama sekali berbeda.",KETIDAKSESUAIAN_IDENTITAS_MERCHANT,IDENTITY_MISMATCH
999,"Nominal belanja sudah pas dan saya cek nama merchant di aplikasi pembayaran. Nama penerima sesuai dengan nama usaha yang tertera di kasir, dan pembayaran selesai lancar.",QRIS_NORMAL_MERCHANT_TERPERCAYA,IDENTITY_MATCH
999,"Nominal belanja sudah pas dan saya cek nama merchant di aplikasi pembayaran. Nama penerima tidak sesuai dengan nama usaha yang tertera di kasir, dan pembayaran selesai lancar.",KETIDAKSESUAIAN_IDENTITAS_MERCHANT,IDENTITY_MISMATCH
1000,"Sebelum menekan tombol konfirmasi pembayaran QRIS di warung makan, saya memeriksa nama penerima di layar aplikasi. Hasil pengecekan menunjukkan nama penerima cocok dan identik dengan plang nama toko di depan saya, dan transaksi berhasil diproses.",QRIS_NORMAL_MERCHANT_TERPERCAYA,IDENTITY_MATCH
1000,"Sebelum menekan tombol konfirmasi pembayaran QRIS di warung makan, saya memeriksa nama penerima di layar aplikasi. Hasil pengecekan menunjukkan nama penerima tidak cocok dan berbeda jauh dari plang nama toko di depan saya, dan transaksi berhasil diproses.",KETIDAKSESUAIAN_IDENTITAS_MERCHANT,IDENTITY_MISMATCH
1001,"Demi keamanan sebelum bayar QRIS, saya memastikan identitas penerima terlebih dahulu. Nama yang terdaftar pada sistem benar terdaftar atas nama merchant tersebut.",QRIS_NORMAL_MERCHANT_TERPERCAYA,IDENTITY_MATCH
1001,"Demi keamanan sebelum bayar QRIS, saya memastikan identitas penerima terlebih dahulu. Nama yang terdaftar pada sistem justru tertera nama merchant lain yang sama sekali berbeda.",KETIDAKSESUAIAN_IDENTITAS_MERCHANT,IDENTITY_MISMATCH
1002,Nama merchant yang muncul di aplikasi setelah scan QRIS sepenuhnya cocok dengan nama outlet tempat saya belanja.,QRIS_NORMAL_MERCHANT_TERPERCAYA,IDENTITY_MATCH
1002,Nama merchant yang muncul di aplikasi setelah scan QRIS justru tidak cocok dan memunculkan nama pribadi asing.,KETIDAKSESUAIAN_IDENTITAS_MERCHANT,IDENTITY_MISMATCH
1003,"Tadi saya bayar pakai QRIS di Ganteng Barbershop. Pembayaran sukses, lalu saat mengecek rincian transaksi di aplikasi, nama merchant yang tercantum identik dengan nama toko dan tidak ada kejanggalan.",QRIS_NORMAL_MERCHANT_TERPERCAYA,IDENTITY_MATCH
1003,"Tadi saya bayar pakai QRIS di Ganteng Barbershop. Pembayaran sukses, lalu saat mengecek rincian transaksi di aplikasi, nama merchant yang tercantum berbeda dari nama toko sehingga menimbulkan kecurigaan.",KETIDAKSESUAIAN_IDENTITAS_MERCHANT,IDENTITY_MISMATCH
1004,"Sebelum menekan tombol konfirmasi pembayaran QRIS di toko alat tulis, saya memeriksa nama penerima di layar aplikasi. Hasil pengecekan menunjukkan nama penerima memang resmi atas nama gerai tersebut, dan transaksi berhasil diproses.",QRIS_NORMAL_MERCHANT_TERPERCAYA,IDENTITY_MATCH
1004,"Sebelum menekan tombol konfirmasi pembayaran QRIS di toko alat tulis, saya memeriksa nama penerima di layar aplikasi. Hasil pengecekan menunjukkan nama penerima malah mengarah ke rekening pribadi orang lain yang tidak dikenal, dan transaksi berhasil diproses.",KETIDAKSESUAIAN_IDENTITAS_MERCHANT,IDENTITY_MISMATCH
1005,B,QRIS_NORMAL_MERCHANT_TERPERCAYA,IDENTITY_MATCH
1005,B,KETIDAKSESUAIAN_IDENTITAS_MERCHANT,IDENTITY_MISMATCH
1006,"Sebelum menekan tombol konfirmasi pembayaran QRIS di minimarket, saya memeriksa nama penerima di layar aplikasi. Hasil pengecekan menunjukkan nama penerima benar-benar sesuai dengan nama tempat usaha yang saya datangi, dan transaksi berhasil diproses.",QRIS_NORMAL_MERCHANT_TERPERCAYA,IDENTITY_MATCH
1006,"Sebelum menekan tombol konfirmasi pembayaran QRIS di minimarket, saya memeriksa nama penerima di layar aplikasi. Hasil pengecekan menunjukkan nama penerima sama sekali tidak sesuai dengan nama tempat usaha yang saya datangi, dan transaksi berhasil diproses.",KETIDAKSESUAIAN_IDENTITAS_MERCHANT,IDENTITY_MISMATCH
1007,"Saat melakukan transaksi QRIS di meja kasir toko buah, saya teliti melihat nama penerima transfer pada e-wallet. Ternyata nama merchant tersebut identik dengan nama toko dan tidak ada kejanggalan.",QRIS_NORMAL_MERCHANT_TERPERCAYA,IDENTITY_MATCH
1007,"Saat melakukan transaksi QRIS di meja kasir toko buah, saya teliti melihat nama penerima transfer pada e-wallet. Ternyata nama merchant tersebut berbeda dari nama toko sehingga menimbulkan kecurigaan.",KETIDAKSESUAIAN_IDENTITAS_MERCHANT,IDENTITY_MISMATCH
1008,"Sebelum menekan tombol konfirmasi pembayaran QRIS di stand boba, saya memeriksa nama penerima di layar aplikasi. Hasil pengecekan menunjukkan nama penerima cocok dan identik dengan plang nama toko di depan saya, dan transaksi berhasil diproses.",QRIS_NORMAL_MERCHANT_TERPERCAYA,IDENTITY_MATCH
1008,"Sebelum menekan tombol konfirmasi pembayaran QRIS di stand boba, saya memeriksa nama penerima di layar aplikasi. Hasil pengecekan menunjukkan nama penerima tidak cocok dan berbeda jauh dari plang nama toko di depan saya, dan transaksi berhasil diproses.",KETIDAKSESUAIAN_IDENTITAS_MERCHANT,IDENTITY_MISMATCH
1009,Nama merchant yang muncul di aplikasi setelah scan QRIS sama persis dengan nama toko tempat saya berbelanja.,QRIS_NORMAL_MERCHANT_TERPERCAYA,IDENTITY_MATCH
1009,Nama merchant yang muncul di aplikasi setelah scan QRIS berbeda dengan nama toko tempat saya berbelanja.,KETIDAKSESUAIAN_IDENTITAS_MERCHANT,IDENTITY_MISMATCH
1010,B,QRIS_NORMAL_MERCHANT_TERPERCAYA,IDENTITY_MATCH
1010,B,KETIDAKSESUAIAN_IDENTITAS_MERCHANT,IDENTITY_MISMATCH
1011,"Setelah transaksi QRIS berhasil, saya cek notifikasi dan struk digital di perbankan saya. Nama penerima dana benar-benar sesuai dengan nama tempat usaha yang saya datangi.",QRIS_NORMAL_MERCHANT_TERPERCAYA,IDENTITY_MATCH
1011,"Setelah transaksi QRIS berhasil, saya cek notifikasi dan struk digital di perbankan saya. Nama penerima dana sama sekali tidak sesuai dengan nama tempat usaha yang saya datangi.",KETIDAKSESUAIAN_IDENTITAS_MERCHANT,IDENTITY_MISMATCH
1012,"Kasir di Minimarket Barokah mengarahkan untuk scan barcode QRIS. Saya mencocokkan nama usaha pada aplikasi pembayaran dengan nama toko, dan hasilnya sepenuhnya cocok dengan nama outlet tempat saya belanja.",QRIS_NORMAL_MERCHANT_TERPERCAYA,IDENTITY_MATCH
1012,"Kasir di Minimarket Barokah mengarahkan untuk scan barcode QRIS. Saya mencocokkan nama usaha pada aplikasi pembayaran dengan nama toko, dan hasilnya justru tidak cocok dan memunculkan nama pribadi asing.",KETIDAKSESUAIAN_IDENTITAS_MERCHANT,IDENTITY_MISMATCH
1013,B,QRIS_NORMAL_MERCHANT_TERPERCAYA,IDENTITY_MATCH
1013,B,KETIDAKSESUAIAN_IDENTITAS_MERCHANT,IDENTITY_MISMATCH
1014,"Nominal belanja sudah pas dan saya cek nama merchant di aplikasi pembayaran. Nama penerima tepat milik toko ini tanpa ada perbedaan sedikit pun, dan pembayaran selesai lancar.",QRIS_NORMAL_MERCHANT_TERPERCAYA,IDENTITY_MATCH
1014,"Nominal belanja sudah pas dan saya cek nama merchant di aplikasi pembayaran. Nama penerima bukan milik toko ini melainkan atas nama perseorangan, dan pembayaran selesai lancar.",KETIDAKSESUAIAN_IDENTITAS_MERCHANT,IDENTITY_MISMATCH
1015,"Kasir di Laundry Wangi Bersih mengarahkan untuk scan barcode QRIS. Saya mencocokkan nama usaha pada aplikasi pembayaran dengan nama toko, dan hasilnya benar-benar sesuai dengan nama tempat usaha yang saya datangi.",QRIS_NORMAL_MERCHANT_TERPERCAYA,IDENTITY_MATCH
1015,"Kasir di Laundry Wangi Bersih mengarahkan untuk scan barcode QRIS. Saya mencocokkan nama usaha pada aplikasi pembayaran dengan nama toko, dan hasilnya sama sekali tidak sesuai dengan nama tempat usaha yang saya datangi.",KETIDAKSESUAIAN_IDENTITAS_MERCHANT,IDENTITY_MISMATCH
1016,Nama merchant yang muncul di aplikasi setelah scan QRIS sama persis dengan nama toko tempat saya berbelanja.,QRIS_NORMAL_MERCHANT_TERPERCAYA,IDENTITY_MATCH
1016,Nama merchant yang muncul di aplikasi setelah scan QRIS berbeda dengan nama toko tempat saya berbelanja.,KETIDAKSESUAIAN_IDENTITAS_MERCHANT,IDENTITY_MISMATCH
1017,"Setelah transaksi QRIS berhasil, saya cek notifikasi dan struk digital di perbankan saya. Nama penerima dana memang resmi atas nama gerai tersebut.",QRIS_NORMAL_MERCHANT_TERPERCAYA,IDENTITY_MATCH
1017,"Setelah transaksi QRIS berhasil, saya cek notifikasi dan struk digital di perbankan saya. Nama penerima dana malah mengarah ke rekening pribadi orang lain yang tidak dikenal.",KETIDAKSESUAIAN_IDENTITAS_MERCHANT,IDENTITY_MISMATCH
1018,"Tadi saya bayar pakai QRIS di Ganteng Barbershop. Pembayaran sukses, lalu saat mengecek rincian transaksi di aplikasi, nama merchant yang tercantum tepat milik toko ini tanpa ada perbedaan sedikit pun.",QRIS_NORMAL_MERCHANT_TERPERCAYA,IDENTITY_MATCH
1018,"Tadi saya bayar pakai QRIS di Ganteng Barbershop. Pembayaran sukses, lalu saat mengecek rincian transaksi di aplikasi, nama merchant yang tercantum bukan milik toko ini melainkan atas nama perseorangan.",KETIDAKSESUAIAN_IDENTITAS_MERCHANT,IDENTITY_MISMATCH
1019,B,QRIS_NORMAL_MERCHANT_TERPERCAYA,IDENTITY_MATCH
1019,B,KETIDAKSESUAIAN_IDENTITAS_MERCHANT,IDENTITY_MISMATCH
1020,Nama merchant yang muncul di aplikasi setelah scan QRIS sama persis dengan nama toko tempat saya berbelanja.,QRIS_NORMAL_MERCHANT_TERPERCAYA,IDENTITY_MATCH
1020,Nama merchant yang muncul di aplikasi setelah scan QRIS berbeda dengan nama toko tempat saya berbelanja.,KETIDAKSESUAIAN_IDENTITAS_MERCHANT,IDENTITY_MISMATCH
1021,"Saat melakukan transaksi QRIS di meja kasir toko buah, saya teliti melihat nama penerima transfer pada e-wallet. Ternyata nama merchant tersebut sesuai dengan nama usaha yang tertera di kasir.",QRIS_NORMAL_MERCHANT_TERPERCAYA,IDENTITY_MATCH
1021,"Saat melakukan transaksi QRIS di meja kasir toko buah, saya teliti melihat nama penerima transfer pada e-wallet. Ternyata nama merchant tersebut tidak sesuai dengan nama usaha yang tertera di kasir.",KETIDAKSESUAIAN_IDENTITAS_MERCHANT,IDENTITY_MISMATCH
1022,Saya memeriksa detail informasi QRIS termasuk NMID dan nama merchant sebelum transfer. Informasi yang tampil di layar HP tepat milik toko ini tanpa ada perbedaan sedikit pun.,QRIS_NORMAL_MERCHANT_TERPERCAYA,IDENTITY_MATCH
1022,Saya memeriksa detail informasi QRIS termasuk NMID dan nama merchant sebelum transfer. Informasi yang tampil di layar HP bukan milik toko ini melainkan atas nama perseorangan.,KETIDAKSESUAIAN_IDENTITAS_MERCHANT,IDENTITY_MISMATCH
1023,"Setelah transaksi QRIS berhasil, saya cek notifikasi dan struk digital di perbankan saya. Nama penerima dana benar terdaftar atas nama merchant tersebut.",QRIS_NORMAL_MERCHANT_TERPERCAYA,IDENTITY_MATCH
1023,"Setelah transaksi QRIS berhasil, saya cek notifikasi dan struk digital di perbankan saya. Nama penerima dana justru tertera nama merchant lain yang sama sekali berbeda.",KETIDAKSESUAIAN_IDENTITAS_MERCHANT,IDENTITY_MISMATCH
1024,B,QRIS_NORMAL_MERCHANT_TERPERCAYA,IDENTITY_MATCH
1024,B,KETIDAKSESUAIAN_IDENTITAS_MERCHANT,IDENTITY_MISMATCH
1025,B,QRIS_NORMAL_MERCHANT_TERPERCAYA,IDENTITY_MATCH
1025,B,KETIDAKSESUAIAN_IDENTITAS_MERCHANT,IDENTITY_MISMATCH
1026,Saya memeriksa detail informasi QRIS termasuk NMID dan nama merchant sebelum transfer. Informasi yang tampil di layar HP benar-benar sesuai dengan nama tempat usaha yang saya datangi.,QRIS_NORMAL_MERCHANT_TERPERCAYA,IDENTITY_MATCH
1026,Saya memeriksa detail informasi QRIS termasuk NMID dan nama merchant sebelum transfer. Informasi yang tampil di layar HP sama sekali tidak sesuai dengan nama tempat usaha yang saya datangi.,KETIDAKSESUAIAN_IDENTITAS_MERCHANT,IDENTITY_MISMATCH
1027,"Saat melakukan transaksi QRIS di meja kasir kedai kopi, saya teliti melihat nama penerima transfer pada e-wallet. Ternyata nama merchant tersebut cocok dan identik dengan plang nama toko di depan saya.",QRIS_NORMAL_MERCHANT_TERPERCAYA,IDENTITY_MATCH
1027,"Saat melakukan transaksi QRIS di meja kasir kedai kopi, saya teliti melihat nama penerima transfer pada e-wallet. Ternyata nama merchant tersebut tidak cocok dan berbeda jauh dari plang nama toko di depan saya.",KETIDAKSESUAIAN_IDENTITAS_MERCHANT,IDENTITY_MISMATCH
1028,"Kasir di Laundry Wangi Bersih mengarahkan untuk scan barcode QRIS. Saya mencocokkan nama usaha pada aplikasi pembayaran dengan nama toko, dan hasilnya benar terdaftar atas nama merchant tersebut.",QRIS_NORMAL_MERCHANT_TERPERCAYA,IDENTITY_MATCH
1028,"Kasir di Laundry Wangi Bersih mengarahkan untuk scan barcode QRIS. Saya mencocokkan nama usaha pada aplikasi pembayaran dengan nama toko, dan hasilnya justru tertera nama merchant lain yang sama sekali berbeda.",KETIDAKSESUAIAN_IDENTITAS_MERCHANT,IDENTITY_MISMATCH
1029,Nama merchant yang muncul di aplikasi setelah scan QRIS benar-benar sesuai dengan nama tempat usaha yang saya datangi.,QRIS_NORMAL_MERCHANT_TERPERCAYA,IDENTITY_MATCH
1029,Nama merchant yang muncul di aplikasi setelah scan QRIS sama sekali tidak sesuai dengan nama tempat usaha yang saya datangi.,KETIDAKSESUAIAN_IDENTITAS_MERCHANT,IDENTITY_MISMATCH
1030,"Sebelum menekan tombol konfirmasi pembayaran QRIS di kedai kopi, saya memeriksa nama penerima di layar aplikasi. Hasil pengecekan menunjukkan nama penerima valid dan konsisten dengan identitas resmi merchant, dan transaksi berhasil diproses.",QRIS_NORMAL_MERCHANT_TERPERCAYA,IDENTITY_MATCH
1030,"Sebelum menekan tombol konfirmasi pembayaran QRIS di kedai kopi, saya memeriksa nama penerima di layar aplikasi. Hasil pengecekan menunjukkan nama penerima tidak konsisten dan mengindikasikan rekening pihak ketiga yang mencurigakan, dan transaksi berhasil diproses.",KETIDAKSESUAIAN_IDENTITAS_MERCHANT,IDENTITY_MISMATCH
1031,Nama merchant yang muncul di aplikasi setelah scan QRIS valid dan konsisten dengan identitas resmi merchant.,QRIS_NORMAL_MERCHANT_TERPERCAYA,IDENTITY_MATCH
1031,Nama merchant yang muncul di aplikasi setelah scan QRIS tidak konsisten dan mengindikasikan rekening pihak ketiga yang mencurigakan.,KETIDAKSESUAIAN_IDENTITAS_MERCHANT,IDENTITY_MISMATCH
1032,"Kasir di Kopi Kenangan Senja mengarahkan untuk scan barcode QRIS. Saya mencocokkan nama usaha pada aplikasi pembayaran dengan nama toko, dan hasilnya benar-benar sesuai dengan nama tempat usaha yang saya datangi.",QRIS_NORMAL_MERCHANT_TERPERCAYA,IDENTITY_MATCH
1032,"Kasir di Kopi Kenangan Senja mengarahkan untuk scan barcode QRIS. Saya mencocokkan nama usaha pada aplikasi pembayaran dengan nama toko, dan hasilnya sama sekali tidak sesuai dengan nama tempat usaha yang saya datangi.",KETIDAKSESUAIAN_IDENTITAS_MERCHANT,IDENTITY_MISMATCH
1033,"Setelah transaksi QRIS berhasil, saya cek notifikasi dan struk digital di perbankan saya. Nama penerima dana sesuai dengan nama usaha yang tertera di kasir.",QRIS_NORMAL_MERCHANT_TERPERCAYA,IDENTITY_MATCH
1033,"Setelah transaksi QRIS berhasil, saya cek notifikasi dan struk digital di perbankan saya. Nama penerima dana tidak sesuai dengan nama usaha yang tertera di kasir.",KETIDAKSESUAIAN_IDENTITAS_MERCHANT,IDENTITY_MISMATCH
1034,"Nominal belanja sudah pas dan saya cek nama merchant di aplikasi pembayaran. Nama penerima identik dengan nama toko dan tidak ada kejanggalan, dan pembayaran selesai lancar.",QRIS_NORMAL_MERCHANT_TERPERCAYA,IDENTITY_MATCH
1034,"Nominal belanja sudah pas dan saya cek nama merchant di aplikasi pembayaran. Nama penerima berbeda dari nama toko sehingga menimbulkan kecurigaan, dan pembayaran selesai lancar.",KETIDAKSESUAIAN_IDENTITAS_MERCHANT,IDENTITY_MISMATCH
1035,"Tadi saya bayar pakai QRIS di Laundry Wangi Bersih. Pembayaran sukses, lalu saat mengecek rincian transaksi di aplikasi, nama merchant yang tercantum sama persis dengan nama toko tempat saya berbelanja.",QRIS_NORMAL_MERCHANT_TERPERCAYA,IDENTITY_MATCH
1035,"Tadi saya bayar pakai QRIS di Laundry Wangi Bersih. Pembayaran sukses, lalu saat mengecek rincian transaksi di aplikasi, nama merchant yang tercantum berbeda dengan nama toko tempat saya berbelanja.",KETIDAKSESUAIAN_IDENTITAS_MERCHANT,IDENTITY_MISMATCH
1036,Nama merchant yang muncul di aplikasi setelah scan QRIS identik dengan nama toko dan tidak ada kejanggalan.,QRIS_NORMAL_MERCHANT_TERPERCAYA,IDENTITY_MATCH
1036,Nama merchant yang muncul di aplikasi setelah scan QRIS berbeda dari nama toko sehingga menimbulkan kecurigaan.,KETIDAKSESUAIAN_IDENTITAS_MERCHANT,IDENTITY_MISMATCH
1037,B,QRIS_NORMAL_MERCHANT_TERPERCAYA,IDENTITY_MATCH
1037,B,KETIDAKSESUAIAN_IDENTITAS_MERCHANT,IDENTITY_MISMATCH
1038,Nama merchant yang muncul di aplikasi setelah scan QRIS benar terdaftar atas nama merchant tersebut.,QRIS_NORMAL_MERCHANT_TERPERCAYA,IDENTITY_MATCH
1038,Nama merchant yang muncul di aplikasi setelah scan QRIS justru tertera nama merchant lain yang sama sekali berbeda.,KETIDAKSESUAIAN_IDENTITAS_MERCHANT,IDENTITY_MISMATCH
1039,"Saat melakukan transaksi QRIS di meja kasir warung makan, saya teliti melihat nama penerima transfer pada e-wallet. Ternyata nama merchant tersebut benar terdaftar atas nama merchant tersebut.",QRIS_NORMAL_MERCHANT_TERPERCAYA,IDENTITY_MATCH
1039,"Saat melakukan transaksi QRIS di meja kasir warung makan, saya teliti melihat nama penerima transfer pada e-wallet. Ternyata nama merchant tersebut justru tertera nama merchant lain yang sama sekali berbeda.",KETIDAKSESUAIAN_IDENTITAS_MERCHANT,IDENTITY_MISMATCH
1040,"Tadi saya bayar pakai QRIS di Laundry Wangi Bersih. Pembayaran sukses, lalu saat mengecek rincian transaksi di aplikasi, nama merchant yang tercantum identik dengan nama toko dan tidak ada kejanggalan.",QRIS_NORMAL_MERCHANT_TERPERCAYA,IDENTITY_MATCH
1040,"Tadi saya bayar pakai QRIS di Laundry Wangi Bersih. Pembayaran sukses, lalu saat mengecek rincian transaksi di aplikasi, nama merchant yang tercantum berbeda dari nama toko sehingga menimbulkan kecurigaan.",KETIDAKSESUAIAN_IDENTITAS_MERCHANT,IDENTITY_MISMATCH
1041,Saya memeriksa detail informasi QRIS termasuk NMID dan nama merchant sebelum transfer. Informasi yang tampil di layar HP sepenuhnya cocok dengan nama outlet tempat saya belanja.,QRIS_NORMAL_MERCHANT_TERPERCAYA,IDENTITY_MATCH
1041,Saya memeriksa detail informasi QRIS termasuk NMID dan nama merchant sebelum transfer. Informasi yang tampil di layar HP justru tidak cocok dan memunculkan nama pribadi asing.,KETIDAKSESUAIAN_IDENTITAS_MERCHANT,IDENTITY_MISMATCH
1042,"Kasir di Rumah Makan Sederhana Minang mengarahkan untuk scan barcode QRIS. Saya mencocokkan nama usaha pada aplikasi pembayaran dengan nama toko, dan hasilnya benar terdaftar atas nama merchant tersebut.",QRIS_NORMAL_MERCHANT_TERPERCAYA,IDENTITY_MATCH
1042,"Kasir di Rumah Makan Sederhana Minang mengarahkan untuk scan barcode QRIS. Saya mencocokkan nama usaha pada aplikasi pembayaran dengan nama toko, dan hasilnya justru tertera nama merchant lain yang sama sekali berbeda.",KETIDAKSESUAIAN_IDENTITAS_MERCHANT,IDENTITY_MISMATCH
1043,"Kasir di Toko Berkah Jaya mengarahkan untuk scan barcode QRIS. Saya mencocokkan nama usaha pada aplikasi pembayaran dengan nama toko, dan hasilnya valid dan konsisten dengan identitas resmi merchant.",QRIS_NORMAL_MERCHANT_TERPERCAYA,IDENTITY_MATCH
1043,"Kasir di Toko Berkah Jaya mengarahkan untuk scan barcode QRIS. Saya mencocokkan nama usaha pada aplikasi pembayaran dengan nama toko, dan hasilnya tidak konsisten dan mengindikasikan rekening pihak ketiga yang mencurigakan.",KETIDAKSESUAIAN_IDENTITAS_MERCHANT,IDENTITY_MISMATCH
1044,"Saat melakukan transaksi QRIS di meja kasir minimarket, saya teliti melihat nama penerima transfer pada e-wallet. Ternyata nama merchant tersebut sesuai dengan nama usaha yang tertera di kasir.",QRIS_NORMAL_MERCHANT_TERPERCAYA,IDENTITY_MATCH
1044,"Saat melakukan transaksi QRIS di meja kasir minimarket, saya teliti melihat nama penerima transfer pada e-wallet. Ternyata nama merchant tersebut tidak sesuai dengan nama usaha yang tertera di kasir.",KETIDAKSESUAIAN_IDENTITAS_MERCHANT,IDENTITY_MISMATCH
1045,"Tadi saya bayar pakai QRIS di Toko Berkah Jaya. Pembayaran sukses, lalu saat mengecek rincian transaksi di aplikasi, nama merchant yang tercantum cocok dan identik dengan plang nama toko di depan saya.",QRIS_NORMAL_MERCHANT_TERPERCAYA,IDENTITY_MATCH
1045,"Tadi saya bayar pakai QRIS di Toko Berkah Jaya. Pembayaran sukses, lalu saat mengecek rincian transaksi di aplikasi, nama merchant yang tercantum tidak cocok dan berbeda jauh dari plang nama toko di depan saya.",KETIDAKSESUAIAN_IDENTITAS_MERCHANT,IDENTITY_MISMATCH
1046,"Saat melakukan transaksi QRIS di meja kasir laundry, saya teliti melihat nama penerima transfer pada e-wallet. Ternyata nama merchant tersebut benar terdaftar atas nama merchant tersebut.",QRIS_NORMAL_MERCHANT_TERPERCAYA,IDENTITY_MATCH
1046,"Saat melakukan transaksi QRIS di meja kasir laundry, saya teliti melihat nama penerima transfer pada e-wallet. Ternyata nama merchant tersebut justru tertera nama merchant lain yang sama sekali berbeda.",KETIDAKSESUAIAN_IDENTITAS_MERCHANT,IDENTITY_MISMATCH
1047,"Demi keamanan sebelum bayar QRIS, saya memastikan identitas penerima terlebih dahulu. Nama yang terdaftar pada sistem benar-benar sesuai dengan nama tempat usaha yang saya datangi.",QRIS_NORMAL_MERCHANT_TERPERCAYA,IDENTITY_MATCH
1047,"Demi keamanan sebelum bayar QRIS, saya memastikan identitas penerima terlebih dahulu. Nama yang terdaftar pada sistem sama sekali tidak sesuai dengan nama tempat usaha yang saya datangi.",KETIDAKSESUAIAN_IDENTITAS_MERCHANT,IDENTITY_MISMATCH
1048,"Saat melakukan transaksi QRIS di meja kasir bengkel motor, saya teliti melihat nama penerima transfer pada e-wallet. Ternyata nama merchant tersebut memang resmi atas nama gerai tersebut.",QRIS_NORMAL_MERCHANT_TERPERCAYA,IDENTITY_MATCH
1048,"Saat melakukan transaksi QRIS di meja kasir bengkel motor, saya teliti melihat nama penerima transfer pada e-wallet. Ternyata nama merchant tersebut malah mengarah ke rekening pribadi orang lain yang tidak dikenal.",KETIDAKSESUAIAN_IDENTITAS_MERCHANT,IDENTITY_MISMATCH
1049,"Demi keamanan sebelum bayar QRIS, saya memastikan identitas penerima terlebih dahulu. Nama yang terdaftar pada sistem sepenuhnya cocok dengan nama outlet tempat saya belanja.",QRIS_NORMAL_MERCHANT_TERPERCAYA,IDENTITY_MATCH
1049,"Demi keamanan sebelum bayar QRIS, saya memastikan identitas penerima terlebih dahulu. Nama yang terdaftar pada sistem justru tidak cocok dan memunculkan nama pribadi asing.",KETIDAKSESUAIAN_IDENTITAS_MERCHANT,IDENTITY_MISMATCH
1050,Saya memeriksa detail informasi QRIS termasuk NMID dan nama merchant sebelum transfer. Informasi yang tampil di layar HP sesuai dengan nama usaha yang tertera di kasir.,QRIS_NORMAL_MERCHANT_TERPERCAYA,IDENTITY_MATCH
1050,Saya memeriksa detail informasi QRIS termasuk NMID dan nama merchant sebelum transfer. Informasi yang tampil di layar HP tidak sesuai dengan nama usaha yang tertera di kasir.,KETIDAKSESUAIAN_IDENTITAS_MERCHANT,IDENTITY_MISMATCH
1051,"Kasir di Kopi Kenangan Senja mengarahkan untuk scan barcode QRIS. Saya mencocokkan nama usaha pada aplikasi pembayaran dengan nama toko, dan hasilnya valid dan konsisten dengan identitas resmi merchant.",QRIS_NORMAL_MERCHANT_TERPERCAYA,IDENTITY_MATCH
1051,"Kasir di Kopi Kenangan Senja mengarahkan untuk scan barcode QRIS. Saya mencocokkan nama usaha pada aplikasi pembayaran dengan nama toko, dan hasilnya tidak konsisten dan mengindikasikan rekening pihak ketiga yang mencurigakan.",KETIDAKSESUAIAN_IDENTITAS_MERCHANT,IDENTITY_MISMATCH
1052,"Setelah transaksi QRIS berhasil, saya cek notifikasi dan struk digital di perbankan saya. Nama penerima dana tepat milik toko ini tanpa ada perbedaan sedikit pun.",QRIS_NORMAL_MERCHANT_TERPERCAYA,IDENTITY_MATCH
1052,"Setelah transaksi QRIS berhasil, saya cek notifikasi dan struk digital di perbankan saya. Nama penerima dana bukan milik toko ini melainkan atas nama perseorangan.",KETIDAKSESUAIAN_IDENTITAS_MERCHANT,IDENTITY_MISMATCH
1053,B,QRIS_NORMAL_MERCHANT_TERPERCAYA,IDENTITY_MATCH
1053,B,KETIDAKSESUAIAN_IDENTITAS_MERCHANT,IDENTITY_MISMATCH
1054,Nama merchant yang muncul di aplikasi setelah scan QRIS sesuai dengan nama usaha yang tertera di kasir.,QRIS_NORMAL_MERCHANT_TERPERCAYA,IDENTITY_MATCH
1054,Nama merchant yang muncul di aplikasi setelah scan QRIS tidak sesuai dengan nama usaha yang tertera di kasir.,KETIDAKSESUAIAN_IDENTITAS_MERCHANT,IDENTITY_MISMATCH
1055,"Setelah transaksi QRIS berhasil, saya cek notifikasi dan struk digital di perbankan saya. Nama penerima dana sepenuhnya cocok dengan nama outlet tempat saya belanja.",QRIS_NORMAL_MERCHANT_TERPERCAYA,IDENTITY_MATCH
1055,"Setelah transaksi QRIS berhasil, saya cek notifikasi dan struk digital di perbankan saya. Nama penerima dana justru tidak cocok dan memunculkan nama pribadi asing.",KETIDAKSESUAIAN_IDENTITAS_MERCHANT,IDENTITY_MISMATCH
1056,"Saat melakukan transaksi QRIS di meja kasir toko kelontong, saya teliti melihat nama penerima transfer pada e-wallet. Ternyata nama merchant tersebut tepat milik toko ini tanpa ada perbedaan sedikit pun.",QRIS_NORMAL_MERCHANT_TERPERCAYA,IDENTITY_MATCH
1056,"Saat melakukan transaksi QRIS di meja kasir toko kelontong, saya teliti melihat nama penerima transfer pada e-wallet. Ternyata nama merchant tersebut bukan milik toko ini melainkan atas nama perseorangan.",KETIDAKSESUAIAN_IDENTITAS_MERCHANT,IDENTITY_MISMATCH
1057,Saya memeriksa detail informasi QRIS termasuk NMID dan nama merchant sebelum transfer. Informasi yang tampil di layar HP sesuai dengan nama usaha yang tertera di kasir.,QRIS_NORMAL_MERCHANT_TERPERCAYA,IDENTITY_MATCH
1057,Saya memeriksa detail informasi QRIS termasuk NMID dan nama merchant sebelum transfer. Informasi yang tampil di layar HP tidak sesuai dengan nama usaha yang tertera di kasir.,KETIDAKSESUAIAN_IDENTITAS_MERCHANT,IDENTITY_MISMATCH
1058,"Kasir di Bengkel Maju Lancar mengarahkan untuk scan barcode QRIS. Saya mencocokkan nama usaha pada aplikasi pembayaran dengan nama toko, dan hasilnya benar terdaftar atas nama merchant tersebut.",QRIS_NORMAL_MERCHANT_TERPERCAYA,IDENTITY_MATCH
1058,"Kasir di Bengkel Maju Lancar mengarahkan untuk scan barcode QRIS. Saya mencocokkan nama usaha pada aplikasi pembayaran dengan nama toko, dan hasilnya justru tertera nama merchant lain yang sama sekali berbeda.",KETIDAKSESUAIAN_IDENTITAS_MERCHANT,IDENTITY_MISMATCH
1059,"Saat melakukan transaksi QRIS di meja kasir bengkel motor, saya teliti melihat nama penerima transfer pada e-wallet. Ternyata nama merchant tersebut sesuai dengan nama usaha yang tertera di kasir.",QRIS_NORMAL_MERCHANT_TERPERCAYA,IDENTITY_MATCH
1059,"Saat melakukan transaksi QRIS di meja kasir bengkel motor, saya teliti melihat nama penerima transfer pada e-wallet. Ternyata nama merchant tersebut tidak sesuai dengan nama usaha yang tertera di kasir.",KETIDAKSESUAIAN_IDENTITAS_MERCHANT,IDENTITY_MISMATCH
1060,Saya memeriksa detail informasi QRIS termasuk NMID dan nama merchant sebelum transfer. Informasi yang tampil di layar HP tepat milik toko ini tanpa ada perbedaan sedikit pun.,QRIS_NORMAL_MERCHANT_TERPERCAYA,IDENTITY_MATCH
1060,Saya memeriksa detail informasi QRIS termasuk NMID dan nama merchant sebelum transfer. Informasi yang tampil di layar HP bukan milik toko ini melainkan atas nama perseorangan.,KETIDAKSESUAIAN_IDENTITAS_MERCHANT,IDENTITY_MISMATCH
1061,"Saat melakukan transaksi QRIS di meja kasir laundry, saya teliti melihat nama penerima transfer pada e-wallet. Ternyata nama merchant tersebut benar terdaftar atas nama merchant tersebut.",QRIS_NORMAL_MERCHANT_TERPERCAYA,IDENTITY_MATCH
1061,"Saat melakukan transaksi QRIS di meja kasir laundry, saya teliti melihat nama penerima transfer pada e-wallet. Ternyata nama merchant tersebut justru tertera nama merchant lain yang sama sekali berbeda.",KETIDAKSESUAIAN_IDENTITAS_MERCHANT,IDENTITY_MISMATCH
1062,"Tadi saya bayar pakai QRIS di Bengkel Maju Lancar. Pembayaran sukses, lalu saat mengecek rincian transaksi di aplikasi, nama merchant yang tercantum sepenuhnya cocok dengan nama outlet tempat saya belanja.",QRIS_NORMAL_MERCHANT_TERPERCAYA,IDENTITY_MATCH
1062,"Tadi saya bayar pakai QRIS di Bengkel Maju Lancar. Pembayaran sukses, lalu saat mengecek rincian transaksi di aplikasi, nama merchant yang tercantum justru tidak cocok dan memunculkan nama pribadi asing.",KETIDAKSESUAIAN_IDENTITAS_MERCHANT,IDENTITY_MISMATCH
1063,B,QRIS_NORMAL_MERCHANT_TERPERCAYA,IDENTITY_MATCH
1063,B,KETIDAKSESUAIAN_IDENTITAS_MERCHANT,IDENTITY_MISMATCH
1064,"Nominal belanja sudah pas dan saya cek nama merchant di aplikasi pembayaran. Nama penerima sama persis dengan nama toko tempat saya berbelanja, dan pembayaran selesai lancar.",QRIS_NORMAL_MERCHANT_TERPERCAYA,IDENTITY_MATCH
1064,"Nominal belanja sudah pas dan saya cek nama merchant di aplikasi pembayaran. Nama penerima berbeda dengan nama toko tempat saya berbelanja, dan pembayaran selesai lancar.",KETIDAKSESUAIAN_IDENTITAS_MERCHANT,IDENTITY_MISMATCH
1065,"Demi keamanan sebelum bayar QRIS, saya memastikan identitas penerima terlebih dahulu. Nama yang terdaftar pada sistem memang resmi atas nama gerai tersebut.",QRIS_NORMAL_MERCHANT_TERPERCAYA,IDENTITY_MATCH
1065,"Demi keamanan sebelum bayar QRIS, saya memastikan identitas penerima terlebih dahulu. Nama yang terdaftar pada sistem malah mengarah ke rekening pribadi orang lain yang tidak dikenal.",KETIDAKSESUAIAN_IDENTITAS_MERCHANT,IDENTITY_MISMATCH
1066,"Saat melakukan transaksi QRIS di meja kasir counter pulsa, saya teliti melihat nama penerima transfer pada e-wallet. Ternyata nama merchant tersebut benar-benar sesuai dengan nama tempat usaha yang saya datangi.",QRIS_NORMAL_MERCHANT_TERPERCAYA,IDENTITY_MATCH
1066,"Saat melakukan transaksi QRIS di meja kasir counter pulsa, saya teliti melihat nama penerima transfer pada e-wallet. Ternyata nama merchant tersebut sama sekali tidak sesuai dengan nama tempat usaha yang saya datangi.",KETIDAKSESUAIAN_IDENTITAS_MERCHANT,IDENTITY_MISMATCH
1067,"Setelah transaksi QRIS berhasil, saya cek notifikasi dan struk digital di perbankan saya. Nama penerima dana sesuai dengan nama usaha yang tertera di kasir.",QRIS_NORMAL_MERCHANT_TERPERCAYA,IDENTITY_MATCH
1067,"Setelah transaksi QRIS berhasil, saya cek notifikasi dan struk digital di perbankan saya. Nama penerima dana tidak sesuai dengan nama usaha yang tertera di kasir.",KETIDAKSESUAIAN_IDENTITAS_MERCHANT,IDENTITY_MISMATCH
1068,"Saat melakukan transaksi QRIS di meja kasir toko kelontong, saya teliti melihat nama penerima transfer pada e-wallet. Ternyata nama merchant tersebut memang resmi atas nama gerai tersebut.",QRIS_NORMAL_MERCHANT_TERPERCAYA,IDENTITY_MATCH
1068,"Saat melakukan transaksi QRIS di meja kasir toko kelontong, saya teliti melihat nama penerima transfer pada e-wallet. Ternyata nama merchant tersebut malah mengarah ke rekening pribadi orang lain yang tidak dikenal.",KETIDAKSESUAIAN_IDENTITAS_MERCHANT,IDENTITY_MISMATCH
1069,"Kasir di Minimarket Barokah mengarahkan untuk scan barcode QRIS. Saya mencocokkan nama usaha pada aplikasi pembayaran dengan nama toko, dan hasilnya benar terdaftar atas nama merchant tersebut.",QRIS_NORMAL_MERCHANT_TERPERCAYA,IDENTITY_MATCH
1069,"Kasir di Minimarket Barokah mengarahkan untuk scan barcode QRIS. Saya mencocokkan nama usaha pada aplikasi pembayaran dengan nama toko, dan hasilnya justru tertera nama merchant lain yang sama sekali berbeda.",KETIDAKSESUAIAN_IDENTITAS_MERCHANT,IDENTITY_MISMATCH
1070,"Setelah transaksi QRIS berhasil, saya cek notifikasi dan struk digital di perbankan saya. Nama penerima dana benar-benar sesuai dengan nama tempat usaha yang saya datangi.",QRIS_NORMAL_MERCHANT_TERPERCAYA,IDENTITY_MATCH
1070,"Setelah transaksi QRIS berhasil, saya cek notifikasi dan struk digital di perbankan saya. Nama penerima dana sama sekali tidak sesuai dengan nama tempat usaha yang saya datangi.",KETIDAKSESUAIAN_IDENTITAS_MERCHANT,IDENTITY_MISMATCH
1071,B,QRIS_NORMAL_MERCHANT_TERPERCAYA,IDENTITY_MATCH
1071,B,KETIDAKSESUAIAN_IDENTITAS_MERCHANT,IDENTITY_MISMATCH
1072,"Setelah transaksi QRIS berhasil, saya cek notifikasi dan struk digital di perbankan saya. Nama penerima dana identik dengan nama toko dan tidak ada kejanggalan.",QRIS_NORMAL_MERCHANT_TERPERCAYA,IDENTITY_MATCH
1072,"Setelah transaksi QRIS berhasil, saya cek notifikasi dan struk digital di perbankan saya. Nama penerima dana berbeda dari nama toko sehingga menimbulkan kecurigaan.",KETIDAKSESUAIAN_IDENTITAS_MERCHANT,IDENTITY_MISMATCH
1073,"Setelah transaksi QRIS berhasil, saya cek notifikasi dan struk digital di perbankan saya. Nama penerima dana identik dengan nama toko dan tidak ada kejanggalan.",QRIS_NORMAL_MERCHANT_TERPERCAYA,IDENTITY_MATCH
1073,"Setelah transaksi QRIS berhasil, saya cek notifikasi dan struk digital di perbankan saya. Nama penerima dana berbeda dari nama toko sehingga menimbulkan kecurigaan.",KETIDAKSESUAIAN_IDENTITAS_MERCHANT,IDENTITY_MISMATCH
1074,Nama merchant yang muncul di aplikasi setelah scan QRIS identik dengan nama toko dan tidak ada kejanggalan.,QRIS_NORMAL_MERCHANT_TERPERCAYA,IDENTITY_MATCH
1074,Nama merchant yang muncul di aplikasi setelah scan QRIS berbeda dari nama toko sehingga menimbulkan kecurigaan.,KETIDAKSESUAIAN_IDENTITAS_MERCHANT,IDENTITY_MISMATCH
1075,"Tadi saya bayar pakai QRIS di Boba Fresh Delight. Pembayaran sukses, lalu saat mengecek rincian transaksi di aplikasi, nama merchant yang tercantum benar-benar sesuai dengan nama tempat usaha yang saya datangi.",QRIS_NORMAL_MERCHANT_TERPERCAYA,IDENTITY_MATCH
1075,"Tadi saya bayar pakai QRIS di Boba Fresh Delight. Pembayaran sukses, lalu saat mengecek rincian transaksi di aplikasi, nama merchant yang tercantum sama sekali tidak sesuai dengan nama tempat usaha yang saya datangi.",KETIDAKSESUAIAN_IDENTITAS_MERCHANT,IDENTITY_MISMATCH
1076,Saya memeriksa detail informasi QRIS termasuk NMID dan nama merchant sebelum transfer. Informasi yang tampil di layar HP tepat milik toko ini tanpa ada perbedaan sedikit pun.,QRIS_NORMAL_MERCHANT_TERPERCAYA,IDENTITY_MATCH
1076,Saya memeriksa detail informasi QRIS termasuk NMID dan nama merchant sebelum transfer. Informasi yang tampil di layar HP bukan milik toko ini melainkan atas nama perseorangan.,KETIDAKSESUAIAN_IDENTITAS_MERCHANT,IDENTITY_MISMATCH
1077,B,QRIS_NORMAL_MERCHANT_TERPERCAYA,IDENTITY_MATCH
1077,B,KETIDAKSESUAIAN_IDENTITAS_MERCHANT,IDENTITY_MISMATCH
1078,"Setelah transaksi QRIS berhasil, saya cek notifikasi dan struk digital di perbankan saya. Nama penerima dana tepat milik toko ini tanpa ada perbedaan sedikit pun.",QRIS_NORMAL_MERCHANT_TERPERCAYA,IDENTITY_MATCH
1078,"Setelah transaksi QRIS berhasil, saya cek notifikasi dan struk digital di perbankan saya. Nama penerima dana bukan milik toko ini melainkan atas nama perseorangan.",KETIDAKSESUAIAN_IDENTITAS_MERCHANT,IDENTITY_MISMATCH
1079,"Setelah transaksi QRIS berhasil, saya cek notifikasi dan struk digital di perbankan saya. Nama penerima dana benar-benar sesuai dengan nama tempat usaha yang saya datangi.",QRIS_NORMAL_MERCHANT_TERPERCAYA,IDENTITY_MATCH
1079,"Setelah transaksi QRIS berhasil, saya cek notifikasi dan struk digital di perbankan saya. Nama penerima dana sama sekali tidak sesuai dengan nama tempat usaha yang saya datangi.",KETIDAKSESUAIAN_IDENTITAS_MERCHANT,IDENTITY_MISMATCH
1080,"Tadi saya bayar pakai QRIS di Warung Bu Siti. Pembayaran sukses, lalu saat mengecek rincian transaksi di aplikasi, nama merchant yang tercantum valid dan konsisten dengan identitas resmi merchant.",QRIS_NORMAL_MERCHANT_TERPERCAYA,IDENTITY_MATCH
1080,"Tadi saya bayar pakai QRIS di Warung Bu Siti. Pembayaran sukses, lalu saat mengecek rincian transaksi di aplikasi, nama merchant yang tercantum tidak konsisten dan mengindikasikan rekening pihak ketiga yang mencurigakan.",KETIDAKSESUAIAN_IDENTITAS_MERCHANT,IDENTITY_MISMATCH
1081,"Nominal belanja sudah pas dan saya cek nama merchant di aplikasi pembayaran. Nama penerima identik dengan nama toko dan tidak ada kejanggalan, dan pembayaran selesai lancar.",QRIS_NORMAL_MERCHANT_TERPERCAYA,IDENTITY_MATCH
1081,"Nominal belanja sudah pas dan saya cek nama merchant di aplikasi pembayaran. Nama penerima berbeda dari nama toko sehingga menimbulkan kecurigaan, dan pembayaran selesai lancar.",KETIDAKSESUAIAN_IDENTITAS_MERCHANT,IDENTITY_MISMATCH
1082,B,QRIS_NORMAL_MERCHANT_TERPERCAYA,IDENTITY_MATCH
1082,B,KETIDAKSESUAIAN_IDENTITAS_MERCHANT,IDENTITY_MISMATCH
1083,"Demi keamanan sebelum bayar QRIS, saya memastikan identitas penerima terlebih dahulu. Nama yang terdaftar pada sistem tepat milik toko ini tanpa ada perbedaan sedikit pun.",QRIS_NORMAL_MERCHANT_TERPERCAYA,IDENTITY_MATCH
1083,"Demi keamanan sebelum bayar QRIS, saya memastikan identitas penerima terlebih dahulu. Nama yang terdaftar pada sistem bukan milik toko ini melainkan atas nama perseorangan.",KETIDAKSESUAIAN_IDENTITAS_MERCHANT,IDENTITY_MISMATCH
1084,"Demi keamanan sebelum bayar QRIS, saya memastikan identitas penerima terlebih dahulu. Nama yang terdaftar pada sistem sepenuhnya cocok dengan nama outlet tempat saya belanja.",QRIS_NORMAL_MERCHANT_TERPERCAYA,IDENTITY_MATCH
1084,"Demi keamanan sebelum bayar QRIS, saya memastikan identitas penerima terlebih dahulu. Nama yang terdaftar pada sistem justru tidak cocok dan memunculkan nama pribadi asing.",KETIDAKSESUAIAN_IDENTITAS_MERCHANT,IDENTITY_MISMATCH
1085,"Nominal belanja sudah pas dan saya cek nama merchant di aplikasi pembayaran. Nama penerima cocok dan identik dengan plang nama toko di depan saya, dan pembayaran selesai lancar.",QRIS_NORMAL_MERCHANT_TERPERCAYA,IDENTITY_MATCH
1085,"Nominal belanja sudah pas dan saya cek nama merchant di aplikasi pembayaran. Nama penerima tidak cocok dan berbeda jauh dari plang nama toko di depan saya, dan pembayaran selesai lancar.",KETIDAKSESUAIAN_IDENTITAS_MERCHANT,IDENTITY_MISMATCH
1086,"Sebelum menekan tombol konfirmasi pembayaran QRIS di bengkel motor, saya memeriksa nama penerima di layar aplikasi. Hasil pengecekan menunjukkan nama penerima sesuai dengan nama usaha yang tertera di kasir, dan transaksi berhasil diproses.",QRIS_NORMAL_MERCHANT_TERPERCAYA,IDENTITY_MATCH
1086,"Sebelum menekan tombol konfirmasi pembayaran QRIS di bengkel motor, saya memeriksa nama penerima di layar aplikasi. Hasil pengecekan menunjukkan nama penerima tidak sesuai dengan nama usaha yang tertera di kasir, dan transaksi berhasil diproses.",KETIDAKSESUAIAN_IDENTITAS_MERCHANT,IDENTITY_MISMATCH
1087,"Saat melakukan transaksi QRIS di meja kasir kedai kopi, saya teliti melihat nama penerima transfer pada e-wallet. Ternyata nama merchant tersebut benar terdaftar atas nama merchant tersebut.",QRIS_NORMAL_MERCHANT_TERPERCAYA,IDENTITY_MATCH
1087,"Saat melakukan transaksi QRIS di meja kasir kedai kopi, saya teliti melihat nama penerima transfer pada e-wallet. Ternyata nama merchant tersebut justru tertera nama merchant lain yang sama sekali berbeda.",KETIDAKSESUAIAN_IDENTITAS_MERCHANT,IDENTITY_MISMATCH
1088,"Tadi saya bayar pakai QRIS di Toko Buku Gemilang. Pembayaran sukses, lalu saat mengecek rincian transaksi di aplikasi, nama merchant yang tercantum benar-benar sesuai dengan nama tempat usaha yang saya datangi.",QRIS_NORMAL_MERCHANT_TERPERCAYA,IDENTITY_MATCH
1088,"Tadi saya bayar pakai QRIS di Toko Buku Gemilang. Pembayaran sukses, lalu saat mengecek rincian transaksi di aplikasi, nama merchant yang tercantum sama sekali tidak sesuai dengan nama tempat usaha yang saya datangi.",KETIDAKSESUAIAN_IDENTITAS_MERCHANT,IDENTITY_MISMATCH
1089,"Kasir di Ganteng Barbershop mengarahkan untuk scan barcode QRIS. Saya mencocokkan nama usaha pada aplikasi pembayaran dengan nama toko, dan hasilnya tepat milik toko ini tanpa ada perbedaan sedikit pun.",QRIS_NORMAL_MERCHANT_TERPERCAYA,IDENTITY_MATCH
1089,"Kasir di Ganteng Barbershop mengarahkan untuk scan barcode QRIS. Saya mencocokkan nama usaha pada aplikasi pembayaran dengan nama toko, dan hasilnya bukan milik toko ini melainkan atas nama perseorangan.",KETIDAKSESUAIAN_IDENTITAS_MERCHANT,IDENTITY_MISMATCH
1090,Nama merchant yang muncul di aplikasi setelah scan QRIS sesuai dengan nama usaha yang tertera di kasir.,QRIS_NORMAL_MERCHANT_TERPERCAYA,IDENTITY_MATCH
1090,Nama merchant yang muncul di aplikasi setelah scan QRIS tidak sesuai dengan nama usaha yang tertera di kasir.,KETIDAKSESUAIAN_IDENTITAS_MERCHANT,IDENTITY_MISMATCH
1091,Saya memeriksa detail informasi QRIS termasuk NMID dan nama merchant sebelum transfer. Informasi yang tampil di layar HP identik dengan nama toko dan tidak ada kejanggalan.,QRIS_NORMAL_MERCHANT_TERPERCAYA,IDENTITY_MATCH
1091,Saya memeriksa detail informasi QRIS termasuk NMID dan nama merchant sebelum transfer. Informasi yang tampil di layar HP berbeda dari nama toko sehingga menimbulkan kecurigaan.,KETIDAKSESUAIAN_IDENTITAS_MERCHANT,IDENTITY_MISMATCH
1092,Nama merchant yang muncul di aplikasi setelah scan QRIS sesuai dengan nama usaha yang tertera di kasir.,QRIS_NORMAL_MERCHANT_TERPERCAYA,IDENTITY_MATCH
1092,Nama merchant yang muncul di aplikasi setelah scan QRIS tidak sesuai dengan nama usaha yang tertera di kasir.,KETIDAKSESUAIAN_IDENTITAS_MERCHANT,IDENTITY_MISMATCH
1093,"Demi keamanan sebelum bayar QRIS, saya memastikan identitas penerima terlebih dahulu. Nama yang terdaftar pada sistem sesuai dengan nama usaha yang tertera di kasir.",QRIS_NORMAL_MERCHANT_TERPERCAYA,IDENTITY_MATCH
1093,"Demi keamanan sebelum bayar QRIS, saya memastikan identitas penerima terlebih dahulu. Nama yang terdaftar pada sistem tidak sesuai dengan nama usaha yang tertera di kasir.",KETIDAKSESUAIAN_IDENTITAS_MERCHANT,IDENTITY_MISMATCH
1094,"Tadi saya bayar pakai QRIS di Bengkel Maju Lancar. Pembayaran sukses, lalu saat mengecek rincian transaksi di aplikasi, nama merchant yang tercantum valid dan konsisten dengan identitas resmi merchant.",QRIS_NORMAL_MERCHANT_TERPERCAYA,IDENTITY_MATCH
1094,"Tadi saya bayar pakai QRIS di Bengkel Maju Lancar. Pembayaran sukses, lalu saat mengecek rincian transaksi di aplikasi, nama merchant yang tercantum tidak konsisten dan mengindikasikan rekening pihak ketiga yang mencurigakan.",KETIDAKSESUAIAN_IDENTITAS_MERCHANT,IDENTITY_MISMATCH
1095,"Tadi saya bayar pakai QRIS di Warung Bu Siti. Pembayaran sukses, lalu saat mengecek rincian transaksi di aplikasi, nama merchant yang tercantum sama persis dengan nama toko tempat saya berbelanja.",QRIS_NORMAL_MERCHANT_TERPERCAYA,IDENTITY_MATCH
1095,"Tadi saya bayar pakai QRIS di Warung Bu Siti. Pembayaran sukses, lalu saat mengecek rincian transaksi di aplikasi, nama merchant yang tercantum berbeda dengan nama toko tempat saya berbelanja.",KETIDAKSESUAIAN_IDENTITAS_MERCHANT,IDENTITY_MISMATCH
1096,Nama merchant yang muncul di aplikasi setelah scan QRIS benar-benar sesuai dengan nama tempat usaha yang saya datangi.,QRIS_NORMAL_MERCHANT_TERPERCAYA,IDENTITY_MATCH
1096,Nama merchant yang muncul di aplikasi setelah scan QRIS sama sekali tidak sesuai dengan nama tempat usaha yang saya datangi.,KETIDAKSESUAIAN_IDENTITAS_MERCHANT,IDENTITY_MISMATCH
1097,"Kasir di Toko Buah Segar Mandiri mengarahkan untuk scan barcode QRIS. Saya mencocokkan nama usaha pada aplikasi pembayaran dengan nama toko, dan hasilnya memang resmi atas nama gerai tersebut.",QRIS_NORMAL_MERCHANT_TERPERCAYA,IDENTITY_MATCH
1097,"Kasir di Toko Buah Segar Mandiri mengarahkan untuk scan barcode QRIS. Saya mencocokkan nama usaha pada aplikasi pembayaran dengan nama toko, dan hasilnya malah mengarah ke rekening pribadi orang lain yang tidak dikenal.",KETIDAKSESUAIAN_IDENTITAS_MERCHANT,IDENTITY_MISMATCH
1098,"Kasir di Rumah Makan Sederhana Minang mengarahkan untuk scan barcode QRIS. Saya mencocokkan nama usaha pada aplikasi pembayaran dengan nama toko, dan hasilnya identik dengan nama toko dan tidak ada kejanggalan.",QRIS_NORMAL_MERCHANT_TERPERCAYA,IDENTITY_MATCH
1098,"Kasir di Rumah Makan Sederhana Minang mengarahkan untuk scan barcode QRIS. Saya mencocokkan nama usaha pada aplikasi pembayaran dengan nama toko, dan hasilnya berbeda dari nama toko sehingga menimbulkan kecurigaan.",KETIDAKSESUAIAN_IDENTITAS_MERCHANT,IDENTITY_MISMATCH
1099,Nama merchant yang muncul di aplikasi setelah scan QRIS identik dengan nama toko dan tidak ada kejanggalan.,QRIS_NORMAL_MERCHANT_TERPERCAYA,IDENTITY_MATCH
1099,Nama merchant yang muncul di aplikasi setelah scan QRIS berbeda dari nama toko sehingga menimbulkan kecurigaan.,KETIDAKSESUAIAN_IDENTITAS_MERCHANT,IDENTITY_MISMATCH
1100,"Demi keamanan sebelum bayar QRIS, saya memastikan identitas penerima terlebih dahulu. Nama yang terdaftar pada sistem memang resmi atas nama gerai tersebut.",QRIS_NORMAL_MERCHANT_TERPERCAYA,IDENTITY_MATCH
1100,"Demi keamanan sebelum bayar QRIS, saya memastikan identitas penerima terlebih dahulu. Nama yang terdaftar pada sistem malah mengarah ke rekening pribadi orang lain yang tidak dikenal.",KETIDAKSESUAIAN_IDENTITAS_MERCHANT,IDENTITY_MISMATCH
1101,"Setelah transaksi QRIS berhasil, saya cek notifikasi dan struk digital di perbankan saya. Nama penerima dana cocok dan identik dengan plang nama toko di depan saya.",QRIS_NORMAL_MERCHANT_TERPERCAYA,IDENTITY_MATCH
1101,"Setelah transaksi QRIS berhasil, saya cek notifikasi dan struk digital di perbankan saya. Nama penerima dana tidak cocok dan berbeda jauh dari plang nama toko di depan saya.",KETIDAKSESUAIAN_IDENTITAS_MERCHANT,IDENTITY_MISMATCH
1102,"Setelah transaksi QRIS berhasil, saya cek notifikasi dan struk digital di perbankan saya. Nama penerima dana benar terdaftar atas nama merchant tersebut.",QRIS_NORMAL_MERCHANT_TERPERCAYA,IDENTITY_MATCH
1102,"Setelah transaksi QRIS berhasil, saya cek notifikasi dan struk digital di perbankan saya. Nama penerima dana justru tertera nama merchant lain yang sama sekali berbeda.",KETIDAKSESUAIAN_IDENTITAS_MERCHANT,IDENTITY_MISMATCH
1103,B,QRIS_NORMAL_MERCHANT_TERPERCAYA,IDENTITY_MATCH
1103,B,KETIDAKSESUAIAN_IDENTITAS_MERCHANT,IDENTITY_MISMATCH
1104,B,QRIS_NORMAL_MERCHANT_TERPERCAYA,IDENTITY_MATCH
1104,B,KETIDAKSESUAIAN_IDENTITAS_MERCHANT,IDENTITY_MISMATCH
1105,"Sebelum menekan tombol konfirmasi pembayaran QRIS di laundry, saya memeriksa nama penerima di layar aplikasi. Hasil pengecekan menunjukkan nama penerima memang resmi atas nama gerai tersebut, dan transaksi berhasil diproses.",QRIS_NORMAL_MERCHANT_TERPERCAYA,IDENTITY_MATCH
1105,"Sebelum menekan tombol konfirmasi pembayaran QRIS di laundry, saya memeriksa nama penerima di layar aplikasi. Hasil pengecekan menunjukkan nama penerima malah mengarah ke rekening pribadi orang lain yang tidak dikenal, dan transaksi berhasil diproses.",KETIDAKSESUAIAN_IDENTITAS_MERCHANT,IDENTITY_MISMATCH
1106,"Saat melakukan transaksi QRIS di meja kasir apotek, saya teliti melihat nama penerima transfer pada e-wallet. Ternyata nama merchant tersebut benar-benar sesuai dengan nama tempat usaha yang saya datangi.",QRIS_NORMAL_MERCHANT_TERPERCAYA,IDENTITY_MATCH
1106,"Saat melakukan transaksi QRIS di meja kasir apotek, saya teliti melihat nama penerima transfer pada e-wallet. Ternyata nama merchant tersebut sama sekali tidak sesuai dengan nama tempat usaha yang saya datangi.",KETIDAKSESUAIAN_IDENTITAS_MERCHANT,IDENTITY_MISMATCH
1107,"Tadi saya bayar pakai QRIS di Boba Fresh Delight. Pembayaran sukses, lalu saat mengecek rincian transaksi di aplikasi, nama merchant yang tercantum identik dengan nama toko dan tidak ada kejanggalan.",QRIS_NORMAL_MERCHANT_TERPERCAYA,IDENTITY_MATCH
1107,"Tadi saya bayar pakai QRIS di Boba Fresh Delight. Pembayaran sukses, lalu saat mengecek rincian transaksi di aplikasi, nama merchant yang tercantum berbeda dari nama toko sehingga menimbulkan kecurigaan.",KETIDAKSESUAIAN_IDENTITAS_MERCHANT,IDENTITY_MISMATCH
1108,Nama merchant yang muncul di aplikasi setelah scan QRIS tepat milik toko ini tanpa ada perbedaan sedikit pun.,QRIS_NORMAL_MERCHANT_TERPERCAYA,IDENTITY_MATCH
1108,Nama merchant yang muncul di aplikasi setelah scan QRIS bukan milik toko ini melainkan atas nama perseorangan.,KETIDAKSESUAIAN_IDENTITAS_MERCHANT,IDENTITY_MISMATCH
1109,"Demi keamanan sebelum bayar QRIS, saya memastikan identitas penerima terlebih dahulu. Nama yang terdaftar pada sistem benar-benar sesuai dengan nama tempat usaha yang saya datangi.",QRIS_NORMAL_MERCHANT_TERPERCAYA,IDENTITY_MATCH
1109,"Demi keamanan sebelum bayar QRIS, saya memastikan identitas penerima terlebih dahulu. Nama yang terdaftar pada sistem sama sekali tidak sesuai dengan nama tempat usaha yang saya datangi.",KETIDAKSESUAIAN_IDENTITAS_MERCHANT,IDENTITY_MISMATCH
1110,"Demi keamanan sebelum bayar QRIS, saya memastikan identitas penerima terlebih dahulu. Nama yang terdaftar pada sistem identik dengan nama toko dan tidak ada kejanggalan.",QRIS_NORMAL_MERCHANT_TERPERCAYA,IDENTITY_MATCH
1110,"Demi keamanan sebelum bayar QRIS, saya memastikan identitas penerima terlebih dahulu. Nama yang terdaftar pada sistem berbeda dari nama toko sehingga menimbulkan kecurigaan.",KETIDAKSESUAIAN_IDENTITAS_MERCHANT,IDENTITY_MISMATCH
1111,Nama merchant yang muncul di aplikasi setelah scan QRIS sepenuhnya cocok dengan nama outlet tempat saya belanja.,QRIS_NORMAL_MERCHANT_TERPERCAYA,IDENTITY_MATCH
1111,Nama merchant yang muncul di aplikasi setelah scan QRIS justru tidak cocok dan memunculkan nama pribadi asing.,KETIDAKSESUAIAN_IDENTITAS_MERCHANT,IDENTITY_MISMATCH
1112,B,QRIS_NORMAL_MERCHANT_TERPERCAYA,IDENTITY_MATCH
1112,B,KETIDAKSESUAIAN_IDENTITAS_MERCHANT,IDENTITY_MISMATCH
1113,"Tadi saya bayar pakai QRIS di Boba Fresh Delight. Pembayaran sukses, lalu saat mengecek rincian transaksi di aplikasi, nama merchant yang tercantum tepat milik toko ini tanpa ada perbedaan sedikit pun.",QRIS_NORMAL_MERCHANT_TERPERCAYA,IDENTITY_MATCH
1113,"Tadi saya bayar pakai QRIS di Boba Fresh Delight. Pembayaran sukses, lalu saat mengecek rincian transaksi di aplikasi, nama merchant yang tercantum bukan milik toko ini melainkan atas nama perseorangan.",KETIDAKSESUAIAN_IDENTITAS_MERCHANT,IDENTITY_MISMATCH
1114,"Demi keamanan sebelum bayar QRIS, saya memastikan identitas penerima terlebih dahulu. Nama yang terdaftar pada sistem sepenuhnya cocok dengan nama outlet tempat saya belanja.",QRIS_NORMAL_MERCHANT_TERPERCAYA,IDENTITY_MATCH
1114,"Demi keamanan sebelum bayar QRIS, saya memastikan identitas penerima terlebih dahulu. Nama yang terdaftar pada sistem justru tidak cocok dan memunculkan nama pribadi asing.",KETIDAKSESUAIAN_IDENTITAS_MERCHANT,IDENTITY_MISMATCH
1115,"Saat melakukan transaksi QRIS di meja kasir toko kelontong, saya teliti melihat nama penerima transfer pada e-wallet. Ternyata nama merchant tersebut sepenuhnya cocok dengan nama outlet tempat saya belanja.",QRIS_NORMAL_MERCHANT_TERPERCAYA,IDENTITY_MATCH
1115,"Saat melakukan transaksi QRIS di meja kasir toko kelontong, saya teliti melihat nama penerima transfer pada e-wallet. Ternyata nama merchant tersebut justru tidak cocok dan memunculkan nama pribadi asing.",KETIDAKSESUAIAN_IDENTITAS_MERCHANT,IDENTITY_MISMATCH
1116,"Tadi saya bayar pakai QRIS di Boba Fresh Delight. Pembayaran sukses, lalu saat mengecek rincian transaksi di aplikasi, nama merchant yang tercantum cocok dan identik dengan plang nama toko di depan saya.",QRIS_NORMAL_MERCHANT_TERPERCAYA,IDENTITY_MATCH
1116,"Tadi saya bayar pakai QRIS di Boba Fresh Delight. Pembayaran sukses, lalu saat mengecek rincian transaksi di aplikasi, nama merchant yang tercantum tidak cocok dan berbeda jauh dari plang nama toko di depan saya.",KETIDAKSESUAIAN_IDENTITAS_MERCHANT,IDENTITY_MISMATCH
1117,"Tadi saya bayar pakai QRIS di Bengkel Maju Lancar. Pembayaran sukses, lalu saat mengecek rincian transaksi di aplikasi, nama merchant yang tercantum memang resmi atas nama gerai tersebut.",QRIS_NORMAL_MERCHANT_TERPERCAYA,IDENTITY_MATCH
1117,"Tadi saya bayar pakai QRIS di Bengkel Maju Lancar. Pembayaran sukses, lalu saat mengecek rincian transaksi di aplikasi, nama merchant yang tercantum malah mengarah ke rekening pribadi orang lain yang tidak dikenal.",KETIDAKSESUAIAN_IDENTITAS_MERCHANT,IDENTITY_MISMATCH
1118,"Tadi saya bayar pakai QRIS di Minimarket Barokah. Pembayaran sukses, lalu saat mengecek rincian transaksi di aplikasi, nama merchant yang tercantum cocok dan identik dengan plang nama toko di depan saya.",QRIS_NORMAL_MERCHANT_TERPERCAYA,IDENTITY_MATCH
1118,"Tadi saya bayar pakai QRIS di Minimarket Barokah. Pembayaran sukses, lalu saat mengecek rincian transaksi di aplikasi, nama merchant yang tercantum tidak cocok dan berbeda jauh dari plang nama toko di depan saya.",KETIDAKSESUAIAN_IDENTITAS_MERCHANT,IDENTITY_MISMATCH
1119,"Kasir di Bengkel Maju Lancar mengarahkan untuk scan barcode QRIS. Saya mencocokkan nama usaha pada aplikasi pembayaran dengan nama toko, dan hasilnya identik dengan nama toko dan tidak ada kejanggalan.",QRIS_NORMAL_MERCHANT_TERPERCAYA,IDENTITY_MATCH
1119,"Kasir di Bengkel Maju Lancar mengarahkan untuk scan barcode QRIS. Saya mencocokkan nama usaha pada aplikasi pembayaran dengan nama toko, dan hasilnya berbeda dari nama toko sehingga menimbulkan kecurigaan.",KETIDAKSESUAIAN_IDENTITAS_MERCHANT,IDENTITY_MISMATCH
1120,"Setelah transaksi QRIS berhasil, saya cek notifikasi dan struk digital di perbankan saya. Nama penerima dana sepenuhnya cocok dengan nama outlet tempat saya belanja.",QRIS_NORMAL_MERCHANT_TERPERCAYA,IDENTITY_MATCH
1120,"Setelah transaksi QRIS berhasil, saya cek notifikasi dan struk digital di perbankan saya. Nama penerima dana justru tidak cocok dan memunculkan nama pribadi asing.",KETIDAKSESUAIAN_IDENTITAS_MERCHANT,IDENTITY_MISMATCH
1121,B,QRIS_NORMAL_MERCHANT_TERPERCAYA,IDENTITY_MATCH
1121,B,KETIDAKSESUAIAN_IDENTITAS_MERCHANT,IDENTITY_MISMATCH
1122,"Kasir di Laundry Wangi Bersih mengarahkan untuk scan barcode QRIS. Saya mencocokkan nama usaha pada aplikasi pembayaran dengan nama toko, dan hasilnya sesuai dengan nama usaha yang tertera di kasir.",QRIS_NORMAL_MERCHANT_TERPERCAYA,IDENTITY_MATCH
1122,"Kasir di Laundry Wangi Bersih mengarahkan untuk scan barcode QRIS. Saya mencocokkan nama usaha pada aplikasi pembayaran dengan nama toko, dan hasilnya tidak sesuai dengan nama usaha yang tertera di kasir.",KETIDAKSESUAIAN_IDENTITAS_MERCHANT,IDENTITY_MISMATCH
1123,"Nominal belanja sudah pas dan saya cek nama merchant di aplikasi pembayaran. Nama penerima cocok dan identik dengan plang nama toko di depan saya, dan pembayaran selesai lancar.",QRIS_NORMAL_MERCHANT_TERPERCAYA,IDENTITY_MATCH
1123,"Nominal belanja sudah pas dan saya cek nama merchant di aplikasi pembayaran. Nama penerima tidak cocok dan berbeda jauh dari plang nama toko di depan saya, dan pembayaran selesai lancar.",KETIDAKSESUAIAN_IDENTITAS_MERCHANT,IDENTITY_MISMATCH
1124,"Kasir di Rumah Makan Sederhana Minang mengarahkan untuk scan barcode QRIS. Saya mencocokkan nama usaha pada aplikasi pembayaran dengan nama toko, dan hasilnya sesuai dengan nama usaha yang tertera di kasir.",QRIS_NORMAL_MERCHANT_TERPERCAYA,IDENTITY_MATCH
1124,"Kasir di Rumah Makan Sederhana Minang mengarahkan untuk scan barcode QRIS. Saya mencocokkan nama usaha pada aplikasi pembayaran dengan nama toko, dan hasilnya tidak sesuai dengan nama usaha yang tertera di kasir.",KETIDAKSESUAIAN_IDENTITAS_MERCHANT,IDENTITY_MISMATCH
1125,"Kasir di Minimarket Barokah mengarahkan untuk scan barcode QRIS. Saya mencocokkan nama usaha pada aplikasi pembayaran dengan nama toko, dan hasilnya cocok dan identik dengan plang nama toko di depan saya.",QRIS_NORMAL_MERCHANT_TERPERCAYA,IDENTITY_MATCH
1125,"Kasir di Minimarket Barokah mengarahkan untuk scan barcode QRIS. Saya mencocokkan nama usaha pada aplikasi pembayaran dengan nama toko, dan hasilnya tidak cocok dan berbeda jauh dari plang nama toko di depan saya.",KETIDAKSESUAIAN_IDENTITAS_MERCHANT,IDENTITY_MISMATCH
1126,"Demi keamanan sebelum bayar QRIS, saya memastikan identitas penerima terlebih dahulu. Nama yang terdaftar pada sistem sepenuhnya cocok dengan nama outlet tempat saya belanja.",QRIS_NORMAL_MERCHANT_TERPERCAYA,IDENTITY_MATCH
1126,"Demi keamanan sebelum bayar QRIS, saya memastikan identitas penerima terlebih dahulu. Nama yang terdaftar pada sistem justru tidak cocok dan memunculkan nama pribadi asing.",KETIDAKSESUAIAN_IDENTITAS_MERCHANT,IDENTITY_MISMATCH
1127,Nama merchant yang muncul di aplikasi setelah scan QRIS sama persis dengan nama toko tempat saya berbelanja.,QRIS_NORMAL_MERCHANT_TERPERCAYA,IDENTITY_MATCH
1127,Nama merchant yang muncul di aplikasi setelah scan QRIS berbeda dengan nama toko tempat saya berbelanja.,KETIDAKSESUAIAN_IDENTITAS_MERCHANT,IDENTITY_MISMATCH
1128,"Kasir di Counter Cahaya Cell mengarahkan untuk scan barcode QRIS. Saya mencocokkan nama usaha pada aplikasi pembayaran dengan nama toko, dan hasilnya memang resmi atas nama gerai tersebut.",QRIS_NORMAL_MERCHANT_TERPERCAYA,IDENTITY_MATCH
1128,"Kasir di Counter Cahaya Cell mengarahkan untuk scan barcode QRIS. Saya mencocokkan nama usaha pada aplikasi pembayaran dengan nama toko, dan hasilnya malah mengarah ke rekening pribadi orang lain yang tidak dikenal.",KETIDAKSESUAIAN_IDENTITAS_MERCHANT,IDENTITY_MISMATCH
1129,"Setelah transaksi QRIS berhasil, saya cek notifikasi dan struk digital di perbankan saya. Nama penerima dana identik dengan nama toko dan tidak ada kejanggalan.",QRIS_NORMAL_MERCHANT_TERPERCAYA,IDENTITY_MATCH
1129,"Setelah transaksi QRIS berhasil, saya cek notifikasi dan struk digital di perbankan saya. Nama penerima dana berbeda dari nama toko sehingga menimbulkan kecurigaan.",KETIDAKSESUAIAN_IDENTITAS_MERCHANT,IDENTITY_MISMATCH
1130,"Demi keamanan sebelum bayar QRIS, saya memastikan identitas penerima terlebih dahulu. Nama yang terdaftar pada sistem benar terdaftar atas nama merchant tersebut.",QRIS_NORMAL_MERCHANT_TERPERCAYA,IDENTITY_MATCH
1130,"Demi keamanan sebelum bayar QRIS, saya memastikan identitas penerima terlebih dahulu. Nama yang terdaftar pada sistem justru tertera nama merchant lain yang sama sekali berbeda.",KETIDAKSESUAIAN_IDENTITAS_MERCHANT,IDENTITY_MISMATCH
1131,"Demi keamanan sebelum bayar QRIS, saya memastikan identitas penerima terlebih dahulu. Nama yang terdaftar pada sistem benar terdaftar atas nama merchant tersebut.",QRIS_NORMAL_MERCHANT_TERPERCAYA,IDENTITY_MATCH
1131,"Demi keamanan sebelum bayar QRIS, saya memastikan identitas penerima terlebih dahulu. Nama yang terdaftar pada sistem justru tertera nama merchant lain yang sama sekali berbeda.",KETIDAKSESUAIAN_IDENTITAS_MERCHANT,IDENTITY_MISMATCH
1132,"Demi keamanan sebelum bayar QRIS, saya memastikan identitas penerima terlebih dahulu. Nama yang terdaftar pada sistem sesuai dengan nama usaha yang tertera di kasir.",QRIS_NORMAL_MERCHANT_TERPERCAYA,IDENTITY_MATCH
1132,"Demi keamanan sebelum bayar QRIS, saya memastikan identitas penerima terlebih dahulu. Nama yang terdaftar pada sistem tidak sesuai dengan nama usaha yang tertera di kasir.",KETIDAKSESUAIAN_IDENTITAS_MERCHANT,IDENTITY_MISMATCH
1133,"Tadi saya bayar pakai QRIS di Toko Berkah Jaya. Pembayaran sukses, lalu saat mengecek rincian transaksi di aplikasi, nama merchant yang tercantum sepenuhnya cocok dengan nama outlet tempat saya belanja.",QRIS_NORMAL_MERCHANT_TERPERCAYA,IDENTITY_MATCH
1133,"Tadi saya bayar pakai QRIS di Toko Berkah Jaya. Pembayaran sukses, lalu saat mengecek rincian transaksi di aplikasi, nama merchant yang tercantum justru tidak cocok dan memunculkan nama pribadi asing.",KETIDAKSESUAIAN_IDENTITAS_MERCHANT,IDENTITY_MISMATCH
1134,Saya memeriksa detail informasi QRIS termasuk NMID dan nama merchant sebelum transfer. Informasi yang tampil di layar HP valid dan konsisten dengan identitas resmi merchant.,QRIS_NORMAL_MERCHANT_TERPERCAYA,IDENTITY_MATCH
1134,Saya memeriksa detail informasi QRIS termasuk NMID dan nama merchant sebelum transfer. Informasi yang tampil di layar HP tidak konsisten dan mengindikasikan rekening pihak ketiga yang mencurigakan.,KETIDAKSESUAIAN_IDENTITAS_MERCHANT,IDENTITY_MISMATCH
1135,"Saat melakukan transaksi QRIS di meja kasir warung makan, saya teliti melihat nama penerima transfer pada e-wallet. Ternyata nama merchant tersebut memang resmi atas nama gerai tersebut.",QRIS_NORMAL_MERCHANT_TERPERCAYA,IDENTITY_MATCH
1135,"Saat melakukan transaksi QRIS di meja kasir warung makan, saya teliti melihat nama penerima transfer pada e-wallet. Ternyata nama merchant tersebut malah mengarah ke rekening pribadi orang lain yang tidak dikenal.",KETIDAKSESUAIAN_IDENTITAS_MERCHANT,IDENTITY_MISMATCH
1136,"Saat melakukan transaksi QRIS di meja kasir restoran padang, saya teliti melihat nama penerima transfer pada e-wallet. Ternyata nama merchant tersebut cocok dan identik dengan plang nama toko di depan saya.",QRIS_NORMAL_MERCHANT_TERPERCAYA,IDENTITY_MATCH
1136,"Saat melakukan transaksi QRIS di meja kasir restoran padang, saya teliti melihat nama penerima transfer pada e-wallet. Ternyata nama merchant tersebut tidak cocok dan berbeda jauh dari plang nama toko di depan saya.",KETIDAKSESUAIAN_IDENTITAS_MERCHANT,IDENTITY_MISMATCH
1137,"Demi keamanan sebelum bayar QRIS, saya memastikan identitas penerima terlebih dahulu. Nama yang terdaftar pada sistem sepenuhnya cocok dengan nama outlet tempat saya belanja.",QRIS_NORMAL_MERCHANT_TERPERCAYA,IDENTITY_MATCH
1137,"Demi keamanan sebelum bayar QRIS, saya memastikan identitas penerima terlebih dahulu. Nama yang terdaftar pada sistem justru tidak cocok dan memunculkan nama pribadi asing.",KETIDAKSESUAIAN_IDENTITAS_MERCHANT,IDENTITY_MISMATCH
1138,"Demi keamanan sebelum bayar QRIS, saya memastikan identitas penerima terlebih dahulu. Nama yang terdaftar pada sistem identik dengan nama toko dan tidak ada kejanggalan.",QRIS_NORMAL_MERCHANT_TERPERCAYA,IDENTITY_MATCH
1138,"Demi keamanan sebelum bayar QRIS, saya memastikan identitas penerima terlebih dahulu. Nama yang terdaftar pada sistem berbeda dari nama toko sehingga menimbulkan kecurigaan.",KETIDAKSESUAIAN_IDENTITAS_MERCHANT,IDENTITY_MISMATCH
1139,"Tadi saya bayar pakai QRIS di Rumah Makan Sederhana Minang. Pembayaran sukses, lalu saat mengecek rincian transaksi di aplikasi, nama merchant yang tercantum sepenuhnya cocok dengan nama outlet tempat saya belanja.",QRIS_NORMAL_MERCHANT_TERPERCAYA,IDENTITY_MATCH
1139,"Tadi saya bayar pakai QRIS di Rumah Makan Sederhana Minang. Pembayaran sukses, lalu saat mengecek rincian transaksi di aplikasi, nama merchant yang tercantum justru tidak cocok dan memunculkan nama pribadi asing.",KETIDAKSESUAIAN_IDENTITAS_MERCHANT,IDENTITY_MISMATCH
1140,"Saat melakukan transaksi QRIS di meja kasir kedai kopi, saya teliti melihat nama penerima transfer pada e-wallet. Ternyata nama merchant tersebut identik dengan nama toko dan tidak ada kejanggalan.",QRIS_NORMAL_MERCHANT_TERPERCAYA,IDENTITY_MATCH
1140,"Saat melakukan transaksi QRIS di meja kasir kedai kopi, saya teliti melihat nama penerima transfer pada e-wallet. Ternyata nama merchant tersebut berbeda dari nama toko sehingga menimbulkan kecurigaan.",KETIDAKSESUAIAN_IDENTITAS_MERCHANT,IDENTITY_MISMATCH
1141,Nama merchant yang muncul di aplikasi setelah scan QRIS identik dengan nama toko dan tidak ada kejanggalan.,QRIS_NORMAL_MERCHANT_TERPERCAYA,IDENTITY_MATCH
1141,Nama merchant yang muncul di aplikasi setelah scan QRIS berbeda dari nama toko sehingga menimbulkan kecurigaan.,KETIDAKSESUAIAN_IDENTITAS_MERCHANT,IDENTITY_MISMATCH
1142,"Sebelum menekan tombol konfirmasi pembayaran QRIS di barbershop, saya memeriksa nama penerima di layar aplikasi. Hasil pengecekan menunjukkan nama penerima sesuai dengan nama usaha yang tertera di kasir, dan transaksi berhasil diproses.",QRIS_NORMAL_MERCHANT_TERPERCAYA,IDENTITY_MATCH
1142,"Sebelum menekan tombol konfirmasi pembayaran QRIS di barbershop, saya memeriksa nama penerima di layar aplikasi. Hasil pengecekan menunjukkan nama penerima tidak sesuai dengan nama usaha yang tertera di kasir, dan transaksi berhasil diproses.",KETIDAKSESUAIAN_IDENTITAS_MERCHANT,IDENTITY_MISMATCH
1143,Saya memeriksa detail informasi QRIS termasuk NMID dan nama merchant sebelum transfer. Informasi yang tampil di layar HP benar terdaftar atas nama merchant tersebut.,QRIS_NORMAL_MERCHANT_TERPERCAYA,IDENTITY_MATCH
1143,Saya memeriksa detail informasi QRIS termasuk NMID dan nama merchant sebelum transfer. Informasi yang tampil di layar HP justru tertera nama merchant lain yang sama sekali berbeda.,KETIDAKSESUAIAN_IDENTITAS_MERCHANT,IDENTITY_MISMATCH
1144,Saya memeriksa detail informasi QRIS termasuk NMID dan nama merchant sebelum transfer. Informasi yang tampil di layar HP valid dan konsisten dengan identitas resmi merchant.,QRIS_NORMAL_MERCHANT_TERPERCAYA,IDENTITY_MATCH
1144,Saya memeriksa detail informasi QRIS termasuk NMID dan nama merchant sebelum transfer. Informasi yang tampil di layar HP tidak konsisten dan mengindikasikan rekening pihak ketiga yang mencurigakan.,KETIDAKSESUAIAN_IDENTITAS_MERCHANT,IDENTITY_MISMATCH
1145,"Sebelum menekan tombol konfirmasi pembayaran QRIS di barbershop, saya memeriksa nama penerima di layar aplikasi. Hasil pengecekan menunjukkan nama penerima sesuai dengan nama usaha yang tertera di kasir, dan transaksi berhasil diproses.",QRIS_NORMAL_MERCHANT_TERPERCAYA,IDENTITY_MATCH
1145,"Sebelum menekan tombol konfirmasi pembayaran QRIS di barbershop, saya memeriksa nama penerima di layar aplikasi. Hasil pengecekan menunjukkan nama penerima tidak sesuai dengan nama usaha yang tertera di kasir, dan transaksi berhasil diproses.",KETIDAKSESUAIAN_IDENTITAS_MERCHANT,IDENTITY_MISMATCH
1146,Nama merchant yang muncul di aplikasi setelah scan QRIS benar-benar sesuai dengan nama tempat usaha yang saya datangi.,QRIS_NORMAL_MERCHANT_TERPERCAYA,IDENTITY_MATCH
1146,Nama merchant yang muncul di aplikasi setelah scan QRIS sama sekali tidak sesuai dengan nama tempat usaha yang saya datangi.,KETIDAKSESUAIAN_IDENTITAS_MERCHANT,IDENTITY_MISMATCH
1147,"Tadi saya bayar pakai QRIS di Counter Cahaya Cell. Pembayaran sukses, lalu saat mengecek rincian transaksi di aplikasi, nama merchant yang tercantum memang resmi atas nama gerai tersebut.",QRIS_NORMAL_MERCHANT_TERPERCAYA,IDENTITY_MATCH
1147,"Tadi saya bayar pakai QRIS di Counter Cahaya Cell. Pembayaran sukses, lalu saat mengecek rincian transaksi di aplikasi, nama merchant yang tercantum malah mengarah ke rekening pribadi orang lain yang tidak dikenal.",KETIDAKSESUAIAN_IDENTITAS_MERCHANT,IDENTITY_MISMATCH
1148,B,QRIS_NORMAL_MERCHANT_TERPERCAYA,IDENTITY_MATCH
1148,B,KETIDAKSESUAIAN_IDENTITAS_MERCHANT,IDENTITY_MISMATCH
1149,B,QRIS_NORMAL_MERCHANT_TERPERCAYA,IDENTITY_MATCH
1149,B,KETIDAKSESUAIAN_IDENTITAS_MERCHANT,IDENTITY_MISMATCH
1150,B,QRIS_NORMAL_MERCHANT_TERPERCAYA,IDENTITY_MATCH
1150,B,KETIDAKSESUAIAN_IDENTITAS_MERCHANT,IDENTITY_MISMATCH
1151,Saya memeriksa detail informasi QRIS termasuk NMID dan nama merchant sebelum transfer. Informasi yang tampil di layar HP memang resmi atas nama gerai tersebut.,QRIS_NORMAL_MERCHANT_TERPERCAYA,IDENTITY_MATCH
1151,Saya memeriksa detail informasi QRIS termasuk NMID dan nama merchant sebelum transfer. Informasi yang tampil di layar HP malah mengarah ke rekening pribadi orang lain yang tidak dikenal.,KETIDAKSESUAIAN_IDENTITAS_MERCHANT,IDENTITY_MISMATCH
1152,"Sebelum menekan tombol konfirmasi pembayaran QRIS di toko pakaian, saya memeriksa nama penerima di layar aplikasi. Hasil pengecekan menunjukkan nama penerima sepenuhnya cocok dengan nama outlet tempat saya belanja, dan transaksi berhasil diproses.",QRIS_NORMAL_MERCHANT_TERPERCAYA,IDENTITY_MATCH
1152,"Sebelum menekan tombol konfirmasi pembayaran QRIS di toko pakaian, saya memeriksa nama penerima di layar aplikasi. Hasil pengecekan menunjukkan nama penerima justru tidak cocok dan memunculkan nama pribadi asing, dan transaksi berhasil diproses.",KETIDAKSESUAIAN_IDENTITAS_MERCHANT,IDENTITY_MISMATCH
1153,"Nominal belanja sudah pas dan saya cek nama merchant di aplikasi pembayaran. Nama penerima valid dan konsisten dengan identitas resmi merchant, dan pembayaran selesai lancar.",QRIS_NORMAL_MERCHANT_TERPERCAYA,IDENTITY_MATCH
1153,"Nominal belanja sudah pas dan saya cek nama merchant di aplikasi pembayaran. Nama penerima tidak konsisten dan mengindikasikan rekening pihak ketiga yang mencurigakan, dan pembayaran selesai lancar.",KETIDAKSESUAIAN_IDENTITAS_MERCHANT,IDENTITY_MISMATCH
1154,"Nominal belanja sudah pas dan saya cek nama merchant di aplikasi pembayaran. Nama penerima cocok dan identik dengan plang nama toko di depan saya, dan pembayaran selesai lancar.",QRIS_NORMAL_MERCHANT_TERPERCAYA,IDENTITY_MATCH
1154,"Nominal belanja sudah pas dan saya cek nama merchant di aplikasi pembayaran. Nama penerima tidak cocok dan berbeda jauh dari plang nama toko di depan saya, dan pembayaran selesai lancar.",KETIDAKSESUAIAN_IDENTITAS_MERCHANT,IDENTITY_MISMATCH
1155,"Saat melakukan transaksi QRIS di meja kasir bengkel motor, saya teliti melihat nama penerima transfer pada e-wallet. Ternyata nama merchant tersebut valid dan konsisten dengan identitas resmi merchant.",QRIS_NORMAL_MERCHANT_TERPERCAYA,IDENTITY_MATCH
1155,"Saat melakukan transaksi QRIS di meja kasir bengkel motor, saya teliti melihat nama penerima transfer pada e-wallet. Ternyata nama merchant tersebut tidak konsisten dan mengindikasikan rekening pihak ketiga yang mencurigakan.",KETIDAKSESUAIAN_IDENTITAS_MERCHANT,IDENTITY_MISMATCH
1156,"Saat melakukan transaksi QRIS di meja kasir stand boba, saya teliti melihat nama penerima transfer pada e-wallet. Ternyata nama merchant tersebut identik dengan nama toko dan tidak ada kejanggalan.",QRIS_NORMAL_MERCHANT_TERPERCAYA,IDENTITY_MATCH
1156,"Saat melakukan transaksi QRIS di meja kasir stand boba, saya teliti melihat nama penerima transfer pada e-wallet. Ternyata nama merchant tersebut berbeda dari nama toko sehingga menimbulkan kecurigaan.",KETIDAKSESUAIAN_IDENTITAS_MERCHANT,IDENTITY_MISMATCH
1157,"Tadi saya bayar pakai QRIS di Toko Buku Gemilang. Pembayaran sukses, lalu saat mengecek rincian transaksi di aplikasi, nama merchant yang tercantum cocok dan identik dengan plang nama toko di depan saya.",QRIS_NORMAL_MERCHANT_TERPERCAYA,IDENTITY_MATCH
1157,"Tadi saya bayar pakai QRIS di Toko Buku Gemilang. Pembayaran sukses, lalu saat mengecek rincian transaksi di aplikasi, nama merchant yang tercantum tidak cocok dan berbeda jauh dari plang nama toko di depan saya.",KETIDAKSESUAIAN_IDENTITAS_MERCHANT,IDENTITY_MISMATCH
1158,"Setelah transaksi QRIS berhasil, saya cek notifikasi dan struk digital di perbankan saya. Nama penerima dana sama persis dengan nama toko tempat saya berbelanja.",QRIS_NORMAL_MERCHANT_TERPERCAYA,IDENTITY_MATCH
1158,"Setelah transaksi QRIS berhasil, saya cek notifikasi dan struk digital di perbankan saya. Nama penerima dana berbeda dengan nama toko tempat saya berbelanja.",KETIDAKSESUAIAN_IDENTITAS_MERCHANT,IDENTITY_MISMATCH
1159,"Kasir di Minimarket Barokah mengarahkan untuk scan barcode QRIS. Saya mencocokkan nama usaha pada aplikasi pembayaran dengan nama toko, dan hasilnya cocok dan identik dengan plang nama toko di depan saya.",QRIS_NORMAL_MERCHANT_TERPERCAYA,IDENTITY_MATCH
1159,"Kasir di Minimarket Barokah mengarahkan untuk scan barcode QRIS. Saya mencocokkan nama usaha pada aplikasi pembayaran dengan nama toko, dan hasilnya tidak cocok dan berbeda jauh dari plang nama toko di depan saya.",KETIDAKSESUAIAN_IDENTITAS_MERCHANT,IDENTITY_MISMATCH
1160,"Kasir di Apotek Sehat Medika mengarahkan untuk scan barcode QRIS. Saya mencocokkan nama usaha pada aplikasi pembayaran dengan nama toko, dan hasilnya tepat milik toko ini tanpa ada perbedaan sedikit pun.",QRIS_NORMAL_MERCHANT_TERPERCAYA,IDENTITY_MATCH
1160,"Kasir di Apotek Sehat Medika mengarahkan untuk scan barcode QRIS. Saya mencocokkan nama usaha pada aplikasi pembayaran dengan nama toko, dan hasilnya bukan milik toko ini melainkan atas nama perseorangan.",KETIDAKSESUAIAN_IDENTITAS_MERCHANT,IDENTITY_MISMATCH
1161,Saya memeriksa detail informasi QRIS termasuk NMID dan nama merchant sebelum transfer. Informasi yang tampil di layar HP benar terdaftar atas nama merchant tersebut.,QRIS_NORMAL_MERCHANT_TERPERCAYA,IDENTITY_MATCH
1161,Saya memeriksa detail informasi QRIS termasuk NMID dan nama merchant sebelum transfer. Informasi yang tampil di layar HP justru tertera nama merchant lain yang sama sekali berbeda.,KETIDAKSESUAIAN_IDENTITAS_MERCHANT,IDENTITY_MISMATCH
1162,"Kasir di Counter Cahaya Cell mengarahkan untuk scan barcode QRIS. Saya mencocokkan nama usaha pada aplikasi pembayaran dengan nama toko, dan hasilnya sepenuhnya cocok dengan nama outlet tempat saya belanja.",QRIS_NORMAL_MERCHANT_TERPERCAYA,IDENTITY_MATCH
1162,"Kasir di Counter Cahaya Cell mengarahkan untuk scan barcode QRIS. Saya mencocokkan nama usaha pada aplikasi pembayaran dengan nama toko, dan hasilnya justru tidak cocok dan memunculkan nama pribadi asing.",KETIDAKSESUAIAN_IDENTITAS_MERCHANT,IDENTITY_MISMATCH
1163,"Saat melakukan transaksi QRIS di meja kasir toko buah, saya teliti melihat nama penerima transfer pada e-wallet. Ternyata nama merchant tersebut benar terdaftar atas nama merchant tersebut.",QRIS_NORMAL_MERCHANT_TERPERCAYA,IDENTITY_MATCH
1163,"Saat melakukan transaksi QRIS di meja kasir toko buah, saya teliti melihat nama penerima transfer pada e-wallet. Ternyata nama merchant tersebut justru tertera nama merchant lain yang sama sekali berbeda.",KETIDAKSESUAIAN_IDENTITAS_MERCHANT,IDENTITY_MISMATCH
1164,"Demi keamanan sebelum bayar QRIS, saya memastikan identitas penerima terlebih dahulu. Nama yang terdaftar pada sistem benar-benar sesuai dengan nama tempat usaha yang saya datangi.",QRIS_NORMAL_MERCHANT_TERPERCAYA,IDENTITY_MATCH
1164,"Demi keamanan sebelum bayar QRIS, saya memastikan identitas penerima terlebih dahulu. Nama yang terdaftar pada sistem sama sekali tidak sesuai dengan nama tempat usaha yang saya datangi.",KETIDAKSESUAIAN_IDENTITAS_MERCHANT,IDENTITY_MISMATCH
1165,"Tadi saya bayar pakai QRIS di Toko Buah Segar Mandiri. Pembayaran sukses, lalu saat mengecek rincian transaksi di aplikasi, nama merchant yang tercantum benar terdaftar atas nama merchant tersebut.",QRIS_NORMAL_MERCHANT_TERPERCAYA,IDENTITY_MATCH
1165,"Tadi saya bayar pakai QRIS di Toko Buah Segar Mandiri. Pembayaran sukses, lalu saat mengecek rincian transaksi di aplikasi, nama merchant yang tercantum justru tertera nama merchant lain yang sama sekali berbeda.",KETIDAKSESUAIAN_IDENTITAS_MERCHANT,IDENTITY_MISMATCH
1166,"Saat melakukan transaksi QRIS di meja kasir restoran padang, saya teliti melihat nama penerima transfer pada e-wallet. Ternyata nama merchant tersebut tepat milik toko ini tanpa ada perbedaan sedikit pun.",QRIS_NORMAL_MERCHANT_TERPERCAYA,IDENTITY_MATCH
1166,"Saat melakukan transaksi QRIS di meja kasir restoran padang, saya teliti melihat nama penerima transfer pada e-wallet. Ternyata nama merchant tersebut bukan milik toko ini melainkan atas nama perseorangan.",KETIDAKSESUAIAN_IDENTITAS_MERCHANT,IDENTITY_MISMATCH
1167,"Demi keamanan sebelum bayar QRIS, saya memastikan identitas penerima terlebih dahulu. Nama yang terdaftar pada sistem tepat milik toko ini tanpa ada perbedaan sedikit pun.",QRIS_NORMAL_MERCHANT_TERPERCAYA,IDENTITY_MATCH
1167,"Demi keamanan sebelum bayar QRIS, saya memastikan identitas penerima terlebih dahulu. Nama yang terdaftar pada sistem bukan milik toko ini melainkan atas nama perseorangan.",KETIDAKSESUAIAN_IDENTITAS_MERCHANT,IDENTITY_MISMATCH
1168,"Sebelum menekan tombol konfirmasi pembayaran QRIS di stand boba, saya memeriksa nama penerima di layar aplikasi. Hasil pengecekan menunjukkan nama penerima benar-benar sesuai dengan nama tempat usaha yang saya datangi, dan transaksi berhasil diproses.",QRIS_NORMAL_MERCHANT_TERPERCAYA,IDENTITY_MATCH
1168,"Sebelum menekan tombol konfirmasi pembayaran QRIS di stand boba, saya memeriksa nama penerima di layar aplikasi. Hasil pengecekan menunjukkan nama penerima sama sekali tidak sesuai dengan nama tempat usaha yang saya datangi, dan transaksi berhasil diproses.",KETIDAKSESUAIAN_IDENTITAS_MERCHANT,IDENTITY_MISMATCH
1169,"Demi keamanan sebelum bayar QRIS, saya memastikan identitas penerima terlebih dahulu. Nama yang terdaftar pada sistem tepat milik toko ini tanpa ada perbedaan sedikit pun.",QRIS_NORMAL_MERCHANT_TERPERCAYA,IDENTITY_MATCH
1169,"Demi keamanan sebelum bayar QRIS, saya memastikan identitas penerima terlebih dahulu. Nama yang terdaftar pada sistem bukan milik toko ini melainkan atas nama perseorangan.",KETIDAKSESUAIAN_IDENTITAS_MERCHANT,IDENTITY_MISMATCH
1170,"Tadi saya bayar pakai QRIS di Ganteng Barbershop. Pembayaran sukses, lalu saat mengecek rincian transaksi di aplikasi, nama merchant yang tercantum identik dengan nama toko dan tidak ada kejanggalan.",QRIS_NORMAL_MERCHANT_TERPERCAYA,IDENTITY_MATCH
1170,"Tadi saya bayar pakai QRIS di Ganteng Barbershop. Pembayaran sukses, lalu saat mengecek rincian transaksi di aplikasi, nama merchant yang tercantum berbeda dari nama toko sehingga menimbulkan kecurigaan.",KETIDAKSESUAIAN_IDENTITAS_MERCHANT,IDENTITY_MISMATCH
1171,Saya memeriksa detail informasi QRIS termasuk NMID dan nama merchant sebelum transfer. Informasi yang tampil di layar HP benar terdaftar atas nama merchant tersebut.,QRIS_NORMAL_MERCHANT_TERPERCAYA,IDENTITY_MATCH
1171,Saya memeriksa detail informasi QRIS termasuk NMID dan nama merchant sebelum transfer. Informasi yang tampil di layar HP justru tertera nama merchant lain yang sama sekali berbeda.,KETIDAKSESUAIAN_IDENTITAS_MERCHANT,IDENTITY_MISMATCH
1172,Saya memeriksa detail informasi QRIS termasuk NMID dan nama merchant sebelum transfer. Informasi yang tampil di layar HP sesuai dengan nama usaha yang tertera di kasir.,QRIS_NORMAL_MERCHANT_TERPERCAYA,IDENTITY_MATCH
1172,Saya memeriksa detail informasi QRIS termasuk NMID dan nama merchant sebelum transfer. Informasi yang tampil di layar HP tidak sesuai dengan nama usaha yang tertera di kasir.,KETIDAKSESUAIAN_IDENTITAS_MERCHANT,IDENTITY_MISMATCH
1173,Nama merchant yang muncul di aplikasi setelah scan QRIS valid dan konsisten dengan identitas resmi merchant.,QRIS_NORMAL_MERCHANT_TERPERCAYA,IDENTITY_MATCH
1173,Nama merchant yang muncul di aplikasi setelah scan QRIS tidak konsisten dan mengindikasikan rekening pihak ketiga yang mencurigakan.,KETIDAKSESUAIAN_IDENTITAS_MERCHANT,IDENTITY_MISMATCH
1174,"Nominal belanja sudah pas dan saya cek nama merchant di aplikasi pembayaran. Nama penerima sepenuhnya cocok dengan nama outlet tempat saya belanja, dan pembayaran selesai lancar.",QRIS_NORMAL_MERCHANT_TERPERCAYA,IDENTITY_MATCH
1174,"Nominal belanja sudah pas dan saya cek nama merchant di aplikasi pembayaran. Nama penerima justru tidak cocok dan memunculkan nama pribadi asing, dan pembayaran selesai lancar.",KETIDAKSESUAIAN_IDENTITAS_MERCHANT,IDENTITY_MISMATCH
1175,B,QRIS_NORMAL_MERCHANT_TERPERCAYA,IDENTITY_MATCH
1175,B,KETIDAKSESUAIAN_IDENTITAS_MERCHANT,IDENTITY_MISMATCH
1176,Nama merchant yang muncul di aplikasi setelah scan QRIS sama persis dengan nama toko tempat saya berbelanja.,QRIS_NORMAL_MERCHANT_TERPERCAYA,IDENTITY_MATCH
1176,Nama merchant yang muncul di aplikasi setelah scan QRIS berbeda dengan nama toko tempat saya berbelanja.,KETIDAKSESUAIAN_IDENTITAS_MERCHANT,IDENTITY_MISMATCH
1177,"Tadi saya bayar pakai QRIS di Warung Bu Siti. Pembayaran sukses, lalu saat mengecek rincian transaksi di aplikasi, nama merchant yang tercantum sesuai dengan nama usaha yang tertera di kasir.",QRIS_NORMAL_MERCHANT_TERPERCAYA,IDENTITY_MATCH
1177,"Tadi saya bayar pakai QRIS di Warung Bu Siti. Pembayaran sukses, lalu saat mengecek rincian transaksi di aplikasi, nama merchant yang tercantum tidak sesuai dengan nama usaha yang tertera di kasir.",KETIDAKSESUAIAN_IDENTITAS_MERCHANT,IDENTITY_MISMATCH
1178,"Tadi saya bayar pakai QRIS di Warung Bu Siti. Pembayaran sukses, lalu saat mengecek rincian transaksi di aplikasi, nama merchant yang tercantum cocok dan identik dengan plang nama toko di depan saya.",QRIS_NORMAL_MERCHANT_TERPERCAYA,IDENTITY_MATCH
1178,"Tadi saya bayar pakai QRIS di Warung Bu Siti. Pembayaran sukses, lalu saat mengecek rincian transaksi di aplikasi, nama merchant yang tercantum tidak cocok dan berbeda jauh dari plang nama toko di depan saya.",KETIDAKSESUAIAN_IDENTITAS_MERCHANT,IDENTITY_MISMATCH
1179,"Demi keamanan sebelum bayar QRIS, saya memastikan identitas penerima terlebih dahulu. Nama yang terdaftar pada sistem sama persis dengan nama toko tempat saya berbelanja.",QRIS_NORMAL_MERCHANT_TERPERCAYA,IDENTITY_MATCH
1179,"Demi keamanan sebelum bayar QRIS, saya memastikan identitas penerima terlebih dahulu. Nama yang terdaftar pada sistem berbeda dengan nama toko tempat saya berbelanja.",KETIDAKSESUAIAN_IDENTITAS_MERCHANT,IDENTITY_MISMATCH
1180,Saya memeriksa detail informasi QRIS termasuk NMID dan nama merchant sebelum transfer. Informasi yang tampil di layar HP cocok dan identik dengan plang nama toko di depan saya.,QRIS_NORMAL_MERCHANT_TERPERCAYA,IDENTITY_MATCH
1180,Saya memeriksa detail informasi QRIS termasuk NMID dan nama merchant sebelum transfer. Informasi yang tampil di layar HP tidak cocok dan berbeda jauh dari plang nama toko di depan saya.,KETIDAKSESUAIAN_IDENTITAS_MERCHANT,IDENTITY_MISMATCH
1181,"Saat melakukan transaksi QRIS di meja kasir toko alat tulis, saya teliti melihat nama penerima transfer pada e-wallet. Ternyata nama merchant tersebut cocok dan identik dengan plang nama toko di depan saya.",QRIS_NORMAL_MERCHANT_TERPERCAYA,IDENTITY_MATCH
1181,"Saat melakukan transaksi QRIS di meja kasir toko alat tulis, saya teliti melihat nama penerima transfer pada e-wallet. Ternyata nama merchant tersebut tidak cocok dan berbeda jauh dari plang nama toko di depan saya.",KETIDAKSESUAIAN_IDENTITAS_MERCHANT,IDENTITY_MISMATCH
1182,"Saat melakukan transaksi QRIS di meja kasir barbershop, saya teliti melihat nama penerima transfer pada e-wallet. Ternyata nama merchant tersebut benar-benar sesuai dengan nama tempat usaha yang saya datangi.",QRIS_NORMAL_MERCHANT_TERPERCAYA,IDENTITY_MATCH
1182,"Saat melakukan transaksi QRIS di meja kasir barbershop, saya teliti melihat nama penerima transfer pada e-wallet. Ternyata nama merchant tersebut sama sekali tidak sesuai dengan nama tempat usaha yang saya datangi.",KETIDAKSESUAIAN_IDENTITAS_MERCHANT,IDENTITY_MISMATCH
1183,Nama merchant yang muncul di aplikasi setelah scan QRIS valid dan konsisten dengan identitas resmi merchant.,QRIS_NORMAL_MERCHANT_TERPERCAYA,IDENTITY_MATCH
1183,Nama merchant yang muncul di aplikasi setelah scan QRIS tidak konsisten dan mengindikasikan rekening pihak ketiga yang mencurigakan.,KETIDAKSESUAIAN_IDENTITAS_MERCHANT,IDENTITY_MISMATCH
1184,Nama merchant yang muncul di aplikasi setelah scan QRIS cocok dan identik dengan plang nama toko di depan saya.,QRIS_NORMAL_MERCHANT_TERPERCAYA,IDENTITY_MATCH
1184,Nama merchant yang muncul di aplikasi setelah scan QRIS tidak cocok dan berbeda jauh dari plang nama toko di depan saya.,KETIDAKSESUAIAN_IDENTITAS_MERCHANT,IDENTITY_MISMATCH
1185,"Setelah transaksi QRIS berhasil, saya cek notifikasi dan struk digital di perbankan saya. Nama penerima dana valid dan konsisten dengan identitas resmi merchant.",QRIS_NORMAL_MERCHANT_TERPERCAYA,IDENTITY_MATCH
1185,"Setelah transaksi QRIS berhasil, saya cek notifikasi dan struk digital di perbankan saya. Nama penerima dana tidak konsisten dan mengindikasikan rekening pihak ketiga yang mencurigakan.",KETIDAKSESUAIAN_IDENTITAS_MERCHANT,IDENTITY_MISMATCH
1186,Saya memeriksa detail informasi QRIS termasuk NMID dan nama merchant sebelum transfer. Informasi yang tampil di layar HP benar terdaftar atas nama merchant tersebut.,QRIS_NORMAL_MERCHANT_TERPERCAYA,IDENTITY_MATCH
1186,Saya memeriksa detail informasi QRIS termasuk NMID dan nama merchant sebelum transfer. Informasi yang tampil di layar HP justru tertera nama merchant lain yang sama sekali berbeda.,KETIDAKSESUAIAN_IDENTITAS_MERCHANT,IDENTITY_MISMATCH
1187,"Tadi saya bayar pakai QRIS di Toko Buah Segar Mandiri. Pembayaran sukses, lalu saat mengecek rincian transaksi di aplikasi, nama merchant yang tercantum benar-benar sesuai dengan nama tempat usaha yang saya datangi.",QRIS_NORMAL_MERCHANT_TERPERCAYA,IDENTITY_MATCH
1187,"Tadi saya bayar pakai QRIS di Toko Buah Segar Mandiri. Pembayaran sukses, lalu saat mengecek rincian transaksi di aplikasi, nama merchant yang tercantum sama sekali tidak sesuai dengan nama tempat usaha yang saya datangi.",KETIDAKSESUAIAN_IDENTITAS_MERCHANT,IDENTITY_MISMATCH
1188,Saya memeriksa detail informasi QRIS termasuk NMID dan nama merchant sebelum transfer. Informasi yang tampil di layar HP sesuai dengan nama usaha yang tertera di kasir.,QRIS_NORMAL_MERCHANT_TERPERCAYA,IDENTITY_MATCH
1188,Saya memeriksa detail informasi QRIS termasuk NMID dan nama merchant sebelum transfer. Informasi yang tampil di layar HP tidak sesuai dengan nama usaha yang tertera di kasir.,KETIDAKSESUAIAN_IDENTITAS_MERCHANT,IDENTITY_MISMATCH
1189,"Kasir di Kopi Kenangan Senja mengarahkan untuk scan barcode QRIS. Saya mencocokkan nama usaha pada aplikasi pembayaran dengan nama toko, dan hasilnya sepenuhnya cocok dengan nama outlet tempat saya belanja.",QRIS_NORMAL_MERCHANT_TERPERCAYA,IDENTITY_MATCH
1189,"Kasir di Kopi Kenangan Senja mengarahkan untuk scan barcode QRIS. Saya mencocokkan nama usaha pada aplikasi pembayaran dengan nama toko, dan hasilnya justru tidak cocok dan memunculkan nama pribadi asing.",KETIDAKSESUAIAN_IDENTITAS_MERCHANT,IDENTITY_MISMATCH
1190,"Nominal belanja sudah pas dan saya cek nama merchant di aplikasi pembayaran. Nama penerima sesuai dengan nama usaha yang tertera di kasir, dan pembayaran selesai lancar.",QRIS_NORMAL_MERCHANT_TERPERCAYA,IDENTITY_MATCH
1190,"Nominal belanja sudah pas dan saya cek nama merchant di aplikasi pembayaran. Nama penerima tidak sesuai dengan nama usaha yang tertera di kasir, dan pembayaran selesai lancar.",KETIDAKSESUAIAN_IDENTITAS_MERCHANT,IDENTITY_MISMATCH
1191,"Sebelum menekan tombol konfirmasi pembayaran QRIS di warung makan, saya memeriksa nama penerima di layar aplikasi. Hasil pengecekan menunjukkan nama penerima tepat milik toko ini tanpa ada perbedaan sedikit pun, dan transaksi berhasil diproses.",QRIS_NORMAL_MERCHANT_TERPERCAYA,IDENTITY_MATCH
1191,"Sebelum menekan tombol konfirmasi pembayaran QRIS di warung makan, saya memeriksa nama penerima di layar aplikasi. Hasil pengecekan menunjukkan nama penerima bukan milik toko ini melainkan atas nama perseorangan, dan transaksi berhasil diproses.",KETIDAKSESUAIAN_IDENTITAS_MERCHANT,IDENTITY_MISMATCH
1192,"Tadi saya bayar pakai QRIS di Ganteng Barbershop. Pembayaran sukses, lalu saat mengecek rincian transaksi di aplikasi, nama merchant yang tercantum benar terdaftar atas nama merchant tersebut.",QRIS_NORMAL_MERCHANT_TERPERCAYA,IDENTITY_MATCH
1192,"Tadi saya bayar pakai QRIS di Ganteng Barbershop. Pembayaran sukses, lalu saat mengecek rincian transaksi di aplikasi, nama merchant yang tercantum justru tertera nama merchant lain yang sama sekali berbeda.",KETIDAKSESUAIAN_IDENTITAS_MERCHANT,IDENTITY_MISMATCH
1193,"Kasir di Bakso Super Urat Mas Bejo mengarahkan untuk scan barcode QRIS. Saya mencocokkan nama usaha pada aplikasi pembayaran dengan nama toko, dan hasilnya sesuai dengan nama usaha yang tertera di kasir.",QRIS_NORMAL_MERCHANT_TERPERCAYA,IDENTITY_MATCH
1193,"Kasir di Bakso Super Urat Mas Bejo mengarahkan untuk scan barcode QRIS. Saya mencocokkan nama usaha pada aplikasi pembayaran dengan nama toko, dan hasilnya tidak sesuai dengan nama usaha yang tertera di kasir.",KETIDAKSESUAIAN_IDENTITAS_MERCHANT,IDENTITY_MISMATCH
1194,Saya memeriksa detail informasi QRIS termasuk NMID dan nama merchant sebelum transfer. Informasi yang tampil di layar HP benar terdaftar atas nama merchant tersebut.,QRIS_NORMAL_MERCHANT_TERPERCAYA,IDENTITY_MATCH
1194,Saya memeriksa detail informasi QRIS termasuk NMID dan nama merchant sebelum transfer. Informasi yang tampil di layar HP justru tertera nama merchant lain yang sama sekali berbeda.,KETIDAKSESUAIAN_IDENTITAS_MERCHANT,IDENTITY_MISMATCH
1195,"Tadi saya bayar pakai QRIS di Kopi Kenangan Senja. Pembayaran sukses, lalu saat mengecek rincian transaksi di aplikasi, nama merchant yang tercantum benar-benar sesuai dengan nama tempat usaha yang saya datangi.",QRIS_NORMAL_MERCHANT_TERPERCAYA,IDENTITY_MATCH
1195,"Tadi saya bayar pakai QRIS di Kopi Kenangan Senja. Pembayaran sukses, lalu saat mengecek rincian transaksi di aplikasi, nama merchant yang tercantum sama sekali tidak sesuai dengan nama tempat usaha yang saya datangi.",KETIDAKSESUAIAN_IDENTITAS_MERCHANT,IDENTITY_MISMATCH
1196,Nama merchant yang muncul di aplikasi setelah scan QRIS valid dan konsisten dengan identitas resmi merchant.,QRIS_NORMAL_MERCHANT_TERPERCAYA,IDENTITY_MATCH
1196,Nama merchant yang muncul di aplikasi setelah scan QRIS tidak konsisten dan mengindikasikan rekening pihak ketiga yang mencurigakan.,KETIDAKSESUAIAN_IDENTITAS_MERCHANT,IDENTITY_MISMATCH
1197,"Setelah transaksi QRIS berhasil, saya cek notifikasi dan struk digital di perbankan saya. Nama penerima dana cocok dan identik dengan plang nama toko di depan saya.",QRIS_NORMAL_MERCHANT_TERPERCAYA,IDENTITY_MATCH
1197,"Setelah transaksi QRIS berhasil, saya cek notifikasi dan struk digital di perbankan saya. Nama penerima dana tidak cocok dan berbeda jauh dari plang nama toko di depan saya.",KETIDAKSESUAIAN_IDENTITAS_MERCHANT,IDENTITY_MISMATCH
1198,"Kasir di Toko Buah Segar Mandiri mengarahkan untuk scan barcode QRIS. Saya mencocokkan nama usaha pada aplikasi pembayaran dengan nama toko, dan hasilnya benar-benar sesuai dengan nama tempat usaha yang saya datangi.",QRIS_NORMAL_MERCHANT_TERPERCAYA,IDENTITY_MATCH
1198,"Kasir di Toko Buah Segar Mandiri mengarahkan untuk scan barcode QRIS. Saya mencocokkan nama usaha pada aplikasi pembayaran dengan nama toko, dan hasilnya sama sekali tidak sesuai dengan nama tempat usaha yang saya datangi.",KETIDAKSESUAIAN_IDENTITAS_MERCHANT,IDENTITY_MISMATCH
1199,B,QRIS_NORMAL_MERCHANT_TERPERCAYA,IDENTITY_MATCH
1199,B,KETIDAKSESUAIAN_IDENTITAS_MERCHANT,IDENTITY_MISMATCH
1200,"Kasir di Boba Fresh Delight mengarahkan untuk scan barcode QRIS. Saya mencocokkan nama usaha pada aplikasi pembayaran dengan nama toko, dan hasilnya sesuai dengan nama usaha yang tertera di kasir.",QRIS_NORMAL_MERCHANT_TERPERCAYA,IDENTITY_MATCH
1200,"Kasir di Boba Fresh Delight mengarahkan untuk scan barcode QRIS. Saya mencocokkan nama usaha pada aplikasi pembayaran dengan nama toko, dan hasilnya tidak sesuai dengan nama usaha yang tertera di kasir.",KETIDAKSESUAIAN_IDENTITAS_MERCHANT,IDENTITY_MISMATCH
