text,label
Nama di rekening tujuan beda jauh dengan nama plang toko,identity_mismatch
Nama pemilik rekening yang muncul bukan nama merchant resmi,identity_mismatch
Nama penerima beda sama nama toko,identity_mismatch
Nama penerima beda sama nama toko deh,identity_mismatch
Nama penerima beda sama nama toko nih,identity_mismatch
Nama penerima beda sama nama toko ya,identity_mismatch
Nama penerima beda sama nama toko banget,identity_mismatch
Nama penerima beda sama nama toko sih,identity_mismatch
Nama penerima beda sama nama toko aja,identity_mismatch
Nama penerima beda sama nama toko kok,identity_mismatch
Nama penerima beda sama nama toko dong,identity_mismatch
Nama penerima beda sama nama toko bgt,identity_mismatch
Nama penerima beda sama nama toko kayaknya,identity_mismatch
Nama penerima beda sama nama toko menurut saya,identity_mismatch
Nama penerima beda sama nama toko pas saya bayar,identity_mismatch
Nama penerima beda sama nama toko waktu saya transaksi,identity_mismatch
Nama penerima beda sama nama toko pas discan jadi saya ragu,"identity_mismatch",
Nama penerima beda sama nama toko di toko ini,identity_mismatch
Nama penerima beda sama nama toko tadi,identity_mismatch
Nama penerima beda sama nama toko barusan,identity_mismatch
Nama penerima beda sama nama toko agak aneh,identity_mismatch
Nama penerima beda sama nama toko cukup jelas,identity_mismatch
Nama rekening tujuan nggak sesuai sama merchant,identity_mismatch
Nama rekening tujuan nggak sesuai sama merchant deh,identity_mismatch
Nama rekening tujuan nggak sesuai sama merchant nih,identity_mismatch
Nama rekening tujuan nggak sesuai sama merchant ya,identity_mismatch
Nama rekening tujuan nggak sesuai sama merchant banget,identity_mismatch
Nama rekening tujuan nggak sesuai sama merchant sih,identity_mismatch
Nama rekening tujuan nggak sesuai sama merchant aja,identity_mismatch
Nama rekening tujuan nggak sesuai sama merchant kok,identity_mismatch
Nama rekening tujuan nggak sesuai sama merchant dong,identity_mismatch
Nama rekening tujuan nggak sesuai sama merchant bgt,identity_mismatch
Nama rekening tujuan nggak sesuai sama merchant kayaknya,identity_mismatch
Nama rekening tujuan nggak sesuai sama merchant menurut saya,identity_mismatch
Nama rekening tujuan nggak sesuai sama merchant pas saya bayar,identity_mismatch
Nama rekening tujuan nggak sesuai sama merchant waktu saya transaksi,identity_mismatch
Nama rekening tujuan nggak sesuai sama merchant pas discan,identity_mismatch
Nama rekening tujuan nggak sesuai sama merchant di toko ini,identity_mismatch
Nama rekening tujuan nggak sesuai sama merchant tadi,identity_mismatch
Nama rekening tujuan nggak sesuai sama merchant barusan,identity_mismatch
Nama rekening tujuan nggak sesuai sama merchant agak aneh,identity_mismatch
Nama rekening tujuan nggak sesuai sama merchant cukup jelas,identity_mismatch
Pas bayar nama penerimanya beda dari nama toko,identity_mismatch
Pas bayar nama penerimanya beda dari nama toko deh,identity_mismatch
Pas bayar nama penerimanya beda dari nama toko nih,identity_mismatch
Pas bayar nama penerimanya beda dari nama toko ya,identity_mismatch
Pas bayar nama penerimanya beda dari nama toko banget,identity_mismatch
Pas bayar nama penerimanya beda dari nama toko sih,identity_mismatch
Pas bayar nama penerimanya beda dari nama toko aja,identity_mismatch
Pas bayar nama penerimanya beda dari nama toko kok,identity_mismatch
Pas bayar nama penerimanya beda dari nama toko dong,identity_mismatch
Pas bayar nama penerimanya beda dari nama toko bgt,identity_mismatch
Pas bayar nama penerimanya beda dari nama toko kayaknya,identity_mismatch
Pas bayar nama penerimanya beda dari nama toko menurut saya,identity_mismatch
Pas bayar nama penerimanya beda dari nama toko pas saya bayar,identity_mismatch
Pas bayar nama penerimanya beda dari nama toko waktu saya transaksi,identity_mismatch
Pas bayar nama penerimanya beda dari nama toko pas discan,identity_mismatch
Pas bayar nama penerimanya beda dari nama toko di toko ini,identity_mismatch
Pas bayar nama penerimanya beda dari nama toko tadi,identity_mismatch
Pas bayar nama penerimanya beda dari nama toko barusan,identity_mismatch
Pas bayar nama penerimanya beda dari nama toko agak aneh,identity_mismatch
Pas bayar nama penerimanya beda dari nama toko cukup jelas,identity_mismatch
QRIS toko pas discan malah muncul nama orang lain,identity_mismatch
QRIS toko pas discan malah muncul nama orang lain deh,identity_mismatch
QRIS toko pas discan malah muncul nama orang lain nih,identity_mismatch
QRIS toko pas discan malah muncul nama orang lain ya,identity_mismatch
QRIS toko pas discan malah muncul nama orang lain banget,identity_mismatch
QRIS toko pas discan malah muncul nama orang lain sih,identity_mismatch
QRIS toko pas discan malah muncul nama orang lain aja,identity_mismatch
QRIS toko pas discan malah muncul nama orang lain kok,identity_mismatch
QRIS toko pas discan malah muncul nama orang lain dong,identity_mismatch
QRIS toko pas discan malah muncul nama orang lain bgt,identity_mismatch
QRIS toko pas discan malah muncul nama orang lain kayaknya,identity_mismatch
QRIS toko pas discan malah muncul nama orang lain menurut saya,identity_mismatch
QRIS toko pas discan malah muncul nama orang lain pas saya bayar,identity_mismatch
QRIS toko pas discan malah muncul nama orang lain waktu saya transaksi,identity_mismatch
QRIS toko pas discan malah muncul nama orang lain pas discan,identity_mismatch
QRIS toko pas discan malah muncul nama orang lain di toko ini,identity_mismatch
QRIS toko pas discan malah muncul nama orang lain tadi,identity_mismatch
QRIS toko pas discan malah muncul nama orang lain barusan,identity_mismatch
QRIS toko pas discan malah muncul nama orang lain agak aneh,identity_mismatch
QRIS toko pas discan malah muncul nama orang lain cukup jelas,identity_mismatch
Nama di aplikasi beda jauh dari nama toko,identity_mismatch
Nama di aplikasi beda jauh dari nama toko deh,identity_mismatch
Nama di aplikasi beda jauh dari nama toko nih,identity_mismatch
Nama di aplikasi beda jauh dari nama toko ya,identity_mismatch
Nama di aplikasi beda jauh dari nama toko banget,identity_mismatch
Nama di aplikasi beda jauh dari nama toko sih,identity_mismatch
Nama di aplikasi beda jauh dari nama toko aja,identity_mismatch
Nama di aplikasi beda jauh dari nama toko kok,identity_mismatch
Nama di aplikasi beda jauh dari nama toko dong,identity_mismatch
Nama di aplikasi beda jauh dari nama toko bgt,identity_mismatch
Nama di aplikasi beda jauh dari nama toko kayaknya,identity_mismatch
Nama di aplikasi beda jauh dari nama toko menurut saya,identity_mismatch
Nama di aplikasi beda jauh dari nama toko pas saya bayar,identity_mismatch
Nama di aplikasi beda jauh dari nama toko waktu saya transaksi,identity_mismatch
Nama di aplikasi beda jauh dari nama toko pas discan,identity_mismatch
Nama di aplikasi beda jauh dari nama toko di toko ini,identity_mismatch
Nama di aplikasi beda jauh dari nama toko tadi,identity_mismatch
Nama di aplikasi beda jauh dari nama toko barusan,identity_mismatch
Stiker QRIS ditempel ganda di atas kode QR aslinya,qr_replacement
Ada stiker palsu yang sengaja ditimpa di atas akrilik QRIS toko,qr_replacement
QRIS kayak ditempel stiker baru di atas QR asli,qr_replacement
QRIS kayak ditempel stiker baru di atas QR asli deh,qr_replacement
QRIS kayak ditempel stiker baru di atas QR asli nih,qr_replacement
QRIS kayak ditempel stiker baru di atas QR asli ya,qr_replacement
QRIS kayak ditempel stiker baru di atas QR asli banget,qr_replacement
QRIS kayak ditempel stiker baru di atas QR asli sih,qr_replacement
QRIS kayak ditempel stiker baru di atas QR asli aja,qr_replacement
QRIS kayak ditempel stiker baru di atas QR asli kok,qr_replacement
QRIS kayak ditempel stiker baru di atas QR asli dong,qr_replacement
QRIS kayak ditempel stiker baru di atas QR asli bgt,qr_replacement
QRIS kayak ditempel stiker baru di atas QR asli kayaknya,qr_replacement
QRIS kayak ditempel stiker baru di atas QR asli menurut saya,qr_replacement
QRIS kayak ditempel stiker baru di atas QR asli pas saya bayar,qr_replacement
QRIS kayak ditempel stiker baru di atas QR asli waktu saya transaksi,qr_replacement
QRIS kayak ditempel stiker baru di atas QR asli pas discan jadi saya ragu,"qr_replacement",
QRIS kayak ditempel stiker baru di atas QR asli di toko ini,qr_replacement
QRIS kayak ditempel stiker baru di atas QR asli tadi,qr_replacement
QRIS kayak ditempel stiker baru di atas QR asli barusan,qr_replacement
QRIS kayak ditempel stiker baru di atas QR asli agak aneh,qr_replacement
QRIS kayak ditempel stiker baru di atas QR asli cukup jelas,qr_replacement
Kayaknya QRIS ini ditimpa stiker lain deh,qr_replacement
Kayaknya QRIS ini ditimpa stiker lain deh deh,qr_replacement
Kayaknya QRIS ini ditimpa stiker lain deh nih,qr_replacement
Kayaknya QRIS ini ditimpa stiker lain deh ya,qr_replacement
Kayaknya QRIS ini ditimpa stiker lain deh banget,qr_replacement
Kayaknya QRIS ini ditimpa stiker lain deh sih,qr_replacement
Kayaknya QRIS ini ditimpa stiker lain deh aja,qr_replacement
Kayaknya QRIS ini ditimpa stiker lain deh kok,qr_replacement
Kayaknya QRIS ini ditimpa stiker lain deh dong,qr_replacement
Kayaknya QRIS ini ditimpa stiker lain deh bgt,qr_replacement
Kayaknya QRIS ini ditimpa stiker lain deh kayaknya,qr_replacement
Kayaknya QRIS ini ditimpa stiker lain deh menurut saya,qr_replacement
Kayaknya QRIS ini ditimpa stiker lain deh pas saya bayar,qr_replacement
Kayaknya QRIS ini ditimpa stiker lain deh waktu saya transaksi,qr_replacement
Kayaknya QRIS ini ditimpa stiker lain deh pas discan,qr_replacement
Kayaknya QRIS ini ditimpa stiker lain deh di toko ini,qr_replacement
Kayaknya QRIS ini ditimpa stiker lain deh tadi,qr_replacement
Kayaknya QRIS ini ditimpa stiker lain deh barusan,qr_replacement
Kayaknya QRIS ini ditimpa stiker lain deh agak aneh,qr_replacement
Kayaknya QRIS ini ditimpa stiker lain deh cukup jelas,qr_replacement
Stiker QRIS keliatan palsu dan nutupin QR asli,qr_replacement
Stiker QRIS keliatan palsu dan nutupin QR asli deh,qr_replacement
Stiker QRIS keliatan palsu dan nutupin QR asli nih,qr_replacement
Stiker QRIS keliatan palsu dan nutupin QR asli ya,qr_replacement
Stiker QRIS keliatan palsu dan nutupin QR asli banget,qr_replacement
Stiker QRIS keliatan palsu dan nutupin QR asli sih,qr_replacement
Stiker QRIS keliatan palsu dan nutupin QR asli aja,qr_replacement
Stiker QRIS keliatan palsu dan nutupin QR asli kok,qr_replacement
Stiker QRIS keliatan palsu dan nutupin QR asli dong,qr_replacement
Stiker QRIS keliatan palsu dan nutupin QR asli bgt,qr_replacement
Stiker QRIS keliatan palsu dan nutupin QR asli kayaknya,qr_replacement
Stiker QRIS keliatan palsu dan nutupin QR asli menurut saya,qr_replacement
Stiker QRIS keliatan palsu dan nutupin QR asli pas saya bayar,qr_replacement
Stiker QRIS keliatan palsu dan nutupin QR asli waktu saya transaksi,qr_replacement
Stiker QRIS keliatan palsu dan nutupin QR asli pas discan,qr_replacement
Stiker QRIS keliatan palsu dan nutupin QR asli di toko ini,qr_replacement
Stiker QRIS keliatan palsu dan nutupin QR asli tadi,qr_replacement
Stiker QRIS keliatan palsu dan nutupin QR asli barusan,qr_replacement
Stiker QRIS keliatan palsu dan nutupin QR asli agak aneh,qr_replacement
Stiker QRIS keliatan palsu dan nutupin QR asli cukup jelas,qr_replacement
QR di meja kasir ditempel di atas kode sebelumnya,qr_replacement
QR di meja kasir ditempel di atas kode sebelumnya deh,qr_replacement
QR di meja kasir ditempel di atas kode sebelumnya nih,qr_replacement
QR di meja kasir ditempel di atas kode sebelumnya ya,qr_replacement
QR di meja kasir ditempel di atas kode sebelumnya banget,qr_replacement
QR di meja kasir ditempel di atas kode sebelumnya sih,qr_replacement
QR di meja kasir ditempel di atas kode sebelumnya aja,qr_replacement
QR di meja kasir ditempel di atas kode sebelumnya kok,qr_replacement
QR di meja kasir ditempel di atas kode sebelumnya dong,qr_replacement
QR di meja kasir ditempel di atas kode sebelumnya bgt,qr_replacement
QR di meja kasir ditempel di atas kode sebelumnya kayaknya,qr_replacement
QR di meja kasir ditempel di atas kode sebelumnya menurut saya,qr_replacement
QR di meja kasir ditempel di atas kode sebelumnya pas saya bayar,qr_replacement
QR di meja kasir ditempel di atas kode sebelumnya waktu saya transaksi,qr_replacement
QR di meja kasir ditempel di atas kode sebelumnya pas discan,qr_replacement
QR di meja kasir ditempel di atas kode sebelumnya di toko ini,qr_replacement
QR di meja kasir ditempel di atas kode sebelumnya tadi,qr_replacement
QR di meja kasir ditempel di atas kode sebelumnya barusan,qr_replacement
QR di meja kasir ditempel di atas kode sebelumnya agak aneh,qr_replacement
QR di meja kasir ditempel di atas kode sebelumnya cukup jelas,qr_replacement
Ada QR baru nutup QR lama,qr_replacement
Ada QR baru nutup QR lama deh,qr_replacement
Ada QR baru nutup QR lama nih,qr_replacement
Ada QR baru nutup QR lama ya,qr_replacement
Ada QR baru nutup QR lama banget,qr_replacement
Ada QR baru nutup QR lama sih,qr_replacement
Ada QR baru nutup QR lama aja,qr_replacement
Ada QR baru nutup QR lama kok,qr_replacement
Ada QR baru nutup QR lama dong,qr_replacement
Ada QR baru nutup QR lama bgt,qr_replacement
Ada QR baru nutup QR lama kayaknya,qr_replacement
Ada QR baru nutup QR lama menurut saya,qr_replacement
Ada QR baru nutup QR lama pas saya bayar,qr_replacement
Ada QR baru nutup QR lama waktu saya transaksi,qr_replacement
Ada QR baru nutup QR lama pas discan,qr_replacement
Ada QR baru nutup QR lama di toko ini,qr_replacement
Ada QR baru nutup QR lama tadi,qr_replacement
Ada QR baru nutup QR lama barusan,qr_replacement
Kasir meminta tambahan biaya 2000 untuk transaksi QRIS,additional_fees
Dikenakan biaya admin tanpa pemberitahuan sebelumnya,additional_fees
Kasir minta biaya tambahan saat bayar pakai QRIS,additional_fees
Kasir minta biaya tambahan saat bayar pakai QRIS deh,additional_fees
Kasir minta biaya tambahan saat bayar pakai QRIS nih,additional_fees
Kasir minta biaya tambahan saat bayar pakai QRIS ya,additional_fees
Kasir minta biaya tambahan saat bayar pakai QRIS banget,additional_fees
Kasir minta biaya tambahan saat bayar pakai QRIS sih,additional_fees
Kasir minta biaya tambahan saat bayar pakai QRIS aja,additional_fees
Kasir minta biaya tambahan saat bayar pakai QRIS kok,additional_fees
Kasir minta biaya tambahan saat bayar pakai QRIS dong,additional_fees
Kasir minta biaya tambahan saat bayar pakai QRIS bgt,additional_fees
Kasir minta biaya tambahan saat bayar pakai QRIS kayaknya,additional_fees
Kasir minta biaya tambahan saat bayar pakai QRIS menurut saya,additional_fees
Kasir minta biaya tambahan saat bayar pakai QRIS pas saya bayar,additional_fees
Kasir minta biaya tambahan saat bayar pakai QRIS waktu saya transaksi,additional_fees
Kasir minta biaya tambahan saat bayar pakai QRIS pas discan jadi saya ragu,"additional_fees",
Kasir minta biaya tambahan saat bayar pakai QRIS di toko ini,additional_fees
Kasir minta biaya tambahan saat bayar pakai QRIS tadi,additional_fees
Kasir minta biaya tambahan saat bayar pakai QRIS barusan,additional_fees
Kasir minta biaya tambahan saat bayar pakai QRIS agak aneh,additional_fees
Kasir minta biaya tambahan saat bayar pakai QRIS cukup jelas,additional_fees
Ada admin tambahan 2 ribu untuk pembayaran QRIS,additional_fees
Ada admin tambahan 2 ribu untuk pembayaran QRIS deh,additional_fees
Ada admin tambahan 2 ribu untuk pembayaran QRIS nih,additional_fees
Ada admin tambahan 2 ribu untuk pembayaran QRIS ya,additional_fees
Ada admin tambahan 2 ribu untuk pembayaran QRIS banget,additional_fees
Ada admin tambahan 2 ribu untuk pembayaran QRIS sih,additional_fees
Ada admin tambahan 2 ribu untuk pembayaran QRIS aja,additional_fees
Ada admin tambahan 2 ribu untuk pembayaran QRIS kok,additional_fees
Ada admin tambahan 2 ribu untuk pembayaran QRIS dong,additional_fees
Ada admin tambahan 2 ribu untuk pembayaran QRIS bgt,additional_fees
Ada admin tambahan 2 ribu untuk pembayaran QRIS kayaknya,additional_fees
Ada admin tambahan 2 ribu untuk pembayaran QRIS menurut saya,additional_fees
Ada admin tambahan 2 ribu untuk pembayaran QRIS pas saya bayar,additional_fees
Ada admin tambahan 2 ribu untuk pembayaran QRIS waktu saya transaksi,additional_fees
Ada admin tambahan 2 ribu untuk pembayaran QRIS pas discan,additional_fees
Ada admin tambahan 2 ribu untuk pembayaran QRIS di toko ini,additional_fees
Ada admin tambahan 2 ribu untuk pembayaran QRIS tadi,additional_fees
Ada admin tambahan 2 ribu untuk pembayaran QRIS barusan,additional_fees
Ada admin tambahan 2 ribu untuk pembayaran QRIS agak aneh,additional_fees
Ada admin tambahan 2 ribu untuk pembayaran QRIS cukup jelas,additional_fees
Bayar QRIS tapi dikenakan fee lagi,additional_fees
Bayar QRIS tapi dikenakan fee lagi deh,additional_fees
Bayar QRIS tapi dikenakan fee lagi nih,additional_fees
Bayar QRIS tapi dikenakan fee lagi ya,additional_fees
Bayar QRIS tapi dikenakan fee lagi banget,additional_fees
Bayar QRIS tapi dikenakan fee lagi sih,additional_fees
Bayar QRIS tapi dikenakan fee lagi aja,additional_fees
Bayar QRIS tapi dikenakan fee lagi kok,additional_fees
Bayar QRIS tapi dikenakan fee lagi dong,additional_fees
Bayar QRIS tapi dikenakan fee lagi bgt,additional_fees
Bayar QRIS tapi dikenakan fee lagi kayaknya,additional_fees
Bayar QRIS tapi dikenakan fee lagi menurut saya,additional_fees
Bayar QRIS tapi dikenakan fee lagi pas saya bayar,additional_fees
Bayar QRIS tapi dikenakan fee lagi waktu saya transaksi,additional_fees
Bayar QRIS tapi dikenakan fee lagi pas discan,additional_fees
Bayar QRIS tapi dikenakan fee lagi di toko ini,additional_fees
Bayar QRIS tapi dikenakan fee lagi tadi,additional_fees
Bayar QRIS tapi dikenakan fee lagi barusan,additional_fees
Bayar QRIS tapi dikenakan fee lagi agak aneh,additional_fees
Bayar QRIS tapi dikenakan fee lagi cukup jelas,additional_fees
Katanya ada biaya layanan kalau pakai QRIS,additional_fees
Katanya ada biaya layanan kalau pakai QRIS deh,additional_fees
Katanya ada biaya layanan kalau pakai QRIS nih,additional_fees
Katanya ada biaya layanan kalau pakai QRIS ya,additional_fees
Katanya ada biaya layanan kalau pakai QRIS banget,additional_fees
Katanya ada biaya layanan kalau pakai QRIS sih,additional_fees
Katanya ada biaya layanan kalau pakai QRIS aja,additional_fees
Katanya ada biaya layanan kalau pakai QRIS kok,additional_fees
Katanya ada biaya layanan kalau pakai QRIS dong,additional_fees
Katanya ada biaya layanan kalau pakai QRIS bgt,additional_fees
Katanya ada biaya layanan kalau pakai QRIS kayaknya,additional_fees
Katanya ada biaya layanan kalau pakai QRIS menurut saya,additional_fees
Katanya ada biaya layanan kalau pakai QRIS pas saya bayar,additional_fees
Katanya ada biaya layanan kalau pakai QRIS waktu saya transaksi,additional_fees
Katanya ada biaya layanan kalau pakai QRIS pas discan,additional_fees
Katanya ada biaya layanan kalau pakai QRIS di toko ini,additional_fees
Katanya ada biaya layanan kalau pakai QRIS tadi,additional_fees
Katanya ada biaya layanan kalau pakai QRIS barusan,additional_fees
Katanya ada biaya layanan kalau pakai QRIS agak aneh,additional_fees
Katanya ada biaya layanan kalau pakai QRIS cukup jelas,additional_fees
Total pembayaran jadi lebih mahal karena biaya QRIS,additional_fees
Total pembayaran jadi lebih mahal karena biaya QRIS deh,additional_fees
Total pembayaran jadi lebih mahal karena biaya QRIS nih,additional_fees
Total pembayaran jadi lebih mahal karena biaya QRIS ya,additional_fees
Total pembayaran jadi lebih mahal karena biaya QRIS banget,additional_fees
Total pembayaran jadi lebih mahal karena biaya QRIS sih,additional_fees
Total pembayaran jadi lebih mahal karena biaya QRIS aja,additional_fees
Total pembayaran jadi lebih mahal karena biaya QRIS kok,additional_fees
Total pembayaran jadi lebih mahal karena biaya QRIS dong,additional_fees
Total pembayaran jadi lebih mahal karena biaya QRIS bgt,additional_fees
Total pembayaran jadi lebih mahal karena biaya QRIS kayaknya,additional_fees
Total pembayaran jadi lebih mahal karena biaya QRIS menurut saya,additional_fees
Total pembayaran jadi lebih mahal karena biaya QRIS pas saya bayar,additional_fees
Total pembayaran jadi lebih mahal karena biaya QRIS waktu saya transaksi,additional_fees
Total pembayaran jadi lebih mahal karena biaya QRIS pas discan,additional_fees
Total pembayaran jadi lebih mahal karena biaya QRIS di toko ini,additional_fees
Total pembayaran jadi lebih mahal karena biaya QRIS tadi,additional_fees
Total pembayaran jadi lebih mahal karena biaya QRIS barusan,additional_fees
Transaksi berkali-kali gagal tapi saldo saya terpotong,suspicious_transaction
Sistem QRIS mencurigakan meminta transfer berulang kali,suspicious_transaction
Transaksi QRIS gagal tapi saldo tetap kepotong,suspicious_transaction
Transaksi QRIS gagal tapi saldo tetap kepotong deh,suspicious_transaction
Transaksi QRIS gagal tapi saldo tetap kepotong nih,suspicious_transaction
Transaksi QRIS gagal tapi saldo tetap kepotong ya,suspicious_transaction
Transaksi QRIS gagal tapi saldo tetap kepotong banget,suspicious_transaction
Transaksi QRIS gagal tapi saldo tetap kepotong sih,suspicious_transaction
Transaksi QRIS gagal tapi saldo tetap kepotong aja,suspicious_transaction
Transaksi QRIS gagal tapi saldo tetap kepotong kok,suspicious_transaction
Transaksi QRIS gagal tapi saldo tetap kepotong dong,suspicious_transaction
Transaksi QRIS gagal tapi saldo tetap kepotong bgt,suspicious_transaction
Transaksi QRIS gagal tapi saldo tetap kepotong kayaknya,suspicious_transaction
Transaksi QRIS gagal tapi saldo tetap kepotong menurut saya,suspicious_transaction
Transaksi QRIS gagal tapi saldo tetap kepotong pas saya bayar,suspicious_transaction
Transaksi QRIS gagal tapi saldo tetap kepotong waktu saya transaksi,suspicious_transaction
Transaksi QRIS gagal tapi saldo tetap kepotong pas discan jadi saya ragu,"suspicious_transaction",
Transaksi QRIS gagal tapi saldo tetap kepotong di toko ini,suspicious_transaction
Transaksi QRIS gagal tapi saldo tetap kepotong tadi,suspicious_transaction
Transaksi QRIS gagal tapi saldo tetap kepotong barusan,suspicious_transaction
Transaksi QRIS gagal tapi saldo tetap kepotong agak aneh,suspicious_transaction
Transaksi QRIS gagal tapi saldo tetap kepotong cukup jelas,suspicious_transaction
Saldo berkurang padahal pembayaran QRIS tidak berhasil,suspicious_transaction
Saldo berkurang padahal pembayaran QRIS tidak berhasil deh,suspicious_transaction
Saldo berkurang padahal pembayaran QRIS tidak berhasil nih,suspicious_transaction
Saldo berkurang padahal pembayaran QRIS tidak berhasil ya,suspicious_transaction
Saldo berkurang padahal pembayaran QRIS tidak berhasil banget,suspicious_transaction
Saldo berkurang padahal pembayaran QRIS tidak berhasil sih,suspicious_transaction
Saldo berkurang padahal pembayaran QRIS tidak berhasil aja,suspicious_transaction
Saldo berkurang padahal pembayaran QRIS tidak berhasil kok,suspicious_transaction
Saldo berkurang padahal pembayaran QRIS tidak berhasil dong,suspicious_transaction
Saldo berkurang padahal pembayaran QRIS tidak berhasil bgt,suspicious_transaction
Saldo berkurang padahal pembayaran QRIS tidak berhasil kayaknya,suspicious_transaction
Saldo berkurang padahal pembayaran QRIS tidak berhasil menurut saya,suspicious_transaction
Saldo berkurang padahal pembayaran QRIS tidak berhasil pas saya bayar,suspicious_transaction
Saldo berkurang padahal pembayaran QRIS tidak berhasil waktu saya transaksi,suspicious_transaction
Saldo berkurang padahal pembayaran QRIS tidak berhasil pas discan,suspicious_transaction
Saldo berkurang padahal pembayaran QRIS tidak berhasil di toko ini,suspicious_transaction
Saldo berkurang padahal pembayaran QRIS tidak berhasil tadi,suspicious_transaction
Saldo berkurang padahal pembayaran QRIS tidak berhasil barusan,suspicious_transaction
Saldo berkurang padahal pembayaran QRIS tidak berhasil agak aneh,suspicious_transaction
Saldo berkurang padahal pembayaran QRIS tidak berhasil cukup jelas,suspicious_transaction
QRIS minta scan berkali-kali dan hasilnya aneh,suspicious_transaction
QRIS minta scan berkali-kali dan hasilnya aneh deh,suspicious_transaction
QRIS minta scan berkali-kali dan hasilnya aneh nih,suspicious_transaction
QRIS minta scan berkali-kali dan hasilnya aneh ya,suspicious_transaction
QRIS minta scan berkali-kali dan hasilnya aneh banget,suspicious_transaction
QRIS minta scan berkali-kali dan hasilnya aneh sih,suspicious_transaction
QRIS minta scan berkali-kali dan hasilnya aneh aja,suspicious_transaction
QRIS minta scan berkali-kali dan hasilnya aneh kok,suspicious_transaction
QRIS minta scan berkali-kali dan hasilnya aneh dong,suspicious_transaction
QRIS minta scan berkali-kali dan hasilnya aneh bgt,suspicious_transaction
QRIS minta scan berkali-kali dan hasilnya aneh kayaknya,suspicious_transaction
QRIS minta scan berkali-kali dan hasilnya aneh menurut saya,suspicious_transaction
QRIS minta scan berkali-kali dan hasilnya aneh pas saya bayar,suspicious_transaction
QRIS minta scan berkali-kali dan hasilnya aneh waktu saya transaksi,suspicious_transaction
QRIS minta scan berkali-kali dan hasilnya aneh pas discan,suspicious_transaction
QRIS minta scan berkali-kali dan hasilnya aneh di toko ini,suspicious_transaction
QRIS minta scan berkali-kali dan hasilnya aneh tadi,suspicious_transaction
QRIS minta scan berkali-kali dan hasilnya aneh barusan,suspicious_transaction
QRIS minta scan berkali-kali dan hasilnya aneh agak aneh,suspicious_transaction
QRIS minta scan berkali-kali dan hasilnya aneh cukup jelas,suspicious_transaction
Pembayaran gagal tapi uang saya terpotong,suspicious_transaction
Pembayaran gagal tapi uang saya terpotong deh,suspicious_transaction
Pembayaran gagal tapi uang saya terpotong nih,suspicious_transaction
Pembayaran gagal tapi uang saya terpotong ya,suspicious_transaction
Pembayaran gagal tapi uang saya terpotong banget,suspicious_transaction
Pembayaran gagal tapi uang saya terpotong sih,suspicious_transaction
Pembayaran gagal tapi uang saya terpotong aja,suspicious_transaction
Pembayaran gagal tapi uang saya terpotong kok,suspicious_transaction
Pembayaran gagal tapi uang saya terpotong dong,suspicious_transaction
Pembayaran gagal tapi uang saya terpotong bgt,suspicious_transaction
Pembayaran gagal tapi uang saya terpotong kayaknya,suspicious_transaction
Pembayaran gagal tapi uang saya terpotong menurut saya,suspicious_transaction
Pembayaran gagal tapi uang saya terpotong pas saya bayar,suspicious_transaction
Pembayaran gagal tapi uang saya terpotong waktu saya transaksi,suspicious_transaction
Pembayaran gagal tapi uang saya terpotong pas discan,suspicious_transaction
Pembayaran gagal tapi uang saya terpotong di toko ini,suspicious_transaction
Pembayaran gagal tapi uang saya terpotong tadi,suspicious_transaction
Pembayaran gagal tapi uang saya terpotong barusan,suspicious_transaction
Pembayaran gagal tapi uang saya terpotong agak aneh,suspicious_transaction
Pembayaran gagal tapi uang saya terpotong cukup jelas,suspicious_transaction
Transaksi QRIS pending terus tanpa kejelasan,suspicious_transaction
Transaksi QRIS pending terus tanpa kejelasan deh,suspicious_transaction
Transaksi QRIS pending terus tanpa kejelasan nih,suspicious_transaction
Transaksi QRIS pending terus tanpa kejelasan ya,suspicious_transaction
Transaksi QRIS pending terus tanpa kejelasan banget,suspicious_transaction
Transaksi QRIS pending terus tanpa kejelasan sih,suspicious_transaction
Transaksi QRIS pending terus tanpa kejelasan aja,suspicious_transaction
Transaksi QRIS pending terus tanpa kejelasan kok,suspicious_transaction
Transaksi QRIS pending terus tanpa kejelasan dong,suspicious_transaction
Transaksi QRIS pending terus tanpa kejelasan bgt,suspicious_transaction
Transaksi QRIS pending terus tanpa kejelasan kayaknya,suspicious_transaction
Transaksi QRIS pending terus tanpa kejelasan menurut saya,suspicious_transaction
Transaksi QRIS pending terus tanpa kejelasan pas saya bayar,suspicious_transaction
Transaksi QRIS pending terus tanpa kejelasan waktu saya transaksi,suspicious_transaction
Transaksi QRIS pending terus tanpa kejelasan pas discan,suspicious_transaction
Transaksi QRIS pending terus tanpa kejelasan di toko ini,suspicious_transaction
Transaksi QRIS pending terus tanpa kejelasan tadi,suspicious_transaction
Transaksi QRIS pending terus tanpa kejelasan barusan,suspicious_transaction
QRIS resmi nama toko sesuai dan transaksi sangat lancar,safe_confirmation
Pembayaran berhasil nama toko cocok dan aman digunakan,safe_confirmation
Nama toko sesuai dan pembayaran QRIS berhasil,safe_confirmation
Nama toko sesuai dan pembayaran QRIS berhasil deh,safe_confirmation
Nama toko sesuai dan pembayaran QRIS berhasil nih,safe_confirmation
Nama toko sesuai dan pembayaran QRIS berhasil ya,safe_confirmation
Nama toko sesuai dan pembayaran QRIS berhasil banget,safe_confirmation
Nama toko sesuai dan pembayaran QRIS berhasil sih,safe_confirmation
Nama toko sesuai dan pembayaran QRIS berhasil aja,safe_confirmation
Nama toko sesuai dan pembayaran QRIS berhasil kok,safe_confirmation
Nama toko sesuai dan pembayaran QRIS berhasil dong,safe_confirmation
Nama toko sesuai dan pembayaran QRIS berhasil bgt,safe_confirmation
Nama toko sesuai dan pembayaran QRIS berhasil kayaknya,safe_confirmation
Nama toko sesuai dan pembayaran QRIS berhasil menurut saya,safe_confirmation
Nama toko sesuai dan pembayaran QRIS berhasil pas saya bayar,safe_confirmation
Nama toko sesuai dan pembayaran QRIS berhasil waktu saya transaksi,safe_confirmation
Nama toko sesuai dan pembayaran QRIS berhasil pas discan jadi saya ragu,"safe_confirmation",
Nama toko sesuai dan pembayaran QRIS berhasil di toko ini,safe_confirmation
Nama toko sesuai dan pembayaran QRIS berhasil tadi,safe_confirmation
Nama toko sesuai dan pembayaran QRIS berhasil barusan,safe_confirmation
Nama toko sesuai dan pembayaran QRIS berhasil agak aneh,safe_confirmation
Nama toko sesuai dan pembayaran QRIS berhasil cukup jelas,safe_confirmation
QRIS resmi dan nama merchant cocok,safe_confirmation
QRIS resmi dan nama merchant cocok deh,safe_confirmation
QRIS resmi dan nama merchant cocok nih,safe_confirmation
QRIS resmi dan nama merchant cocok ya,safe_confirmation
QRIS resmi dan nama merchant cocok banget,safe_confirmation
QRIS resmi dan nama merchant cocok sih,safe_confirmation
QRIS resmi dan nama merchant cocok aja,safe_confirmation
QRIS resmi dan nama merchant cocok kok,safe_confirmation
QRIS resmi dan nama merchant cocok dong,safe_confirmation
QRIS resmi dan nama merchant cocok bgt,safe_confirmation
QRIS resmi dan nama merchant cocok kayaknya,safe_confirmation
QRIS resmi dan nama merchant cocok menurut saya,safe_confirmation
QRIS resmi dan nama merchant cocok pas saya bayar,safe_confirmation
QRIS resmi dan nama merchant cocok waktu saya transaksi,safe_confirmation
QRIS resmi dan nama merchant cocok pas discan,safe_confirmation
QRIS resmi dan nama merchant cocok di toko ini,safe_confirmation
QRIS resmi dan nama merchant cocok tadi,safe_confirmation
QRIS resmi dan nama merchant cocok barusan,safe_confirmation
QRIS resmi dan nama merchant cocok agak aneh,safe_confirmation
QRIS resmi dan nama merchant cocok cukup jelas,safe_confirmation
Pembayaran QRIS lancar tanpa kendala,safe_confirmation
Pembayaran QRIS lancar tanpa kendala deh,safe_confirmation
Pembayaran QRIS lancar tanpa kendala nih,safe_confirmation
Pembayaran QRIS lancar tanpa kendala ya,safe_confirmation
Pembayaran QRIS lancar tanpa kendala banget,safe_confirmation
Pembayaran QRIS lancar tanpa kendala sih,safe_confirmation
Pembayaran QRIS lancar tanpa kendala aja,safe_confirmation
Pembayaran QRIS lancar tanpa kendala kok,safe_confirmation
Pembayaran QRIS lancar tanpa kendala dong,safe_confirmation
Pembayaran QRIS lancar tanpa kendala bgt,safe_confirmation
Pembayaran QRIS lancar tanpa kendala kayaknya,safe_confirmation
Pembayaran QRIS lancar tanpa kendala menurut saya,safe_confirmation
Pembayaran QRIS lancar tanpa kendala pas saya bayar,safe_confirmation
Pembayaran QRIS lancar tanpa kendala waktu saya transaksi,safe_confirmation
Pembayaran QRIS lancar tanpa kendala pas discan,safe_confirmation
Pembayaran QRIS lancar tanpa kendala di toko ini,safe_confirmation
Pembayaran QRIS lancar tanpa kendala tadi,safe_confirmation
Pembayaran QRIS lancar tanpa kendala barusan,safe_confirmation
Pembayaran QRIS lancar tanpa kendala agak aneh,safe_confirmation
Pembayaran QRIS lancar tanpa kendala cukup jelas,safe_confirmation
Nama penerima sesuai dengan nama toko,safe_confirmation
Nama penerima sesuai dengan nama toko deh,safe_confirmation
Nama penerima sesuai dengan nama toko nih,safe_confirmation
Nama penerima sesuai dengan nama toko ya,safe_confirmation
Nama penerima sesuai dengan nama toko banget,safe_confirmation
Nama penerima sesuai dengan nama toko sih,safe_confirmation
Nama penerima sesuai dengan nama toko aja,safe_confirmation
Nama penerima sesuai dengan nama toko kok,safe_confirmation
Nama penerima sesuai dengan nama toko dong,safe_confirmation
Nama penerima sesuai dengan nama toko bgt,safe_confirmation
Nama penerima sesuai dengan nama toko kayaknya,safe_confirmation
Nama penerima sesuai dengan nama toko menurut saya,safe_confirmation
Nama penerima sesuai dengan nama toko pas saya bayar,safe_confirmation
Nama penerima sesuai dengan nama toko waktu saya transaksi,safe_confirmation
Nama penerima sesuai dengan nama toko pas discan,safe_confirmation
Nama penerima sesuai dengan nama toko di toko ini,safe_confirmation
Nama penerima sesuai dengan nama toko tadi,safe_confirmation
Nama penerima sesuai dengan nama toko barusan,safe_confirmation
Nama penerima sesuai dengan nama toko agak aneh,safe_confirmation
Nama penerima sesuai dengan nama toko cukup jelas,safe_confirmation
QRIS bisa dipakai dengan normal,safe_confirmation
QRIS bisa dipakai dengan normal deh,safe_confirmation
QRIS bisa dipakai dengan normal nih,safe_confirmation
QRIS bisa dipakai dengan normal ya,safe_confirmation
QRIS bisa dipakai dengan normal banget,safe_confirmation
QRIS bisa dipakai dengan normal sih,safe_confirmation
QRIS bisa dipakai dengan normal aja,safe_confirmation
QRIS bisa dipakai dengan normal kok,safe_confirmation
QRIS bisa dipakai dengan normal dong,safe_confirmation
QRIS bisa dipakai dengan normal bgt,safe_confirmation
QRIS bisa dipakai dengan normal kayaknya,safe_confirmation
QRIS bisa dipakai dengan normal menurut saya,safe_confirmation
QRIS bisa dipakai dengan normal pas saya bayar,safe_confirmation
QRIS bisa dipakai dengan normal waktu saya transaksi,safe_confirmation
QRIS bisa dipakai dengan normal pas discan,safe_confirmation
QRIS bisa dipakai dengan normal di toko ini,safe_confirmation
QRIS bisa dipakai dengan normal tadi,safe_confirmation
QRIS bisa dipakai dengan normal barusan,safe_confirmation
Pelayanannya kurang ramah dan toko agak kotor,other
Parkir di depan toko susah sekali,other
Pelayanannya kurang ramah,other
Pelayanannya kurang ramah deh,other
Pelayanannya kurang ramah nih,other
Pelayanannya kurang ramah ya,other
Pelayanannya kurang ramah banget,other
Pelayanannya kurang ramah sih,other
Pelayanannya kurang ramah aja,other
Pelayanannya kurang ramah kok,other
Pelayanannya kurang ramah dong,other
Pelayanannya kurang ramah bgt,other
Pelayanannya kurang ramah kayaknya,other
Pelayanannya kurang ramah menurut saya,other
Pelayanannya kurang ramah pas saya bayar,other
Pelayanannya kurang ramah waktu saya transaksi,other
Pelayanannya kurang ramah pas discan jadi saya ragu,"other",
Pelayanannya kurang ramah di toko ini,other
Pelayanannya kurang ramah tadi,other
Pelayanannya kurang ramah barusan,other
Pelayanannya kurang ramah agak aneh,other
Pelayanannya kurang ramah cukup jelas,other
Tokonya agak kotor,other
Tokonya agak kotor deh,other
Tokonya agak kotor nih,other
Tokonya agak kotor ya,other
Tokonya agak kotor banget,other
Tokonya agak kotor sih,other
Tokonya agak kotor aja,other
Tokonya agak kotor kok,other
Tokonya agak kotor dong,other
Tokonya agak kotor bgt,other
Tokonya agak kotor kayaknya,other
Tokonya agak kotor menurut saya,other
Tokonya agak kotor pas saya bayar,other
Tokonya agak kotor waktu saya transaksi,other
Tokonya agak kotor pas discan,other
Tokonya agak kotor di toko ini,other
Tokonya agak kotor tadi,other
Tokonya agak kotor barusan,other
Tokonya agak kotor agak aneh,other
Tokonya agak kotor cukup jelas,other
Parkir di depan toko susah,other
Parkir di depan toko susah deh,other
Parkir di depan toko susah nih,other
Parkir di depan toko susah ya,other
Parkir di depan toko susah banget,other
Parkir di depan toko susah sih,other
Parkir di depan toko susah aja,other
Parkir di depan toko susah kok,other
Parkir di depan toko susah dong,other
Parkir di depan toko susah bgt,other
Parkir di depan toko susah kayaknya,other
Parkir di depan toko susah menurut saya,other
Parkir di depan toko susah pas saya bayar,other
Parkir di depan toko susah waktu saya transaksi,other
Parkir di depan toko susah pas discan,other
Parkir di depan toko susah di toko ini,other
Parkir di depan toko susah tadi,other
Parkir di depan toko susah barusan,other
Parkir di depan toko susah agak aneh,other
Parkir di depan toko susah cukup jelas,other
Kasirnya lama melayani,other
Kasirnya lama melayani deh,other
Kasirnya lama melayani nih,other
Kasirnya lama melayani ya,other
Kasirnya lama melayani banget,other
Kasirnya lama melayani sih,other
Kasirnya lama melayani aja,other
Kasirnya lama melayani kok,other
Kasirnya lama melayani dong,other
Kasirnya lama melayani bgt,other
Kasirnya lama melayani kayaknya,other
Kasirnya lama melayani menurut saya,other
Kasirnya lama melayani pas saya bayar,other
Kasirnya lama melayani waktu saya transaksi,other
Kasirnya lama melayani pas discan,other
Kasirnya lama melayani di toko ini,other
Kasirnya lama melayani tadi,other
Kasirnya lama melayani barusan,other
Kasirnya lama melayani agak aneh,other
Kasirnya lama melayani cukup jelas,other
Antrian di toko terlalu panjang,other
Antrian di toko terlalu panjang deh,other
Antrian di toko terlalu panjang nih,other
Antrian di toko terlalu panjang ya,other
Antrian di toko terlalu panjang banget,other
Antrian di toko terlalu panjang sih,other
Antrian di toko terlalu panjang aja,other
Antrian di toko terlalu panjang kok,other
Antrian di toko terlalu panjang dong,other
Antrian di toko terlalu panjang bgt,other
Antrian di toko terlalu panjang kayaknya,other
Antrian di toko terlalu panjang menurut saya,other
Antrian di toko terlalu panjang pas saya bayar,other
Antrian di toko terlalu panjang waktu saya transaksi,other
Antrian di toko terlalu panjang pas discan,other
Antrian di toko terlalu panjang di toko ini,other
Antrian di toko terlalu panjang tadi,other
Antrian di toko terlalu panjang barusan,other
Nama di rekening tujuan beda jauh dengan nama plang toko,identity_mismatch
Nama pemilik rekening yang muncul bukan nama merchant resmi,identity_mismatch
Stiker QRIS ditempel ganda di atas kode QR aslinya,qr_replacement
Ada stiker palsu yang sengaja ditimpa di atas akrilik QRIS toko,qr_replacement
Kasir meminta tambahan biaya 2000 untuk transaksi QRIS,additional_fees
Dikenakan biaya admin tanpa pemberitahuan sebelumnya,additional_fees
Transaksi berkali-kali gagal tapi saldo saya terpotong,suspicious_transaction
Sistem QRIS mencurigakan meminta transfer berulang kali,suspicious_transaction
QRIS resmi nama toko sesuai dan transaksi sangat lancar,safe_confirmation
Pembayaran berhasil nama toko cocok dan aman digunakan,safe_confirmation
Pelayanannya kurang ramah dan toko agak kotor,other
Parkir di depan toko susah sekali,other
,
"QRIS-nya kayak ditempel stiker baru di atas QR yang asli, qrnya beda""",qr_replacement
Kayaknya QRIS ini ditimpa sama stiker lain deh,qr_replacement
Stiker QRIS di toko ini keliatan kayak palsu dan nutupin QR asli,qr_replacement
QR di meja kasir ditempel lagi di atas kode sebelumnya,qr_replacement
Pas mau bayar keliatan ada stiker QRIS baru nutupin QR lama,qr_replacement
"QRIS-nya ditempel dobel, yg bawah keliatan masih ada""",qr_replacement
Ini QRIS asli ketutup sama stiker lain kayaknya,qr_replacement
"Stiker QRIS-nya aneh, kayak ditempel di atas QRIS toko""",qr_replacement
QR nya keliatan ditiban stiker baru,qr_replacement
Kayaknya ada QR palsu ditempel di atas QRIS resmi toko,qr_replacement
Di kasir ada stiker QRIS yang nutupin QR sebelumnya,qr_replacement
QRIS ini kayaknya udah diganti pake stiker lain,qr_replacement
Stiker QRIS keliatan baru banget dan nutup QR lama,qr_replacement
Kode QR yang saya scan kayak ditempel di atas kode asli,qr_replacement
QRIS-nya mencurigakan karena ada lapisan stiker di atasnya,qr_replacement
Kayak ada yg nempelin QR baru di atas QRIS toko,qr_replacement
"Stiker QRIS di sini dobel, yg satu nutupin yg lain""",qr_replacement
"QRIS-nya bukan satu lapis, keliatan ada stiker tambahan""",qr_replacement
Pas diliat deket ternyata QRIS-nya ditimpa stiker,qr_replacement
QR di toko ini kayaknya udah ditempel ulang,qr_replacement
Stiker QRIS-nya nutupin kode QR yang lama,qr_replacement
Kayaknya QRIS asli toko ditutupi sama QR baru,qr_replacement
Ada stiker lain persis di atas QRIS resmi,qr_replacement
QRIS di kasir keliatan kayak hasil tempelan,qr_replacement
"Kode QR-nya aneh, kayak ditempel di atas kode yg lama""",qr_replacement
Stiker QRIS ini kayak palsu karena nutupin stiker asli,qr_replacement
"QRIS-nya ditempel dua kali, agak mencurigakan""",qr_replacement
Gw liat ada bekas QR lama di bawah stiker yg sekarang,qr_replacement
QRIS-nya keliatan ditumpuk sama stiker baru,qr_replacement
Ini QR bukan bawaan toko kayaknya ditempel di atas QR lama,qr_replacement,
Stiker QRIS-nya keliatan beda sama bagian bawahnya,qr_replacement
Pas discan ternyata QRIS-nya kayak bukan punya toko,qr_replacement
QRIS di meja makan kayaknya ditempel orang lain,qr_replacement
Ada stiker QR baru nutupin kode lama,qr_replacement
QRIS ini kayak hasil replace stiker deh,qr_replacement
"Stiker QRIS-nya kayak ditiban, keliatan bekas tempelan""",qr_replacement
Kode QR yg saya scan ternyata ada stiker lain di bawahnya,qr_replacement
QRIS-nya keliatan nggak original karena ditempel ulang,qr_replacement
Di atas QRIS asli ada tempelan QR lain,qr_replacement
Kayaknya ada yg ganti QRIS toko pake stiker,qr_replacement
"Stiker QR ini mencurigakan, posisinya nutup QR yang lama""",qr_replacement
QRIS-nya ketutup stiker baru semua,qr_replacement
Di bawah QRIS ini masih keliatan kode lama,qr_replacement
QRIS toko ini kayak ditimpa QR lain,qr_replacement
"Stikernya nggak rapi, kayak ditempel di atas QRIS lama""",qr_replacement
QR nya keliatan ditempel ulang bukan dari awal,qr_replacement
Ada QR lain nempel di atas QRIS resmi,qr_replacement
Gw curiga QRIS ini udah diganti pake tempelan,qr_replacement
QRIS di kasir ada bekas stiker lama di bawahnya,qr_replacement
Ini QRIS kok kayak ditutup stiker baru ya,qr_replacement
QRIS-nya beda sendiri dan kayak ditempel belakangan,qr_replacement
Stiker QRIS baru nutupin QR yang sebelumnya,qr_replacement
Kayaknya ada orang yg nempelin QR palsu di toko ini,qr_replacement
QRIS-nya keliatan kayak bukan stiker bawaan toko,qr_replacement
Kode QR di meja kasir ada tempelan di atasnya,qr_replacement
"QRIS ini mencurigakan bgt, keliatan ada lapisan kedua""",qr_replacement
"Stiker QRIS-nya dobel, kayak ada yg ganti""",qr_replacement
QR lama masih keliatan di balik stiker QR baru,qr_replacement
Pas diperhatiin QRIS-nya ternyata ditiban,qr_replacement
Stiker yg sekarang kayak nutup QRIS asli toko,qr_replacement
QRIS ini kayak ditempel sama org lain,qr_replacement
QR nya nggak nyatu sama desain stiker toko kayak tempelan,qr_replacement,qr_replacement
QRIS di kasir keliatan palsu karena ditempel di atas yg lama,qr_replacement
Stiker QR-nya baru tapi ada QR lama di bawah,qr_replacement
QRIS toko kayaknya kena penggantian stiker,qr_replacement
Ada bekas sobekan stiker lama di bawah QRIS sekarang,qr_replacement
"QRIS-nya keliatan ditumpuk, bukan satu stiker doang""",qr_replacement
Kayaknya QR ini hasil tempelan baru di atas QR resmi,qr_replacement
"QRIS-nya kayak diganti orang, ada stiker baru nutupin yg lama""",qr_replacement
"Stiker QRIS di sini mencurigakan, kayak QR palsu""",qr_replacement
Gw nemu QRIS yg ditempel di atas QRIS sebelumnya,qr_replacement
QR lama ketutup total sama stiker QR baru,qr_replacement
QRIS-nya kayak ditukar lewat stiker,qr_replacement
Ada tempelan QR baru di tempat QRIS asli,qr_replacement
QR ini keliatan bukan bagian asli dari stiker toko,qr_replacement
Stiker QRIS-nya kayak dipasang belakangan,qr_replacement
QRIS di kasir ada lapisan stiker tambahan,qr_replacement
QRIS ini kelihatan udah pernah ditimpa,qr_replacement
QR baru ditempel persis di atas QR lama,qr_replacement
Stiker QRIS-nya nutupin bagian QRIS yg asli,qr_replacement
Kayaknya kode QR toko udah ditiban sama QR lain,qr_replacement
QRIS-nya ada bekas tempelan dan keliatan nggak asli,qr_replacement
Di balik QRIS sekarang masih ada stiker QR sebelumnya,qr_replacement
QRIS ini kayak udah di-replace pake stiker,qr_replacement
Gw liat QR lama masih nongol sedikit di bawah stiker,qr_replacement
Stiker QRIS-nya beda warna dan kayak tempelan baru,qr_replacement
QR yang dipasang di toko ini kayak QR pengganti,qr_replacement
QRIS-nya kayak ditutupi pake stiker QR lain,qr_replacement
Pas dicek ternyata ada QR lain di bawah stiker,qr_replacement
Stiker QRIS ini keliatan mencurigakan karena berlapis,qr_replacement
QRIS resmi kayaknya ketutup sama stiker baru,qr_replacement
"QR-nya ditempel di atas QRIS toko, bukan bawaan awal""",qr_replacement
QRIS di tempat ini kayaknya udah diganti diam2,qr_replacement
Stiker QR-nya nutup QR lama sampai nggak keliatan,qr_replacement
QRIS-nya keliatan palsu gara2 ada tempelan di atasnya,qr_replacement
Ini QRIS kok ada bekas stiker lain ya,qr_replacement
"QR baru ditempel di atas QR lama, agak sus sih""",qr_replacement
QRIS-nya kayak ditiban orang bukan stiker original,qr_replacement,qr_replacement
Gw curiga QRIS di sini udah diganti pake tempelan,qr_replacement
Stiker QRIS-nya keliatan kayak lapisan kedua,qr_replacement
QR yang discan ternyata bukan QR yang awalnya ada di toko,qr_replacement
QRIS ini kayak ditempel ulang pake stiker baru,qr_replacement
QRIS toko ketutup sama QR lain yg ditempel,qr_replacement
Stiker QR-nya keliatan palsu dan nutupin QR asli,qr_replacement
"QRIS-nya kayak ada manipulasi stiker, beda dari aslinya""",qr_replacement
Di kasir ada QRIS baru yg ditempel di atas QR lama,qr_replacement
QRIS ini kayak diganti stiker sama orang nggak dikenal,qr_replacement
QR lama masih keliatan di pinggir stiker baru,qr_replacement
Stiker QRIS-nya kayak ditempel sembarangan di atas yg lama,qr_replacement
QRIS yg tersedia kayak bukan yg original ada tempelan,qr_replacement,
"Kode QR-nya ditimpa stiker lain, jadi mencurigakan""",qr_replacement
QRIS-nya keliatan udah pernah diganti atau ditiban,qr_replacement
Stiker QR baru menutupi QRIS asli toko,qr_replacement
QRIS ini kayak tempelan palsu di atas QR resmi,qr_replacement
Pas saya cek ada stiker QR lain tepat di atas QRIS toko,qr_replacement
QRIS-nya berlapis kemungkinan ada yg nempelin QR baru,qr_replacement,
QR yang ditempel di kasir keliatan bukan bawaan asli,qr_replacement
Stiker QRIS ini kayak sengaja nutupin kode QR asli,qr_replacement
QRIS toko kayaknya diganti lewat stiker baru,qr_replacement
QR lama masih keliatan dikit di bawah tempelan,qr_replacement
QRIS ini mencurigakan karena ada stiker pengganti,qr_replacement
Kayaknya ada yg tempel QR palsu di atas QRIS resmi,qr_replacement
Stiker QRIS-nya ditiban dan QR lama masih kebaca,qr_replacement
"QR baru nutup QR lama, takutnya bukan punya toko""",qr_replacement
QRIS di toko ini keliatan udah diubah pake stiker,qr_replacement
QR-nya kayak palsu karena ditempel di atas QR asli,qr_replacement
"Stiker QRIS-nya nggak asli, keliatan banget cuma tempelan""",qr_replacement
QRIS resmi ketutup sama stiker QR lain,qr_replacement
QR yang ada sekarang kayak QR pengganti bukan QR asli,qr_replacement
"QRIS-nya kayak ditiban stiker baru, jd ragu mau bayar""",qr_replacement
Gw liat ada QR lama di bawah QR yg sekarang,qr_replacement
QRIS ini kayak kena tempel QR palsu di atasnya,qr_replacement
Stiker QRIS-nya aneh bgt kayak nutupin QR asli,qr_replacement,
"QR baru ditempel di atas kode QR lama, mencurigakan""",qr_replacement
QRIS-nya keliatan udah diganti sama stiker lain,qr_replacement
Kayaknya ada yg manipulasi QRIS pake stiker tempelan,qr_replacement
"QRIS toko ini ketimpa QR lain, jadi saya nggak berani scan""",qr_replacement
Stiker QR-nya kayak palsu dan dipasang di atas QRIS asli,qr_replacement
"QRIS-nya ada bekas tempelan lama, kemungkinan udah diganti""",qr_replacement
QR yang saya scan ternyata ditempel di atas QRIS sebelumnya,qr_replacement

,
Feedback untuk toko: Toko terlalu ramai dan sempit.,other
Sudah coba berkali-kali tapi Sistem QRIS mengalami gangguan mencurigakan walaupun tidak ada notifikasi sukses tolong segera ditangani.,suspicious_transaction
Hmm Kenapa ya Identitas merchant jauh berbeda dari nama di spanduk saya khawatir?,identity_mismatch
Loh Saya lihat ada QR code palsu yang menimpa QRIS original di depan toko.,qr_replacement
Eh Setelah scan Identitas merchant nggak sama dengan nama usaha tolong dicek.,identity_mismatch
QR terbaca tapi transaksi gagal dan walaupun gak ada notifikasi sukses ketika transaksi berlangsung saya bingung harus lapor kemana.,suspicious_transaction
Wah Sudah coba berkali-kali tapi Pembayaran tidak berhasil tapi saldo udah terpotong ini sudah kedua kalinya.,suspicious_transaction
Eh Alhamdulillah Semua berjalan baik. nama rekening tujuan sesuai. Sangat mudah dan cepat.,safe_confirmation
Hmm Ada QR lain yang ditempel mencurigakan yang menimpa QRIS original di depan toko.,qr_replacement
Loh Nama rekening tujuan jauh berbeda dari nama di spanduk tolong dicek.,identity_mismatch
Aduh Transaksi QRIS gagal terus ketika transaksi berlangsung padahal uang sudah keluar.,suspicious_transaction
QR terbaca tapi transaksi gagal dan tapi rekening sudah didebet pas saya scan QR-nya ini banget merugikan.,suspicious_transaction
Wah Kayaknya ada kode QR yang mencurigakan yang menimpa QRIS original di tempat pembayaran langsung gue laporkan.,qr_replacement
Wah Aneh banget Pembayaran enggak berhasil waktu pembayaran diproses saldo terpotong ganda ini sudah kedua kalinya.,suspicious_transaction
Si penjualnya minta Rp5.000 sebagai biaya sistem aku komplain tapi diabaikan.,additional_fees
Wah Tiba-tiba ada tambahan dua ribu rupiah katanya ongkos pembayaran digital saya merasa dirugikan.,additional_fees
Lho kok Nama penerima gak cocok sama nama merchant resmi saya khawatir?,identity_mismatch
Aduh Aneh banget QR terbaca tapi transaksi gagal pas saya scan QR-nya tapi rekening sudah didebet tolong segera ditangani.,suspicious_transaction
Eh Si penjualnya minta 500 perak sebagai biaya transaksi tanpa pemberitahuan sebelumnya.,additional_fees
Oh iya Pengalaman saya: Tidak ada wifi di toko secara keseluruhan lumayan.,other
Eh Pencahayaan toko kurang terang tidak masalah sih.,other
Ada pungutan Rp2.500 sebagai biaya sistem.,additional_fees
"Pembayaran QRIS sukses, logo QRIS jelas dan tidak rusak. Tidak ada kendala sama sekali.",safe_confirmation
Aduh Lho kok Nama penerima asing dan tidak dikenal jadi saya ragu mau bayar?,identity_mismatch
"Berhasil bayar QRIS, merchant terverifikasi. Transaksi selesai dengan aman. Aman digunakan.",safe_confirmation
Oh iya Aneh banget Transaksi error berkali-kali saat gw coba bayar tapi saldo udah terpotong.,suspicious_transaction
Saya lihat ada kode QR yang mencurigakan yang menutupi QR code merchantnya di kasir toko saya curiga ini penipuan.,qr_replacement
"Transaksi berhasil dan lancar, logo QRIS jelas dan nggak rusak.",safe_confirmation
Aduh Saya dikenai biaya ekstra 500 perak atas nama biaya transaksi apakah ini diperbolehkan?.,additional_fees
QRIS-nya tidak asli ada kode QR yang mencurigakan yang menutupi QR code merchantnya saya curiga ini penipuan.,qr_replacement
Petugasnya minta Rp1.000 sebagai ongkos pembayaran digital apakah ini diperbolehkan?.,additional_fees
Hmm Catatan: Produknya bagus tapi packaging kurang menarik secara keseluruhan lumayan.,other
Hmm Sistem QRIS mengalami gangguan mencurigakan waktu pembayaran diproses walaupun tidak ada notifikasi sukses mohon bantuan.,suspicious_transaction
Aneh banget Pembayaran tidak berhasil ketika saya coba bayar saldo terpotong ganda saya minta refund.,suspicious_transaction
Aduh Transaksi QRIS gagal terus waktu pembayaran diproses tapi rekening sudah didebet tolong segera ditangani.,suspicious_transaction
"Wah Syukurlah Pembayaran QRIS sukses, merchant terverifikasi. Recommended deh tokonya.",safe_confirmation
Wah Sudah coba berkali-kali tapi Transaksi QRIS gagal terus namun saldo berkurang dana saya hilang.,suspicious_transaction
nama rekening tujuan sesuai dan Proses pembayaran mulus. Aman digunakan.,safe_confirmation
"Pembayaran QRIS sukses, logo QRIS jelas dan tidak rusak. Tidak ada kendala sama sekali.",safe_confirmation
Aneh banget Nama di layar pembayaran tidak sesuai dengan nama toko gue khawatir.,identity_mismatch
Hmm Pas scan QRIS-nya Nama merchant nama orang bukan nama toko gue batalin aja transaksinya.,identity_mismatch
Loh Saya mau kasih masukan: Toko terlalu ramai dan sempit.,other
Eh Kenapa ya Nama yang muncul pas scan beda sama nama yang ada di plang ini fraud ya??,identity_mismatch
Saya dikenai biaya ekstra seribu rupiah atas nama tanpa alasan jelas BI melarang ini.,additional_fees
Catatan: Tidak ada wifi di toko secara keseluruhan lumayan.,other
Lho kok Nama yang muncul saat scan gak cocok sama nama merchant resmi apa ini aman??,identity_mismatch
Wah Kualitas produknya bagus sekali tidak masalah sih.,other
Saya mau kasih masukan: Kualitas produknya bagus sekali tidak masalah sih.,other
"Berhasil bayar QRIS, nama rekening tujuan sesuai. Pembayaran sukses tanpa masalah.",safe_confirmation
Aduh Ada kode QR yang mencurigakan mencurigakan yang ditimpa di kode QR yang sah di meja kasir saya curiga ini penipuan.,qr_replacement
Saya perhatikan Nama akun tujuan bukan nama tokonya sama sekali saya khawatir.,identity_mismatch
"Aduh Berhasil bayar QRIS, nama rekening tujuan sesuai. Transaksi selesai dengan aman. Sangat mudah dan cepat.",safe_confirmation
Eh Lho kok Nama pemilik rekening berbeda dgn nama toko yang tertera apa mungkin QRIS-nya dipalsukan??,identity_mismatch
Hmm Ditagih Rp1.500 lagi dengan alasan biaya penggunaan QRIS ini nggak boleh.,additional_fees
Loh Saya mau kasih masukan: Tidak ada wifi di toko.,other
"Berhasil bayar QRIS, QR code tampak original. Pembayaran QRIS sukses.",safe_confirmation
"Wah Berhasil bayar QRIS, QR code tampak original. Semua berjalan baik. Tidak ada kendala sama sekali.",safe_confirmation
Aduh Diminta bayar tambahan seribu rupiah untuk biaya sistem.,additional_fees
Oh iya Kelihatan ada stiker QRIS baru yang menutup QR code resmi saya foto dulu sebagai bukti.,qr_replacement
Transaksi QRIS gagal terus dan walaupun tidak ada notifikasi sukses waktu pembayaran diproses ini dah kedua kalinya.,suspicious_transaction
Lho kok Nama rekening tujuan beda banget dari nama tokonya ini fraud ya??,identity_mismatch
Loh Kayaknya ada stiker QRIS baru yang menimpa QRIS original di akrilik stan.,qr_replacement
Wah Kayaknya ada stiker QRIS baru yang menutup QR code resmi di akrilik stan.,qr_replacement
Aduh Saya perhatikan Nama akun tujuan jauh berbeda dari nama di spanduk langsung saya laporin.,identity_mismatch
Oh iya Aneh banget QRIS tidak bisa dipindai ketika transaksi berlangsung walaupun tidak ada notifikasi sukses saya bingung harus lapor kemana.,suspicious_transaction
Sudah coba berkali-kali tapi QR terbaca tapi transaksi gagal walaupun tidak ada notifikasi sukses ini sudah kedua kalinya.,suspicious_transaction
Loh Kualitas produknya bagus sekali.,other
"Wah Berhasil bayar QRIS, logo QRIS jelas dan tidak rusak. Proses pembayaran mulus. Aman digunakan.",safe_confirmation
Loh Aneh banget Sistem QRIS mengalami gangguan mencurigakan walaupun tidak ada notifikasi sukses dana saya hilang.,suspicious_transaction
Saya mau kasih masukan: Harganya mahal dibanding toko lain.,other
Aduh Sistem QRIS mengalami gangguan mencurigakan dan tapi rekening sudah didebet saat saya coba bayar ini sangat merugikan.,suspicious_transaction
Loh Saya lihat ada stiker QRIS baru yang ditimpa di kode QR yang sah di kasir toko ini pasti fraud.,qr_replacement
Hmm Saya perhatikan Nama akun tujuan nama orang bukan nama toko bikin curiga.,identity_mismatch
Tempat parkir susah sekali perlu diperbaiki.,other
Loh QR code tampak original dan Pembayaran sukses tanpa masalah. Terpercaya tokonya.,safe_confirmation
Aduh Aneh banget Pembayaran tidak berhasil waktu aku coba bayar tapi rekening sudah didebet saya bingung harus lapor kemana.,suspicious_transaction
Saya perhatikan Nama penerima beda banget dari nama tokonya jadi gw ragu mau bayar.,identity_mismatch
Aduh Saya lihat ada QR lain yang ditempel yang nempel di atas akrilik QRIS di depan toko saya gak jadi bayar.,qr_replacement
Wah Transaksi error berkali-kali dan tapi rekening sudah didebet pas saya scan QR-nya ini sudah kedua kalinya.,suspicious_transaction
Wah Aneh banget Sistem QRIS mengalami gangguan mencurigakan waktu aku coba bayar namun saldo berkurang tolong segera ditangani.,suspicious_transaction
Loh AC di dalam toko terlalu dingin nggak masalah sih.,other
Aduh QR terbaca tapi transaksi gagal dan tapi saldo sudah terpotong waktu pembayaran diproses tolong segera ditangani.,suspicious_transaction
Nama di layar pembayaran nama orang bukan nama toko tolong dicek.,identity_mismatch
"Berhasil bayar QRIS, tidak ada biaya tambahan. Pembayaran QRIS sukses. Aman digunakan.",safe_confirmation
Wah Sistem QRIS mengalami gangguan mencurigakan dan namun saldo berkurang saat saya coba bayar saya minta refund.,suspicious_transaction
Wah Aneh banget Nama yang muncul saat scan tidak sesuai dengan nama toko langsung aku laporin.,identity_mismatch
Eh Feedback untuk toko: Kualitas produknya bagus sekali tapi overall oke kok.,other
Wah Ada stiker QR palsu mencurigakan yang ditimpa di kode QR yang sah di akrilik stan.,qr_replacement
Oh iya Mbaknya minta Rp2.000 sebagai tanpa alasan jelas apakah ini diperbolehkan?.,additional_fees
Wah Catatan: AC di dalam toko terlalu dingin perlu diperbaiki.,other
Kelihatan ada QR lain yang ditempel yang ditimpa di kode QR yang sah saya gak jadi bayar.,qr_replacement
Oh iya Aneh banget Sistem QRIS mengalami gangguan mencurigakan ketika transaksi berlangsung walaupun enggak ada notifikasi sukses ini sangat merugikan.,suspicious_transaction
Wah Pembayaran tidak berhasil dan walaupun tidak ada notifikasi sukses pas saya scan QR-nya mohon bantuan.,suspicious_transaction
Hmm Feedback untuk toko: Toko agak kotor di bagian belakang semoga bisa lebih baik.,other
Kayaknya ada stiker QRIS baru yang menutupi QR code merchantnya di meja kasir saya curiga ini penipuan.,qr_replacement
QR terbaca tapi transaksi gagal padahal uang dah keluar.,suspicious_transaction
Eh Diminta bayar tambahan seribu rupiah untuk tanpa alasan jelas ini jelas melanggar aturan.,additional_fees
Eh Saya lihat ada stiker QR palsu yang dipasang di atas QRIS toko di depan toko saya gak jadi bayar.,qr_replacement
Aneh banget Nama di layar pembayaran nama orang bukan nama toko.,identity_mismatch
Aduh Kenapa ya Nama rekening tujuan beda sama nama yang ada di plang?,identity_mismatch
Eh Kenapa ya Nama akun tujuan nggak cocok dgn stiker toko saya khawatir?,identity_mismatch
Loh Pas scan QRIS-nya Identitas merchant jauh berbeda dari nama di spanduk gw khawatir.,identity_mismatch
Wah Alhamdulillah Semua berjalan baik. nama penerima cocok dengan tokonya. Puas dengan layanannya.,safe_confirmation
Oh iya Feedback untuk toko: Harga dan kualitas sebanding enggak masalah sih.,other
Wah Nama penerima beda banget dari nama tokonya apa mungkin QRIS-nya dipalsukan?.,identity_mismatch
Loh Aneh banget QRIS enggak bisa dipindai padahal uang sudah keluar saya minta refund.,suspicious_transaction
Catatan: Toko terlalu ramai dan sempit tapi overall oke kok.,other
Aneh banget Pembayaran ga berhasil ketika transaksi berlangsung padahal uang udah keluar tolong segera ditangani.,suspicious_transaction
Alhamdulillah Pembayaran QRIS sukses. QR code tampak original.,safe_confirmation
Loh Pas scan QRIS-nya Nama merchant gak cocok sama nama merchant resmi saya batalin aja transaksinya.,identity_mismatch
Eh Kelihatan ada stiker QR palsu yang ditempel di atas QR asli gw foto dulu sebagai bukti.,qr_replacement
Aduh Pembayaran tidak berhasil saat saya coba bayar tapi saldo dah terpotong tolong segera ditangani.,suspicious_transaction
Kayaknya ada stiker QR palsu yang dipasang di atas QRIS toko di meja kasir.,qr_replacement
Transaksi error berkali-kali dan tapi rekening sudah didebet ketika transaksi berlangsung tolong segera ditangani.,suspicious_transaction
Ada pungutan Rp1.000 sebagai biaya transaksi ini enggak boleh.,additional_fees
Wah Transaksi error berkali-kali dan walaupun tidak ada notifikasi sukses waktu pembayaran diproses dana gw hilang.,suspicious_transaction
Lho kok Nama akun tujuan gak cocok dengan stiker toko saya khawatir?,identity_mismatch
Catatan: Tempat parkir susah sekali.,other
Aduh Sistem QRIS mengalami gangguan mencurigakan saat gue coba bayar walaupun ga ada notifikasi sukses saya bingung harus lapor kemana.,suspicious_transaction
Eh Tiba-tiba ada tambahan seribu rupiah katanya biaya layanan tanpa pemberitahuan sebelumnya.,additional_fees
Kasir minta Rp3.000 sebagai biaya penggunaan QRIS.,additional_fees
Wah Ada pungutan Rp500 sebagai biaya sistem ini jelas melanggar aturan.,additional_fees
Hmm Pengalaman gue: Pelayanan kasirnya kurang ramah tidak masalah sih.,other
"Berhasil bayar QRIS, QR code tampak original. Transaksi selesai dengan aman. Sangat mudah dan cepat.",safe_confirmation
Aneh banget Nama di layar pembayaran beda sama nama yang ada di plang saya khawatir.,identity_mismatch
Wah Ada pungutan Rp2.000 sebagai tanpa alasan jelas tanpa pemberitahuan sebelumnya.,additional_fees
Oh iya Kenapa ya Nama di layar pembayaran bukan nama tokonya sama sekali?,identity_mismatch
"Hmm Berhasil bayar QRIS, nama rekening tujuan sesuai. Transaksi berhasil dan lancar. Aman digunakan.",safe_confirmation
Loh Lho kok Nama di layar pembayaran berbeda dengan nama toko yang tertera jadi saya ragu mau bayar?,identity_mismatch
Wah QR terbaca tapi transaksi gagal pas gue scan QR-nya tapi saldo sudah terpotong saya minta refund.,suspicious_transaction
Transaksi error berkali-kali saat aku coba bayar saldo terpotong ganda saya bingung harus lapor kemana.,suspicious_transaction
"Syukurlah Pembayaran sukses tanpa masalah, logo QRIS jelas dan tidak rusak. Recommended deh tokonya.",safe_confirmation
Wah Aneh banget Sistem QRIS mengalami gangguan mencurigakan waktu pembayaran diproses walaupun tidak ada notifikasi sukses gw bingung harus lapor kemana.,suspicious_transaction
Eh Waktu mau bayar saya notice QR lain yang ditempel menutupi QR code merchantnya di depan toko tolong ditindaklanjuti.,qr_replacement
Hmm Alhamdulillah Pembayaran sukses tanpa masalah. nggak ada biaya tambahan. Tidak ada kendala sama sekali.,safe_confirmation
Eh Ada pungutan Rp3.000 sebagai ongkos pembayaran digital.,additional_fees
Eh Feedback untuk toko: Toko terlalu ramai dan sempit tapi overall oke kok.,other
Eh Feedback untuk toko: Jam buka toko ga konsisten tidak masalah sih.,other
Hmm Pengalaman aku: Kualitas produknya bagus sekali tidak masalah sih.,other
Loh QRIS tidak bisa dipindai dan padahal uang dah keluar ini sudah kedua kalinya.,suspicious_transaction
Wah Aneh banget Nama merchant berbeda dengan nama toko yang tertera ini fraud ya?.,identity_mismatch
Loh Tiba-tiba ada tambahan 500 perak katanya ongkos pembayaran digital saya merasa dirugikan.,additional_fees
Alhamdulillah Pembayaran QRIS sukses. tidak ada biaya tambahan. Puas dgn layanannya.,safe_confirmation
Saya lihat ada stiker QR palsu yang menutup QR code resmi di tempat pembayaran.,qr_replacement
Hmm Sistem QRIS mengalami gangguan mencurigakan dan saldo terpotong ganda waktu pembayaran diproses dana saya hilang.,suspicious_transaction
Wah Aneh banget Transaksi error berkali-kali ketika transaksi berlangsung namun saldo berkurang tolong segera ditangani.,suspicious_transaction
Eh Kayaknya ada QR code palsu yang dipasang di atas QRIS toko di akrilik stan.,qr_replacement
Lho kok Identitas merchant jauh berbeda dari nama di spanduk bikin curiga?,identity_mismatch
Loh Tiba-tiba ada tambahan Rp2.500 katanya biaya admin QRIS ini jelas melanggar aturan.,additional_fees
"Eh Berhasil bayar QRIS, nama merchant sesuai dgn nama toko. Transaksi selesai dengan aman.",safe_confirmation
"Eh Syukurlah Pembayaran QRIS sukses, nama rekening tujuan sesuai. Recommended deh tokonya.",safe_confirmation
Masnya minta 500 perak sebagai biaya layanan aku komplain tapi diabaikan.,additional_fees
Oh iya Identitas merchant tidak cocok dengan stiker toko tolong dicek.,identity_mismatch
Hmm Pengalaman saya: Toko terlalu ramai dan sempit tapi overall oke kok.,other
Pengalaman saya: Pencahayaan toko kurang terang tapi overall oke kok.,other
Loh Setelah scan Nama yang muncul waktu scan beda sama nama yang ada di plang langsung saya laporin.,identity_mismatch
Loh Si penjualnya minta Rp5.000 sebagai tanpa alasan jelas ini jelas melanggar aturan.,additional_fees
Oh iya Sudah coba berkali-kali tapi Pembayaran tidak berhasil padahal uang sudah keluar.,suspicious_transaction
"Syukurlah Transaksi selesai dengan aman, merchant terverifikasi.",safe_confirmation
Waktu mau bayar saya notice QR code palsu menutupi QR code merchantnya di depan toko saya gak jadi bayar.,qr_replacement
Aduh Saya perhatikan Nama di layar pembayaran jauh berbeda dari nama di spanduk tolong dicek.,identity_mismatch
Aduh QR terbaca tapi transaksi gagal dan tapi saldo sudah terpotong pas gw scan QR-nya mohon bantuan.,suspicious_transaction
"Transaksi berhasil dan lancar, QR code tampak original. Terpercaya tokonya.",safe_confirmation
Loh Alhamdulillah Semua berjalan baik. QRIS terlihat asli dan resmi. Sangat mudah dan cepat.,safe_confirmation
Oh iya Kenapa ya Nama merchant asing dan tidak dikenal apa mungkin QRIS-nya dipalsukan??,identity_mismatch
Wah Catatan: Tempatnya bersih dan nyaman semoga bisa lebih baik.,other
Loh Nama yang muncul saat scan gak cocok sama nama merchant resmi apa ini aman?.,identity_mismatch
Loh Ditagih Rp1.500 lagi dgn alasan ongkos pembayaran digital apakah ini diperbolehkan?.,additional_fees
Feedback untuk toko: Antrian di kasir sangat panjang tapi overall oke kok.,other
Eh Nama merchant tidak sama dengan nama usaha apa mungkin QRIS-nya dipalsukan?.,identity_mismatch
Wah Aneh banget QR terbaca tapi transaksi gagal saat saya coba bayar padahal uang dah keluar ini sudah kedua kalinya.,suspicious_transaction
Aduh Saya lihat ada stiker QR palsu yang menutupi QR code merchantnya di tempat pembayaran saya foto dulu sebagai bukti.,qr_replacement
Sudah coba berkali-kali tapi Transaksi error berkali-kali saldo terpotong ganda tolong segera ditangani.,suspicious_transaction
Eh Kayaknya ada stiker QRIS asing yang ditimpa di kode QR yang sah di depan toko.,qr_replacement
Aneh banget Nama yang muncul saat scan jauh berbeda dari nama di spanduk gw batalin aja transaksinya.,identity_mismatch
"Loh Berhasil bayar QRIS, QRIS terlihat asli dan resmi. Pembayaran sukses tanpa masalah. Aman digunakan.",safe_confirmation
Eh Alhamdulillah Pembayaran sukses tanpa masalah. QR code tampak original. Puas sama layanannya.,safe_confirmation
Loh Transaksi QRIS gagal terus waktu pembayaran diproses namun saldo berkurang mohon bantuan.,suspicious_transaction
Eh Kasir minta seribu rupiah sebagai biaya sistem padahal seharusnya gratis.,additional_fees
Ada stiker QR palsu mencurigakan yang nempel di atas akrilik QRIS di depan toko langsung gw laporkan.,qr_replacement
Loh Feedback untuk toko: Harganya mahal dibanding toko lain semoga bisa lebih baik.,other
Wah Pengalaman aku: Produknya bagus tapi packaging kurang menarik tapi overall oke kok.,other
Oh iya QRIS-nya tidak asli ada stiker QR palsu yang menimpa QRIS original saya gak jadi bayar.,qr_replacement
Tiba-tiba ada tambahan dua ribu rupiah katanya ongkos pembayaran digital ini jelas melanggar aturan.,additional_fees
Oh iya Saya lihat ada kode QR yang mencurigakan yang ditempel di atas QR asli di akrilik stan gue foto dulu sebagai bukti.,qr_replacement
Oh iya Setelah scan Identitas merchant tidak sesuai dengan nama toko gw batalin aja transaksinya.,identity_mismatch
"Semua berjalan baik, QR code tampak original. Puas dengan layanannya.",safe_confirmation
Wah Tempat parkir susah sekali.,other
Pengalaman saya: Toko agak kotor di bagian belakang.,other
Aduh Kenapa ya Identitas merchant nama orang bukan nama toko langsung saya laporin?,identity_mismatch
"Aduh Syukurlah Proses pembayaran mulus, QRIS terlihat asli dan resmi. Sangat mudah dan cepat.",safe_confirmation
Loh Waktu mau bayar gw notice stiker QRIS asing menimpa QRIS original di kasir toko ini pasti fraud.,qr_replacement
QRIS-nya tidak asli ada QR lain yang ditempel yang ditimpa di kode QR yang sah tolong ditindaklanjuti.,qr_replacement
Pencahayaan toko kurang terang tidak masalah sih.,other
"Hmm Syukurlah Pembayaran QRIS sukses, enggak ada biaya tambahan. Sangat mudah dan cepat.",safe_confirmation
Wah Ditagih Rp5.000 lagi sama alasan biaya layanan apakah ini diperbolehkan?.,additional_fees
Wah Aneh banget QRIS tidak bisa dipindai tapi saldo sudah terpotong dana gue hilang.,suspicious_transaction
Kelihatan ada kode QR yang mencurigakan yang ditempel di atas QR asli saya curiga ini penipuan.,qr_replacement
Aduh QRIS nggak bisa dipindai walaupun tidak ada notifikasi sukses ini sangat merugikan.,suspicious_transaction
Aneh banget Nama penerima beda sama nama yang ada di plang saya batalin aja transaksinya.,identity_mismatch
Waktu mau bayar gw notice kode QR yang mencurigakan ditempel di atas QR asli di meja kasir saya curiga ini penipuan.,qr_replacement
Loh Aneh banget Nama akun tujuan asing dan nggak dikenal langsung gw laporin.,identity_mismatch
"Syukurlah Transaksi berhasil dan lancar, nama rekening tujuan sesuai.",safe_confirmation
Oh iya Kenapa ya Nama rekening tujuan nama orang bukan nama toko tolong dicek?,identity_mismatch
Loh Aneh banget Identitas merchant jauh berbeda dari nama di spanduk saya khawatir.,identity_mismatch
Oh iya Transaksi QRIS gagal terus saat saya coba bayar padahal uang sudah keluar.,suspicious_transaction
Oh iya Aneh banget QRIS tidak bisa dipindai waktu pembayaran diproses namun saldo berkurang tolong segera ditangani.,suspicious_transaction
Aneh banget Identitas merchant ga sesuai dengan nama toko bikin curiga.,identity_mismatch
Oh iya Aneh banget Pembayaran enggak berhasil ketika transaksi berlangsung walaupun tidak ada notifikasi sukses saya bingung harus lapor kemana.,suspicious_transaction
"Syukurlah QRIS berjalan normal, merchant terverifikasi.",safe_confirmation
Aduh Sudah coba berkali-kali tapi Transaksi error berkali-kali tapi rekening sudah didebet saya bingung harus lapor kemana.,suspicious_transaction
Loh Sistem QRIS mengalami gangguan mencurigakan dan tapi rekening udah didebet waktu pembayaran diproses ini sangat merugikan.,suspicious_transaction
Hmm QR terbaca tapi transaksi gagal dan padahal uang sudah keluar ketika transaksi berlangsung saya minta refund.,suspicious_transaction
"Loh Semua berjalan baik, merchant terverifikasi.",safe_confirmation
QRIS-nya tidak asli ada stiker QRIS baru yang menutup QR code resmi.,qr_replacement
"Berhasil bayar QRIS, QRIS terlihat asli dan resmi. Proses pembayaran mulus. Sangat mudah dan cepat.",safe_confirmation
Eh Catatan: Toko terlalu ramai dan sempit semoga bisa lebih baik.,other
Loh Saya perhatikan Identitas merchant asing dan tidak dikenal bikin curiga.,identity_mismatch
Aduh Sudah coba berkali-kali tapi Pembayaran tidak berhasil namun saldo berkurang tolong segera ditangani.,suspicious_transaction
Aduh Kelihatan ada stiker QRIS baru yang dipasang di atas QRIS toko gw curiga ini penipuan.,qr_replacement
Eh Pengalaman saya: Kualitas produknya bagus sekali secara keseluruhan lumayan.,other
Hmm Saya mau kasih masukan: Toko agak kotor di bagian belakang tapi overall oke kok.,other
Saya mau kasih masukan: Kualitas produknya bagus sekali semoga bisa lebih baik.,other
Aduh Tiba-tiba ada tambahan Rp500 katanya biaya layanan ini tidak boleh.,additional_fees
Aduh Pembayaran ga berhasil dan tapi saldo sudah terpotong waktu pembayaran diproses saya bingung harus lapor kemana.,suspicious_transaction
Hmm Sistem QRIS mengalami gangguan mencurigakan saat gw coba bayar namun saldo berkurang ini udah kedua kalinya.,suspicious_transaction
Loh Saya dikenai biaya ekstra Rp5.000 atas nama ongkos pembayaran digital apakah ini diperbolehkan?.,additional_fees
Wah Alhamdulillah QRIS berjalan normal. QRIS terlihat asli dan resmi. Puas dengan layanannya.,safe_confirmation
Loh Saya mau kasih masukan: Pencahayaan toko kurang terang semoga bisa lebih baik.,other
Wah Pembayaran ga berhasil dan namun saldo berkurang ketika transaksi berlangsung.,suspicious_transaction
"Wah Proses pembayaran mulus, logo QRIS jelas dan tidak rusak. Tidak ada kendala sama sekali.",safe_confirmation
"Syukurlah Pembayaran QRIS sukses, nama merchant sesuai dengan nama toko. Recommended deh tokonya.",safe_confirmation
QRIS-nya tidak asli ada stiker QRIS baru yang nempel di atas akrilik QRIS saya foto dulu sebagai bukti.,qr_replacement
"Syukurlah Transaksi berhasil dan lancar, QRIS terlihat asli dan resmi. Recommended deh tokonya.",safe_confirmation
Aduh Lho kok Nama di layar pembayaran berbeda dengan nama toko yang tertera langsung saya laporin?,identity_mismatch
Aneh banget Transaksi QRIS gagal terus walaupun tidak ada notifikasi sukses.,suspicious_transaction
Aduh Catatan: Pencahayaan toko kurang terang tapi overall oke kok.,other
Aduh Diminta bayar tambahan Rp2.000 untuk biaya transaksi.,additional_fees
"Syukurlah Semua berjalan baik, logo QRIS jelas dan tidak rusak. Terpercaya tokonya.",safe_confirmation
Oh iya Feedback untuk toko: Lokasi toko strategis banget perlu diperbaiki.,other
Eh Saya perhatikan Nama di layar pembayaran tidak sama sama nama usaha apa mungkin QRIS-nya dipalsukan?.,identity_mismatch
Wah Diminta bayar tambahan Rp3.000 untuk biaya penggunaan QRIS saya merasa dirugikan.,additional_fees
"Oh iya Proses pembayaran mulus, QRIS terlihat asli dan resmi.",safe_confirmation
Catatan: Jam buka toko enggak konsisten secara keseluruhan lumayan.,other
Sudah coba berkali-kali tapi QRIS tidak bisa dipindai saldo terpotong ganda aku minta refund.,suspicious_transaction
Wah Aneh banget Transaksi error berkali-kali waktu pembayaran diproses namun saldo berkurang tolong segera ditangani.,suspicious_transaction
"Aduh Berhasil bayar QRIS, nama merchant sesuai dgn nama toko. Transaksi selesai dengan aman.",safe_confirmation
Eh Tiba-tiba ada tambahan Rp5.000 katanya biaya transaksi.,additional_fees
Transaksi QRIS gagal terus ketika transaksi berlangsung tapi rekening sudah didebet.,suspicious_transaction
Setelah scan Nama di layar pembayaran beda sama nama yang ada di plang tolong dicek.,identity_mismatch
Hmm Sudah coba berkali-kali tapi Pembayaran gak berhasil walaupun tidak ada notifikasi sukses mohon bantuan.,suspicious_transaction
Oh iya Ditagih dua ribu rupiah lagi dengan alasan ongkos pembayaran digital aku merasa dirugikan.,additional_fees
Aduh Waktu mau bayar saya notice QR code palsu ditempel di atas QR asli di akrilik stan ini pasti fraud.,qr_replacement
Aneh banget Nama yang muncul waktu scan nama orang bukan nama toko tolong dicek.,identity_mismatch
Aneh banget Transaksi error berkali-kali saat gue coba bayar walaupun tidak ada notifikasi sukses mohon bantuan.,suspicious_transaction
Loh Pas scan QRIS-nya Nama penerima tidak sesuai dengan nama toko ini fraud ya?.,identity_mismatch
Eh Nama akun tujuan nggak sama dgn nama usaha apa mungkin QRIS-nya dipalsukan?.,identity_mismatch
Sudah coba berkali-kali tapi QR terbaca tapi transaksi gagal tapi rekening sudah didebet saya minta refund.,suspicious_transaction
Nama yang muncul saat scan nama orang bukan nama toko bikin curiga.,identity_mismatch
Oh iya Saya dikenai biaya ekstra Rp1.500 atas nama tanpa alasan jelas padahal seharusnya gratis.,additional_fees
Loh Sudah coba berkali-kali tapi Pembayaran tidak berhasil tapi rekening dah didebet ini sangat merugikan.,suspicious_transaction
Saya mau kasih masukan: Toko agak kotor di bagian belakang secara keseluruhan lumayan.,other
Aduh Diminta bayar tambahan Rp2.500 untuk ongkos pembayaran digital.,additional_fees
Hmm Lho kok Nama pemilik rekening beda banget dari nama tokonya apa mungkin QRIS-nya dipalsukan??,identity_mismatch
"Loh Syukurlah Semua berjalan baik, nama penerima cocok dengan tokonya. Tidak ada kendala sama sekali.",safe_confirmation
"Pembayaran sukses tanpa masalah, merchant terverifikasi. Terpercaya tokonya.",safe_confirmation
"Eh Syukurlah Transaksi berhasil dan lancar, QR code tampak original. Sangat mudah dan cepat.",safe_confirmation
Oh iya QRIS terlihat asli dan resmi dan Transaksi selesai dengan aman. Tidak ada kendala sama sekali.,safe_confirmation
Feedback untuk toko: Tempat parkir susah sekali semoga bisa lebih baik.,other
Hmm Sudah coba berkali-kali tapi QRIS tidak bisa dipindai saldo terpotong ganda ini sudah kedua kalinya.,suspicious_transaction
Oh iya Pengalaman saya: Tempat parkir susah sekali secara keseluruhan lumayan.,other
Alhamdulillah Proses pembayaran mulus. nama merchant sesuai sama nama toko.,safe_confirmation
Sudah coba berkali-kali tapi Sistem QRIS mengalami gangguan mencurigakan namun saldo berkurang dana gw hilang.,suspicious_transaction
Eh Transaksi error berkali-kali dan padahal uang sudah keluar pas saya scan QR-nya dana saya hilang.,suspicious_transaction
Aneh banget QR terbaca tapi transaksi gagal saldo terpotong ganda gw minta refund.,suspicious_transaction
Oh iya Pengalaman saya: Tempat parkir susah sekali semoga bisa lebih baik.,other
Saya mau kasih masukan: Produknya bagus tapi packaging kurang menarik tidak masalah sih.,other
Tiba-tiba ada tambahan Rp1.000 katanya tanpa alasan jelas ini tidak boleh.,additional_fees
Hmm Waktu mau bayar aku notice stiker QR palsu ditimpa di kode QR yang sah di depan toko ini pasti fraud.,qr_replacement
Harga dan kualitas sebanding.,other
Loh Ada kode QR yang mencurigakan mencurigakan yang menutupi QR code merchantnya di meja kasir langsung gue laporkan.,qr_replacement
Oh iya Tiba-tiba ada tambahan seribu rupiah katanya tanpa alasan jelas saya merasa dirugikan.,additional_fees
Wah Aneh banget QR terbaca tapi transaksi gagal pas saya scan QR-nya walaupun tidak ada notifikasi sukses saya minta refund.,suspicious_transaction
Saya lihat ada QR code palsu yang menimpa QRIS original di kasir toko gw curiga ini penipuan.,qr_replacement
Wah Transaksi QRIS gagal terus dan namun saldo berkurang saat aku coba bayar dana saya hilang.,suspicious_transaction
Aduh merchant terverifikasi dan Pembayaran QRIS sukses. Recommended deh tokonya.,safe_confirmation
QRIS tidak bisa dipindai pas saya scan QR-nya saldo terpotong ganda mohon bantuan.,suspicious_transaction
nama merchant sesuai sama nama toko dan QRIS berjalan normal. Tidak ada kendala sama sekali.,safe_confirmation
"Berhasil bayar QRIS, nama merchant sesuai dengan nama toko. Pembayaran QRIS sukses. Tidak ada kendala sama sekali.",safe_confirmation
Oh iya Catatan: Pelayanan kasirnya kurang ramah.,other
Oh iya QR terbaca tapi transaksi gagal tapi saldo sudah terpotong tolong segera ditangani.,suspicious_transaction
Catatan: Produknya bagus tapi packaging kurang menarik tidak masalah sih.,other
Aduh Kenapa ya Nama akun tujuan asing dan tidak dikenal?,identity_mismatch
Ada QR lain yang ditempel mencurigakan yang dipasang di atas QRIS toko di akrilik stan saya gak jadi bayar.,qr_replacement
"Proses pembayaran mulus, nama penerima cocok dgn tokonya. Puas dengan layanannya.",safe_confirmation
Loh Ditagih 500 perak lagi sama alasan biaya layanan apakah ini diperbolehkan?.,additional_fees
Loh Feedback untuk toko: AC di dalam toko terlalu dingin.,other
Nama penerima nggak cocok sama stiker toko langsung saya laporin.,identity_mismatch
Hmm Sudah coba berkali-kali tapi QRIS tidak bisa dipindai tapi saldo udah terpotong mohon bantuan.,suspicious_transaction
Oh iya Kasir minta seribu rupiah sebagai biaya layanan tanpa pemberitahuan sebelumnya.,additional_fees
Hmm Aneh banget Identitas merchant nggak sama dgn nama usaha.,identity_mismatch
"Loh Syukurlah Pembayaran QRIS sukses, logo QRIS jelas dan tidak rusak. Aman digunakan.",safe_confirmation
Aduh Setelah scan Nama pemilik rekening berbeda dengan nama toko yang tertera apa mungkin QRIS-nya dipalsukan?.,identity_mismatch
Aduh AC di dalam toko terlalu dingin tidak masalah sih.,other
Wah Saya perhatikan Identitas merchant beda sama nama yang ada di plang langsung saya laporin.,identity_mismatch
"Berhasil bayar QRIS, logo QRIS jelas dan tidak rusak. Transaksi berhasil dan lancar. Aman digunakan.",safe_confirmation
Aduh Penjual minta seribu rupiah sebagai biaya layanan apakah ini diperbolehkan?.,additional_fees
Eh Sudah coba berkali-kali tapi Transaksi error berkali-kali namun saldo berkurang gue minta refund.,suspicious_transaction
Aduh Ditagih Rp2.000 lagi dengan alasan biaya sistem ini nggak boleh.,additional_fees
Aduh Kelihatan ada stiker QRIS baru yang ditimpa di kode QR yang sah langsung gue laporkan.,qr_replacement
Oh iya Tiba-tiba ada tambahan Rp5.000 katanya ongkos pembayaran digital apakah ini diperbolehkan?.,additional_fees
Wah QRIS tidak bisa dipindai namun saldo berkurang dana saya hilang.,suspicious_transaction
Oh iya Diminta bayar tambahan 500 perak untuk biaya layanan ini tidak boleh.,additional_fees
Wah Transaksi QRIS gagal terus pas saya scan QR-nya walaupun tidak ada notifikasi sukses ini amat merugikan.,suspicious_transaction
Hmm Catatan: Pelayanan kasirnya kurang ramah semoga bisa lebih baik.,other
Saya mau kasih masukan: Toko terlalu ramai dan sempit nggak masalah sih.,other
Oh iya Saya mau kasih masukan: Harganya mahal dibanding toko lain tidak masalah sih.,other
Si penjualnya minta seribu rupiah sebagai biaya admin QRIS saya merasa dirugikan.,additional_fees
Aduh QRIS gak bisa dipindai dan saldo terpotong ganda ini udah kedua kalinya.,suspicious_transaction
Feedback untuk toko: Tidak ada wifi di toko secara keseluruhan lumayan.,other
Catatan: Tidak ada wifi di toko secara keseluruhan lumayan.,other
"Berhasil bayar QRIS, tidak ada biaya tambahan. Semua berjalan baik. Sangat mudah dan cepat.",safe_confirmation
Eh Pas scan QRIS-nya Nama di layar pembayaran tidak sesuai dengan nama toko.,identity_mismatch
Ada pungutan Rp1.500 sebagai ongkos pembayaran digital padahal seharusnya gratis.,additional_fees
Loh Antrian di kasir amat panjang secara keseluruhan lumayan.,other
Hmm Sudah coba berkali-kali tapi Sistem QRIS mengalami gangguan mencurigakan tapi rekening sudah didebet.,suspicious_transaction
Hmm nama merchant sesuai sama nama toko dan Proses pembayaran mulus. Recommended deh tokonya.,safe_confirmation
Sudah coba berkali-kali tapi QRIS ga bisa dipindai namun saldo berkurang tolong segera ditangani.,suspicious_transaction
Aneh banget Transaksi QRIS gagal terus waktu pembayaran diproses tapi rekening sudah didebet dana saya hilang.,suspicious_transaction
Oh iya Saya mau kasih masukan: Harganya mahal dibanding toko lain semoga bisa lebih baik.,other
Hmm Aneh banget QRIS tidak bisa dipindai ketika saya coba bayar tapi rekening sudah didebet tolong segera ditangani.,suspicious_transaction
Wah Ditagih dua ribu rupiah lagi dengan alasan biaya layanan ini tidak boleh.,additional_fees
Oh iya Kayaknya ada kode QR yang mencurigakan yang ditempel di atas QR asli di depan toko saya curiga ini penipuan.,qr_replacement
Oh iya Kelihatan ada stiker QRIS asing yang nempel di atas akrilik QRIS.,qr_replacement
Wah Aneh banget Transaksi error berkali-kali ketika transaksi berlangsung padahal uang udah keluar ini amat merugikan.,suspicious_transaction
Eh Nama di layar pembayaran nggak sesuai dengan nama toko jadi saya ragu mau bayar.,identity_mismatch
Saya lihat ada kode QR yang mencurigakan yang dipasang di atas QRIS toko di meja kasir tolong ditindaklanjuti.,qr_replacement
Aduh Pengalaman saya: Produknya bagus tapi packaging kurang menarik tapi overall oke kok.,other
Loh QR terbaca tapi transaksi gagal ketika transaksi berlangsung namun saldo berkurang mohon bantuan.,suspicious_transaction
Diminta bayar tambahan Rp500 untuk biaya penggunaan QRIS.,additional_fees
"Semua berjalan baik, tidak ada biaya tambahan. Terpercaya tokonya.",safe_confirmation
Saya perhatikan Nama rekening tujuan tidak sama dengan nama usaha.,identity_mismatch
Saya mau kasih masukan: Toko agak kotor di bagian belakang tidak masalah sih.,other
Ada QR lain yang ditempel mencurigakan yang menutupi QR code merchantnya di kasir toko langsung saya laporkan.,qr_replacement
Ditagih Rp2.000 lagi dengan alasan biaya penggunaan QRIS ini jelas melanggar aturan.,additional_fees
Eh Aneh banget Nama pemilik rekening bukan nama tokonya sama sekali tolong dicek.,identity_mismatch
Kelihatan ada stiker QRIS baru yang menimpa QRIS original aku curiga ini penipuan.,qr_replacement
Toko terlalu ramai dan sempit tidak masalah sih.,other
Catatan: Produknya bagus tapi packaging kurang menarik semoga bisa lebih baik.,other
Loh QRIS-nya gak asli ada kode QR yang mencurigakan yang menutup QR code resmi saya foto dulu sebagai bukti.,qr_replacement
QRIS-nya nggak asli ada QR lain yang ditempel yang menutup QR code resmi langsung saya laporkan.,qr_replacement
Wah Kayaknya ada QR lain yang ditempel yang menimpa QRIS original di meja kasir saya gak jadi bayar.,qr_replacement
Wah Pembayaran tidak berhasil dan padahal uang sudah keluar waktu pembayaran diproses saya bingung harus lapor kemana.,suspicious_transaction
Eh Saya perhatikan Nama pemilik rekening beda sama nama yang ada di plang jadi gw ragu mau bayar.,identity_mismatch
Aduh Sudah coba berkali-kali tapi QR terbaca tapi transaksi gagal tapi rekening sudah didebet ini sudah kedua kalinya.,suspicious_transaction
Wah Ada pungutan dua ribu rupiah sebagai biaya layanan saya merasa dirugikan.,additional_fees
Eh Ada pungutan Rp500 sebagai tanpa alasan jelas padahal seharusnya gratis.,additional_fees
Wah Waktu mau bayar saya notice stiker QRIS asing menutup QR code resmi di depan toko saya curiga ini penipuan.,qr_replacement
Wah Ada pungutan seribu rupiah sebagai tanpa alasan jelas padahal seharusnya gratis.,additional_fees
Eh Lho kok Identitas merchant tidak cocok dengan stiker toko aku khawatir?,identity_mismatch
Oh iya Aneh banget Nama di layar pembayaran tidak sama dengan nama usaha bikin curiga.,identity_mismatch
Alhamdulillah Semua berjalan baik. logo QRIS jelas dan tidak rusak. Tidak ada kendala sama sekali.,safe_confirmation
Kelihatan ada QR lain yang ditempel yang menutupi QR code merchantnya saya foto dulu sebagai bukti.,qr_replacement
Eh Saya perhatikan Nama penerima berbeda dengan nama toko yang tertera saya batalin aja transaksinya.,identity_mismatch
QR terbaca tapi transaksi gagal dan walaupun tidak ada notifikasi sukses pas aku scan QR-nya ini sudah kedua kalinya.,suspicious_transaction
Eh Aneh banget Nama pemilik rekening asing dan tidak dikenal saya khawatir.,identity_mismatch
Wah Pembayaran tidak berhasil dan tapi saldo sudah terpotong ketika transaksi berlangsung.,suspicious_transaction
Kayaknya ada QR code palsu yang nempel di atas akrilik QRIS di meja kasir ini pasti fraud.,qr_replacement
Wah Sudah coba berkali-kali tapi Sistem QRIS mengalami gangguan mencurigakan tapi saldo dah terpotong ini sudah kedua kalinya.,suspicious_transaction
Aduh Saya perhatikan Nama rekening tujuan beda banget dari nama tokonya gw khawatir.,identity_mismatch
"Berhasil bayar QRIS, nama rekening tujuan sesuai. Proses pembayaran mulus. Recommended deh tokonya.",safe_confirmation
"Aduh Berhasil bayar QRIS, tidak ada biaya tambahan. Pembayaran QRIS sukses. Puas dengan layanannya.",safe_confirmation
Kenapa ya Nama rekening tujuan enggak sesuai dengan nama toko tolong dicek?,identity_mismatch
Hmm Feedback untuk toko: Produknya bagus tapi packaging kurang menarik tidak masalah sih.,other
Hmm Saya lihat ada kode QR yang mencurigakan yang ditempel di atas QR asli di akrilik stan saya foto dulu sebagai bukti.,qr_replacement
Oh iya Feedback untuk toko: Harganya mahal dibanding toko lain.,other
Eh Catatan: Harga dan kualitas sebanding.,other
Masnya minta Rp2.500 sebagai biaya layanan tanpa pemberitahuan sebelumnya.,additional_fees
Hmm Ada kode QR yang mencurigakan mencurigakan yang ditempel di atas QR asli di kasir toko saya gak jadi bayar.,qr_replacement
Ada pungutan seribu rupiah sebagai biaya penggunaan QRIS.,additional_fees
Setelah scan Nama di layar pembayaran jauh berbeda dari nama di spanduk ini fraud ya?.,identity_mismatch
"Aduh Syukurlah Proses pembayaran mulus, logo QRIS jelas dan tidak rusak.",safe_confirmation
Aduh Aneh banget QRIS gak bisa dipindai pas saya scan QR-nya padahal uang sudah keluar ini sudah kedua kalinya.,suspicious_transaction
Loh Setelah scan Nama yang muncul saat scan enggak sama dengan nama usaha apa mungkin QRIS-nya dipalsukan?.,identity_mismatch
QRIS-nya tidak asli ada QR lain yang ditempel yang menutupi QR code merchantnya.,qr_replacement
Tidak ada wifi di toko semoga bisa lebih baik.,other
Saya lihat ada QR code palsu yang ditempel di atas QR asli di akrilik stan.,qr_replacement
Loh Saya lihat ada QR lain yang ditempel yang menutup QR code resmi di depan toko saya curiga ini penipuan.,qr_replacement
Aduh Aneh banget Nama rekening tujuan tidak sama dengan nama usaha ini fraud ya?.,identity_mismatch
Wah Feedback untuk toko: Kualitas produknya bagus sekali tapi overall oke kok.,other
Hmm Waktu mau bayar aku notice stiker QRIS baru menutup QR code resmi di meja kasir tolong ditindaklanjuti.,qr_replacement
Oh iya Lho kok Nama akun tujuan bukan nama tokonya sama sekali saya khawatir?,identity_mismatch
Tiba-tiba ada tambahan Rp5.000 katanya biaya layanan tanpa pemberitahuan sebelumnya.,additional_fees
Hmm Sudah coba berkali-kali tapi Transaksi QRIS gagal terus tapi saldo dah terpotong tolong segera ditangani.,suspicious_transaction
Saya dikenai biaya ekstra Rp3.000 atas nama biaya layanan saya merasa dirugikan.,additional_fees
Eh Alhamdulillah QRIS berjalan normal. nama merchant sesuai dengan nama toko. Aman digunakan.,safe_confirmation
Hmm Diminta bayar tambahan Rp2.500 untuk biaya penggunaan QRIS BI melarang ini.,additional_fees
Hmm Ada pungutan dua ribu rupiah sebagai ongkos pembayaran digital ini jelas melanggar aturan.,additional_fees
"Loh Proses pembayaran mulus, QRIS terlihat asli dan resmi.",safe_confirmation
QR terbaca tapi transaksi gagal dan padahal uang sudah keluar pas saya scan QR-nya tolong segera ditangani.,suspicious_transaction
Oh iya Saya mau kasih masukan: Lokasi toko strategis banget tapi overall oke kok.,other
Aduh QR terbaca tapi transaksi gagal pas saya scan QR-nya saldo terpotong ganda ini udah kedua kalinya.,suspicious_transaction
Catatan: Tempat parkir susah sekali enggak masalah sih.,other
Aduh Pelayanan kasirnya kurang ramah tapi overall oke kok.,other
Loh Nama merchant jauh berbeda dari nama di spanduk bikin curiga.,identity_mismatch
Wah Ada kode QR yang mencurigakan mencurigakan yang menutup QR code resmi di depan toko.,qr_replacement
Saya lihat ada QR code palsu yang menutupi QR code merchantnya di kasir toko tolong ditindaklanjuti.,qr_replacement
Toko terlalu ramai dan sempit secara keseluruhan lumayan.,other
Oh iya Saya dikenai biaya ekstra Rp2.000 atas nama biaya transaksi saya komplain tapi diabaikan.,additional_fees
"Loh Syukurlah Transaksi selesai dengan aman, QRIS terlihat asli dan resmi. Tidak ada kendala sama sekali.",safe_confirmation
"Proses pembayaran mulus, QR code tampak original. Aman digunakan.",safe_confirmation
Lokasi toko strategis banget tapi overall oke kok.,other
Oh iya Aneh banget Transaksi error berkali-kali saldo terpotong ganda gw bingung harus lapor kemana.,suspicious_transaction
Hmm Waktu mau bayar saya notice QR code palsu menutupi QR code merchantnya di tempat pembayaran saya curiga ini penipuan.,qr_replacement
Hmm Ditagih Rp1.500 lagi dengan alasan biaya penggunaan QRIS tanpa pemberitahuan sebelumnya.,additional_fees
Aduh Diminta bayar tambahan 500 perak untuk biaya penggunaan QRIS.,additional_fees
Feedback untuk toko: Pencahayaan toko kurang terang secara keseluruhan lumayan.,other
Eh Transaksi error berkali-kali saat gw coba bayar walaupun tidak ada notifikasi sukses.,suspicious_transaction
Wah QRIS-nya tidak asli ada QR lain yang ditempel yang dipasang di atas QRIS toko langsung saya laporkan.,qr_replacement
Setelah scan Nama penerima beda sama nama yang ada di plang tolong dicek.,identity_mismatch
"Syukurlah Semua berjalan baik, QR code tampak original. Terpercaya tokonya.",safe_confirmation
Loh Pengalaman aku: Produknya bagus tapi packaging kurang menarik tapi overall oke kok.,other
Kelihatan ada stiker QRIS baru yang dipasang di atas QRIS toko saya curiga ini penipuan.,qr_replacement
"Wah Pembayaran QRIS sukses, gak ada biaya tambahan. Sangat mudah dan cepat.",safe_confirmation
Pembayaran tidak berhasil dan walaupun tidak ada notifikasi sukses ini sangat merugikan.,suspicious_transaction
Eh QRIS-nya tidak asli ada kode QR yang mencurigakan yang ditempel di atas QR asli.,qr_replacement
Eh nama penerima cocok dengan tokonya dan Semua berjalan baik. Tidak ada kendala sama sekali.,safe_confirmation
Aduh Saya lihat ada stiker QRIS baru yang ditempel di atas QR asli di kasir toko saya foto dulu sebagai bukti.,qr_replacement
Hmm nama rekening tujuan sesuai dan Semua berjalan baik.,safe_confirmation
Sudah coba berkali-kali tapi Transaksi error berkali-kali padahal uang sudah keluar dana gue hilang.,suspicious_transaction
Aduh Diminta bayar tambahan dua ribu rupiah untuk biaya sistem ini jelas melanggar aturan.,additional_fees
Hmm Pencahayaan toko kurang terang.,other
"Oh iya Syukurlah Pembayaran QRIS sukses, logo QRIS jelas dan tidak rusak. Aman digunakan.",safe_confirmation
Aneh banget Transaksi QRIS gagal terus padahal uang sudah keluar tolong segera ditangani.,suspicious_transaction
Oh iya Pas scan QRIS-nya Nama yang muncul saat scan enggak sama dengan nama usaha gue khawatir.,identity_mismatch
Aduh Catatan: Pencahayaan toko kurang terang semoga bisa lebih baik.,other
Hmm Masnya minta Rp3.000 sebagai biaya layanan apakah ini diperbolehkan?.,additional_fees
Sudah coba berkali-kali tapi QR terbaca tapi transaksi gagal walaupun nggak ada notifikasi sukses.,suspicious_transaction
Aduh Kayaknya ada QR lain yang ditempel yang menutupi QR code merchantnya di depan toko ini pasti fraud.,qr_replacement
"Syukurlah Semua berjalan baik, nama merchant sesuai dengan nama toko.",safe_confirmation
Setelah scan Nama merchant tidak cocok dgn stiker toko langsung saya laporin.,identity_mismatch
Aneh banget QRIS tidak bisa dipindai tapi saldo udah terpotong mohon bantuan.,suspicious_transaction
Hmm Feedback untuk toko: Pelayanan kasirnya kurang ramah secara keseluruhan lumayan.,other
Waktu mau bayar saya notice kode QR yang mencurigakan menutup QR code resmi di kasir toko saya curiga ini penipuan.,qr_replacement
Hmm Saya dikenai biaya ekstra dua ribu rupiah atas nama biaya penggunaan QRIS ini enggak boleh.,additional_fees
"Loh Berhasil bayar QRIS, nama penerima cocok dengan tokonya. Semua berjalan baik. Terpercaya tokonya.",safe_confirmation
Loh Aneh banget Transaksi QRIS gagal terus pas saya scan QR-nya padahal uang sudah keluar ini sudah kedua kalinya.,suspicious_transaction
"Berhasil bayar QRIS, logo QRIS jelas dan tidak rusak. Proses pembayaran mulus. Puas dengan layanannya.",safe_confirmation
Aduh Saya mau kasih masukan: Tempatnya bersih dan nyaman semoga bisa lebih baik.,other
Loh Pengalaman saya: Kualitas produknya bagus sekali ga masalah sih.,other
Sudah coba berkali-kali tapi Sistem QRIS mengalami gangguan mencurigakan padahal uang sudah keluar saya minta refund.,suspicious_transaction
Hmm Saya mau kasih masukan: Toko agak kotor di bagian belakang secara keseluruhan lumayan.,other
Loh Saya perhatikan Nama yang muncul saat scan asing dan tidak dikenal.,identity_mismatch
QRIS-nya tidak asli ada QR code palsu yang ditempel di atas QR asli tolong ditindaklanjuti.,qr_replacement
Loh Alhamdulillah Semua berjalan baik. merchant terverifikasi. Aman digunakan.,safe_confirmation
Aduh Setelah scan Identitas merchant nama orang bukan nama toko.,identity_mismatch
Aduh Ada pungutan Rp5.000 sebagai ongkos pembayaran digital tanpa pemberitahuan sebelumnya.,additional_fees
Saya perhatikan Nama penerima tidak cocok dgn stiker toko gw khawatir.,identity_mismatch
"Eh Berhasil bayar QRIS, QR code tampak original. Transaksi selesai dengan aman. Puas dengan layanannya.",safe_confirmation
Aduh Catatan: Jam buka toko tidak konsisten tapi overall oke kok.,other
Waktu mau bayar saya notice stiker QRIS baru menutup QR code resmi di akrilik stan saya gak jadi bayar.,qr_replacement
Hmm Diminta bayar tambahan Rp2.500 untuk ongkos pembayaran digital ini jelas melanggar aturan.,additional_fees
Hmm Catatan: Jam buka toko tidak konsisten tidak masalah sih.,other
Eh Waktu mau bayar saya notice QR lain yang ditempel ditimpa di kode QR yang sah di depan toko tolong ditindaklanjuti.,qr_replacement
Saya perhatikan Identitas merchant bukan nama tokonya sama sekali tolong dicek.,identity_mismatch
Hmm Diminta bayar tambahan dua ribu rupiah untuk tanpa alasan jelas padahal seharusnya gratis.,additional_fees
Eh Alhamdulillah Pembayaran sukses tanpa masalah. QR code tampak original. Terpercaya tokonya.,safe_confirmation
Hmm Kayaknya ada QR code palsu yang ditimpa di kode QR yang sah di kasir toko saya curiga ini penipuan.,qr_replacement
Kelihatan ada stiker QRIS asing yang ditimpa di kode QR yang sah aku curiga ini penipuan.,qr_replacement
Lho kok Nama penerima tidak sama dengan nama usaha langsung saya laporin?,identity_mismatch
Catatan: Tidak ada wifi di toko tidak masalah sih.,other
Wah Diminta bayar tambahan Rp5.000 untuk biaya sistem ini jelas melanggar aturan.,additional_fees
Hmm Ada stiker QRIS baru mencurigakan yang menimpa QRIS original di depan toko tolong ditindaklanjuti.,qr_replacement
Diminta bayar tambahan 500 perak untuk biaya admin QRIS saya merasa dirugikan.,additional_fees
Oh iya Pengalaman saya: Toko agak kotor di bagian belakang tidak masalah sih.,other
Setelah scan Nama pemilik rekening nama orang bukan nama toko apa ini aman?.,identity_mismatch
QR terbaca tapi transaksi gagal dan namun saldo berkurang waktu pembayaran diproses ini dah kedua kalinya.,suspicious_transaction
Loh Waktu mau bayar saya notice kode QR yang mencurigakan dipasang di atas QRIS toko di meja kasir saya gak jadi bayar.,qr_replacement
Transaksi QRIS gagal terus waktu pembayaran diproses walaupun tidak ada notifikasi sukses ini sangat merugikan.,suspicious_transaction
Kasir minta Rp3.000 sebagai ongkos pembayaran digital padahal seharusnya gratis.,additional_fees
Eh Lho kok Nama penerima beda sama nama yang ada di plang gw batalin aja transaksinya?,identity_mismatch
Hmm Saya lihat ada stiker QRIS baru yang menimpa QRIS original di kasir toko saya gak jadi bayar.,qr_replacement
Eh Kelihatan ada QR code palsu yang menutupi QR code merchantnya saya gak jadi bayar.,qr_replacement
Loh Waktu mau bayar saya notice stiker QRIS baru menutupi QR code merchantnya di meja kasir ini pasti fraud.,qr_replacement
Wah QRIS-nya tidak asli ada QR code palsu yang nempel di atas akrilik QRIS saya foto dulu sebagai bukti.,qr_replacement
Wah Aneh banget Identitas merchant bukan nama tokonya sama sekali saya khawatir.,identity_mismatch
Lho kok Nama yang muncul saat scan tidak sama dengan nama usaha ini fraud ya??,identity_mismatch
Pembayaran tidak berhasil dan walaupun tidak ada notifikasi sukses pas gue scan QR-nya mohon bantuan.,suspicious_transaction
Oh iya Saya dikenai biaya ekstra Rp500 atas nama tanpa alasan jelas tanpa pemberitahuan sebelumnya.,additional_fees
Saya mau kasih masukan: AC di dalam toko terlalu dingin tapi overall oke kok.,other
Saya lihat ada stiker QRIS asing yang menutupi QR code merchantnya di akrilik stan saya foto dulu sebagai bukti.,qr_replacement
Feedback untuk toko: Jam buka toko tidak konsisten tapi overall oke kok.,other
Loh Saya perhatikan Nama rekening tujuan jauh berbeda dari nama di spanduk tolong dicek.,identity_mismatch
"Syukurlah Proses pembayaran mulus, merchant terverifikasi. Recommended deh tokonya.",safe_confirmation
Wah nama rekening tujuan sesuai dan Pembayaran sukses tanpa masalah.,safe_confirmation
Oh iya QR terbaca tapi transaksi gagal ketika transaksi berlangsung tapi rekening sudah didebet ini sudah kedua kalinya.,suspicious_transaction
Pas scan QRIS-nya Nama merchant beda banget dari nama tokonya jadi gw ragu mau bayar.,identity_mismatch
Hmm Saya lihat ada QR lain yang ditempel yang menimpa QRIS original di akrilik stan tolong ditindaklanjuti.,qr_replacement
Loh Transaksi QRIS gagal terus ketika transaksi berlangsung walaupun tidak ada notifikasi sukses dana saya hilang.,suspicious_transaction
Aduh Kayaknya ada stiker QRIS baru yang nempel di atas akrilik QRIS di depan toko saya gak jadi bayar.,qr_replacement
Loh Kasir minta Rp2.500 sebagai tanpa alasan jelas tanpa pemberitahuan sebelumnya.,additional_fees
Saya perhatikan Nama pemilik rekening berbeda sama nama toko yang tertera.,identity_mismatch
Aduh Pengalaman saya: Tidak ada wifi di toko tidak masalah sih.,other
Sudah coba berkali-kali tapi Transaksi QRIS gagal terus padahal uang sudah keluar saya minta refund.,suspicious_transaction
Loh Si penjualnya minta Rp2.500 sebagai biaya sistem.,additional_fees
Ada pungutan dua ribu rupiah sebagai biaya admin QRIS tanpa pemberitahuan sebelumnya.,additional_fees
Aduh Alhamdulillah Proses pembayaran mulus. QRIS terlihat asli dan resmi.,safe_confirmation
Eh Ada pungutan Rp5.000 sebagai biaya penggunaan QRIS apakah ini diperbolehkan?.,additional_fees
Aduh Sudah coba berkali-kali tapi Transaksi QRIS gagal terus namun saldo berkurang ini amat merugikan.,suspicious_transaction
Saya mau kasih masukan: Jam buka toko tidak konsisten semoga bisa lebih baik.,other
"Loh Berhasil bayar QRIS, ga ada biaya tambahan. Transaksi selesai dengan aman. Terpercaya tokonya.",safe_confirmation
Wah Saya mau kasih masukan: Lokasi toko strategis banget tapi overall oke kok.,other
Aneh banget Nama merchant jauh berbeda dari nama di spanduk apa mungkin QRIS-nya dipalsukan?.,identity_mismatch
"Syukurlah Pembayaran sukses tanpa masalah, tidak ada biaya tambahan. Sangat mudah dan cepat.",safe_confirmation
Loh Tiba-tiba ada tambahan Rp2.500 katanya biaya penggunaan QRIS padahal seharusnya gratis.,additional_fees
Wah Pengalaman gw: Antrian di kasir banget panjang perlu diperbaiki.,other
Ada QR code palsu mencurigakan yang ditempel di atas QR asli di meja kasir tolong ditindaklanjuti.,qr_replacement
Hmm Kenapa ya Nama rekening tujuan berbeda dengan nama toko yang tertera apa mungkin QRIS-nya dipalsukan??,identity_mismatch
Sudah coba berkali-kali tapi QR terbaca tapi transaksi gagal saldo terpotong ganda dana aku hilang.,suspicious_transaction
Hmm Aneh banget Identitas merchant beda sama nama yang ada di plang jadi saya ragu mau bayar.,identity_mismatch
Lho kok Nama rekening tujuan nama orang bukan nama toko ini fraud ya??,identity_mismatch
Oh iya Alhamdulillah Proses pembayaran mulus. merchant terverifikasi. Sangat mudah dan cepat.,safe_confirmation
Oh iya Pelayanan kasirnya kurang ramah secara keseluruhan lumayan.,other
Oh iya Ada QR code palsu mencurigakan yang nempel di atas akrilik QRIS di kasir toko tolong ditindaklanjuti.,qr_replacement
Pemilik toko minta dua ribu rupiah sebagai biaya transaksi.,additional_fees
Aduh Setelah scan Nama yang muncul saat scan ga cocok dgn stiker toko saya batalin aja transaksinya.,identity_mismatch
Wah Aneh banget Pembayaran ga berhasil tapi rekening dah didebet tolong segera ditangani.,suspicious_transaction
Aduh QRIS-nya tidak asli ada QR code palsu yang nempel di atas akrilik QRIS langsung saya laporkan.,qr_replacement
Loh Tiba-tiba ada tambahan 500 perak katanya biaya layanan.,additional_fees
Diminta bayar tambahan 500 perak untuk biaya penggunaan QRIS padahal seharusnya gratis.,additional_fees
Ada pungutan Rp1.500 sebagai biaya transaksi saya merasa dirugikan.,additional_fees
Pas scan QRIS-nya Nama rekening tujuan tidak sesuai dengan nama toko tolong dicek.,identity_mismatch
Loh Ditagih dua ribu rupiah lagi dengan alasan biaya admin QRIS ini jelas melanggar aturan.,additional_fees
Transaksi QRIS gagal terus dan padahal uang sudah keluar saat saya coba bayar saya bingung harus lapor kemana.,suspicious_transaction
Catatan: Antrian di kasir sangat panjang tapi overall oke kok.,other
"Syukurlah Semua berjalan baik, nama merchant sesuai dengan nama toko.",safe_confirmation
Wah Barang sering kehabisan stok semoga bisa lebih baik.,other
Hmm Tiba-tiba ada tambahan Rp1.000 katanya ongkos pembayaran digital apakah ini diperbolehkan?.,additional_fees
Wah Mbaknya minta Rp1.500 sebagai biaya penggunaan QRIS.,additional_fees
Sistem QRIS mengalami gangguan mencurigakan dan tapi rekening dah didebet ini sudah kedua kalinya.,suspicious_transaction
Jam buka toko ga konsisten tapi overall oke kok.,other
"Wah Syukurlah Transaksi selesai sama aman, tidak ada biaya tambahan. Sangat mudah dan cepat.",safe_confirmation
Lho kok Nama pemilik rekening tidak sama sama nama usaha aku batalin aja transaksinya?,identity_mismatch
Loh Kelihatan ada stiker QRIS asing yang ditimpa di kode QR yang sah langsung saya laporkan.,qr_replacement
"Berhasil bayar QRIS, nama merchant sesuai dgn nama toko. Proses pembayaran mulus. Terpercaya tokonya.",safe_confirmation
Oh iya Aneh banget Nama akun tujuan berbeda dengan nama toko yang tertera langsung saya laporin.,identity_mismatch
Oh iya Saya mau kasih masukan: Harganya mahal dibanding toko lain semoga bisa lebih baik.,other
Loh Tiba-tiba ada tambahan Rp500 katanya biaya layanan padahal seharusnya gratis.,additional_fees
"Syukurlah Pembayaran QRIS sukses, nama merchant sesuai dgn nama toko. Sangat mudah dan cepat.",safe_confirmation
"Syukurlah Pembayaran QRIS sukses, QRIS terlihat asli dan resmi. Aman digunakan.",safe_confirmation
Oh iya AC di dalam toko terlalu dingin enggak masalah sih.,other
Pas scan QRIS-nya Nama rekening tujuan tidak cocok dengan stiker toko bikin curiga.,identity_mismatch
"Hmm Berhasil bayar QRIS, QR code tampak original. QRIS berjalan normal. Tidak ada kendala sama sekali.",safe_confirmation
Wah Kelihatan ada QR code palsu yang nempel di atas akrilik QRIS saya gak jadi bayar.,qr_replacement
Hmm Waktu mau bayar gw notice QR lain yang ditempel menimpa QRIS original di meja kasir saya curiga ini penipuan.,qr_replacement
Loh Ada stiker QR palsu mencurigakan yang ditempel di atas QR asli di akrilik stan.,qr_replacement
Wah Tidak ada wifi di toko secara keseluruhan lumayan.,other
Eh Kelihatan ada QR lain yang ditempel yang menutup QR code resmi saya foto dulu sebagai bukti.,qr_replacement
Kayaknya ada stiker QRIS asing yang ditempel di atas QR asli di meja kasir tolong ditindaklanjuti.,qr_replacement
Waktu mau bayar aku notice QR code palsu ditimpa di kode QR yang sah di tempat pembayaran.,qr_replacement
Hmm Nama akun tujuan tidak sesuai dengan nama toko jadi gw ragu mau bayar.,identity_mismatch
Eh Ada QR code palsu mencurigakan yang menutup QR code resmi di akrilik stan ini pasti fraud.,qr_replacement
Kayaknya ada QR code palsu yang dipasang di atas QRIS toko di depan toko tolong ditindaklanjuti.,qr_replacement
Aduh Kayaknya ada stiker QR palsu yang menutupi QR code merchantnya di akrilik stan langsung saya laporkan.,qr_replacement
Wah Alhamdulillah Pembayaran sukses tanpa masalah. nama rekening tujuan sesuai. Recommended deh tokonya.,safe_confirmation
Alhamdulillah QRIS berjalan normal. QR code tampak original. Terpercaya tokonya.,safe_confirmation
"Loh Syukurlah Semua berjalan baik, QRIS terlihat asli dan resmi. Recommended deh tokonya.",safe_confirmation
Waktu mau bayar gue notice stiker QRIS baru ditimpa di kode QR yang sah di meja kasir.,qr_replacement
Lho kok Nama pemilik rekening asing dan tidak dikenal saya batalin aja transaksinya?,identity_mismatch
Oh iya Aneh banget Transaksi QRIS gagal terus padahal uang sudah keluar.,suspicious_transaction
Hmm Saya dikenai biaya ekstra seribu rupiah atas nama biaya penggunaan QRIS padahal seharusnya gratis.,additional_fees
Setelah scan Nama pemilik rekening bukan nama tokonya sama sekali saya batalin aja transaksinya.,identity_mismatch
Eh Kelihatan ada QR code palsu yang ditempel di atas QR asli saya gak jadi bayar.,qr_replacement
QRIS tidak bisa dipindai ketika transaksi berlangsung walaupun tidak ada notifikasi sukses.,suspicious_transaction
Kelihatan ada stiker QRIS asing yang dipasang di atas QRIS toko saya gak jadi bayar.,qr_replacement
Aduh Nama akun tujuan beda sama nama yang ada di plang langsung saya laporin.,identity_mismatch
Catatan: Pencahayaan toko kurang terang semoga bisa lebih baik.,other
Wah Kelihatan ada stiker QRIS asing yang nempel di atas akrilik QRIS langsung aku laporkan.,qr_replacement
Ada stiker QRIS baru mencurigakan yang menutupi QR code merchantnya di tempat pembayaran saya foto dulu sebagai bukti.,qr_replacement
"Syukurlah QRIS berjalan normal, merchant terverifikasi. Puas dgn layanannya.",safe_confirmation
Diminta bayar tambahan Rp3.000 untuk biaya admin QRIS saya merasa dirugikan.,additional_fees
Ada pungutan Rp500 sebagai tanpa alasan jelas BI melarang ini.,additional_fees
Wah Catatan: Jam buka toko tidak konsisten semoga bisa lebih baik.,other
Wah Saya lihat ada QR code palsu yang ditimpa di kode QR yang sah di akrilik stan saya foto dulu sebagai bukti.,qr_replacement
Alhamdulillah Proses pembayaran mulus. QR code tampak original. Aman digunakan.,safe_confirmation
Aduh Pemilik toko minta Rp1.500 sebagai biaya layanan ini jelas melanggar aturan.,additional_fees
Hmm Ada pungutan Rp2.000 sebagai biaya sistem padahal seharusnya gratis.,additional_fees
Loh Catatan: Tidak ada wifi di toko perlu diperbaiki.,other
Feedback untuk toko: Tempatnya bersih dan nyaman semoga bisa lebih baik.,other
Aduh Aneh banget Sistem QRIS mengalami gangguan mencurigakan waktu pembayaran diproses padahal uang dah keluar gue bingung harus lapor kemana.,suspicious_transaction
Hmm Ada stiker QR palsu mencurigakan yang dipasang di atas QRIS toko di depan toko tolong ditindaklanjuti.,qr_replacement
Saya dikenai biaya ekstra Rp1.500 atas nama biaya layanan BI melarang ini.,additional_fees
Feedback untuk toko: Harga dan kualitas sebanding semoga bisa lebih baik.,other
Loh Tiba-tiba ada tambahan Rp5.000 katanya ongkos pembayaran digital BI melarang ini.,additional_fees
Aduh QR code tampak original dan QRIS berjalan normal. Recommended deh tokonya.,safe_confirmation
Aneh banget Transaksi error berkali-kali ketika transaksi berlangsung saldo terpotong ganda tolong segera ditangani.,suspicious_transaction
Oh iya Setelah scan Nama penerima beda sama nama yang ada di plang bikin curiga.,identity_mismatch
Pengalaman saya: Antrian di kasir sangat panjang secara keseluruhan lumayan.,other
Pengalaman saya: Pelayanan kasirnya kurang ramah.,other
Aduh Transaksi error berkali-kali waktu pembayaran diproses tapi rekening sudah didebet saya minta refund.,suspicious_transaction
Ditagih Rp2.000 lagi dengan alasan biaya layanan saya komplain tapi diabaikan.,additional_fees
"Berhasil bayar QRIS, logo QRIS jelas dan nggak rusak. Transaksi berhasil dan lancar. Puas dengan layanannya.",safe_confirmation
"Oh iya Proses pembayaran mulus, QRIS terlihat asli dan resmi.",safe_confirmation
Saya dikenai biaya ekstra Rp500 atas nama biaya sistem BI melarang ini.,additional_fees
Aduh Penjual minta Rp2.500 sebagai biaya transaksi ini jelas melanggar aturan.,additional_fees
"Aduh Pembayaran sukses tanpa masalah, tidak ada biaya tambahan. Terpercaya tokonya.",safe_confirmation
Catatan: Harganya mahal dibanding toko lain tapi overall oke kok.,other
Eh Setelah scan Nama akun tujuan berbeda dengan nama toko yang tertera langsung gue laporin.,identity_mismatch
Waktu mau bayar saya notice stiker QR palsu nempel di atas akrilik QRIS di depan toko ini pasti fraud.,qr_replacement
Tempat parkir susah sekali.,other
"Proses pembayaran mulus, nama merchant sesuai dengan nama toko. Recommended deh tokonya.",safe_confirmation
Eh Lho kok Nama rekening tujuan beda sama nama yang ada di plang jadi saya ragu mau bayar?,identity_mismatch
"Oh iya Transaksi selesai dengan aman, logo QRIS jelas dan tidak rusak.",safe_confirmation
Eh Diminta bayar tambahan Rp3.000 untuk ongkos pembayaran digital saya komplain tapi diabaikan.,additional_fees
Oh iya Saya perhatikan Nama rekening tujuan bukan nama tokonya sama sekali gw batalin aja transaksinya.,identity_mismatch
Kayaknya ada QR code palsu yang menutup QR code resmi di tempat pembayaran saya foto dulu sebagai bukti.,qr_replacement
Waktu mau bayar gue notice stiker QRIS baru nempel di atas akrilik QRIS di tempat pembayaran tolong ditindaklanjuti.,qr_replacement
Ditagih seribu rupiah lagi dengan alasan ongkos pembayaran digital ini gak boleh.,additional_fees
Ada pungutan Rp1.000 sebagai ongkos pembayaran digital BI melarang ini.,additional_fees
Setelah scan Nama penerima tidak sesuai dgn nama toko ini fraud ya?.,identity_mismatch
QRIS-nya nggak asli ada stiker QRIS baru yang ditimpa di kode QR yang sah.,qr_replacement
Eh Alhamdulillah Semua berjalan baik. nama penerima cocok dengan tokonya.,safe_confirmation
"Syukurlah Transaksi berhasil dan lancar, nama rekening tujuan sesuai. Aman digunakan.",safe_confirmation
Eh Alhamdulillah Semua berjalan baik. tidak ada biaya tambahan. Recommended deh tokonya.,safe_confirmation
Wah Tiba-tiba ada tambahan Rp5.000 katanya ongkos pembayaran digital padahal seharusnya gratis.,additional_fees
Oh iya Alhamdulillah Transaksi berhasil dan lancar. merchant terverifikasi.,safe_confirmation
Hmm Sudah coba berkali-kali tapi Transaksi error berkali-kali tapi saldo dah terpotong saya bingung harus lapor kemana.,suspicious_transaction
Aduh Ada pungutan Rp3.000 sebagai ongkos pembayaran digital.,additional_fees
Eh Ada pungutan 500 perak sebagai biaya layanan.,additional_fees
Tiba-tiba ada tambahan Rp2.000 katanya tanpa alasan jelas saya komplain tapi diabaikan.,additional_fees
Diminta bayar tambahan Rp3.000 untuk biaya sistem saya merasa dirugikan.,additional_fees
Wah Ada stiker QRIS baru mencurigakan yang nempel di atas akrilik QRIS di tempat pembayaran tolong ditindaklanjuti.,qr_replacement
Eh Tiba-tiba ada tambahan Rp2.500 katanya ongkos pembayaran digital apakah ini diperbolehkan?.,additional_fees
Loh Tiba-tiba ada tambahan Rp500 katanya biaya sistem padahal seharusnya gratis.,additional_fees
Hmm Kenapa ya Nama rekening tujuan bukan nama tokonya sama sekali ini fraud ya??,identity_mismatch
Eh Ada pungutan Rp5.000 sebagai biaya transaksi ini nggak boleh.,additional_fees
Hmm Aneh banget Transaksi QRIS gagal terus ketika transaksi berlangsung tapi rekening sudah didebet.,suspicious_transaction
"Hmm Syukurlah Proses pembayaran mulus, logo QRIS jelas dan ga rusak. Sangat mudah dan cepat.",safe_confirmation
Aneh banget Transaksi QRIS gagal terus waktu pembayaran diproses tapi saldo sudah terpotong gw bingung harus lapor kemana.,suspicious_transaction
"Syukurlah Transaksi berhasil dan lancar, merchant terverifikasi. Aman digunakan.",safe_confirmation
Loh QR code tampak original dan Proses pembayaran mulus.,safe_confirmation
Oh iya Pengalaman saya: Tempatnya bersih dan nyaman tapi overall oke kok.,other
Oh iya Ada pungutan Rp2.500 sebagai tanpa alasan jelas.,additional_fees
Aneh banget Nama akun tujuan tidak sesuai dengan nama toko saya khawatir.,identity_mismatch
Diminta bayar tambahan Rp2.500 untuk ongkos pembayaran digital.,additional_fees
Aneh banget QR terbaca tapi transaksi gagal pas saya scan QR-nya tapi saldo sudah terpotong dana saya hilang.,suspicious_transaction
Saya lihat ada QR code palsu yang ditempel di atas QR asli di tempat pembayaran langsung saya laporkan.,qr_replacement
Hmm Aneh banget QR terbaca tapi transaksi gagal pas saya scan QR-nya padahal uang udah keluar ini sudah kedua kalinya.,suspicious_transaction
Eh Pas scan QRIS-nya Nama penerima ga sesuai dengan nama toko.,identity_mismatch
Sudah coba berkali-kali tapi Pembayaran gak berhasil walaupun tidak ada notifikasi sukses saya minta refund.,suspicious_transaction
Wah Sistem QRIS mengalami gangguan mencurigakan waktu pembayaran diproses namun saldo berkurang mohon bantuan.,suspicious_transaction
Loh Setelah scan Nama rekening tujuan tidak cocok dengan stiker toko apa mungkin QRIS-nya dipalsukan?.,identity_mismatch
Loh Saya mau kasih masukan: Harga dan kualitas sebanding perlu diperbaiki.,other
"Syukurlah Transaksi selesai dengan aman, nama merchant sesuai dengan nama toko. Tidak ada kendala sama sekali.",safe_confirmation
Kayaknya ada stiker QRIS asing yang menimpa QRIS original di meja kasir ini pasti fraud.,qr_replacement
Wah Sudah coba berkali-kali tapi QRIS tidak bisa dipindai tapi saldo sudah terpotong gw minta refund.,suspicious_transaction
Nama penerima bukan nama tokonya sama sekali langsung saya laporin.,identity_mismatch
Pengalaman saya: AC di dalam toko terlalu dingin secara keseluruhan lumayan.,other
Aduh Tiba-tiba ada tambahan Rp1.500 katanya biaya sistem saya merasa dirugikan.,additional_fees
"Syukurlah Pembayaran sukses tanpa masalah, nama penerima cocok dengan tokonya. Puas dengan layanannya.",safe_confirmation
"Transaksi selesai dengan aman, nama penerima cocok dengan tokonya. Tidak ada kendala sama sekali.",safe_confirmation
Eh Ada pungutan 500 perak sebagai ongkos pembayaran digital tanpa pemberitahuan sebelumnya.,additional_fees
Alhamdulillah Proses pembayaran mulus. logo QRIS jelas dan ga rusak. Tidak ada kendala sama sekali.,safe_confirmation
Hmm Antrian di kasir banget panjang perlu diperbaiki.,other
Wah Feedback untuk toko: Harga dan kualitas sebanding semoga bisa lebih baik.,other
Aduh Catatan: Jam buka toko enggak konsisten perlu diperbaiki.,other
Oh iya Ada stiker QR palsu mencurigakan yang menimpa QRIS original di akrilik stan saya foto dulu sebagai bukti.,qr_replacement
Pembayaran gak berhasil pas gue scan QR-nya saldo terpotong ganda saya bingung harus lapor kemana.,suspicious_transaction
Waktu mau bayar saya notice stiker QRIS asing dipasang di atas QRIS toko di kasir toko saya foto dulu sebagai bukti.,qr_replacement
Setelah scan Identitas merchant gak sama dengan nama usaha saya batalin aja transaksinya.,identity_mismatch
Aduh Aneh banget QR terbaca tapi transaksi gagal waktu pembayaran diproses padahal uang sudah keluar ini sudah kedua kalinya.,suspicious_transaction
Feedback untuk toko: Toko terlalu ramai dan sempit tapi overall oke kok.,other
Ada stiker QRIS baru mencurigakan yang dipasang di atas QRIS toko di depan toko ini pasti fraud.,qr_replacement
"Eh Proses pembayaran mulus, nama rekening tujuan sesuai. Recommended deh tokonya.",safe_confirmation
"Pembayaran sukses tanpa masalah, nama rekening tujuan sesuai. Recommended deh tokonya.",safe_confirmation
"Wah Syukurlah Proses pembayaran mulus, QR code tampak original. Puas dgn layanannya.",safe_confirmation
Eh Kayaknya ada stiker QRIS baru yang nempel di atas akrilik QRIS di meja kasir.,qr_replacement
Eh Saya mau kasih masukan: Kualitas produknya bagus sekali ga masalah sih.,other
Eh Kayaknya ada QR code palsu yang menutupi QR code merchantnya di depan toko saya curiga ini penipuan.,qr_replacement
Wah Penjual minta Rp5.000 sebagai biaya sistem tanpa pemberitahuan sebelumnya.,additional_fees
Wah Ada pungutan Rp1.500 sebagai biaya layanan.,additional_fees
Saya perhatikan Nama yang muncul waktu scan jauh berbeda dari nama di spanduk saya batalin aja transaksinya.,identity_mismatch
Oh iya Feedback untuk toko: AC di dalam toko terlalu dingin.,other
Loh Feedback untuk toko: Jam buka toko tidak konsisten tidak masalah sih.,other
Catatan: Lokasi toko strategis banget semoga bisa lebih baik.,other
Aduh Ada stiker QRIS baru mencurigakan yang ditempel di atas QR asli di meja kasir ini pasti fraud.,qr_replacement
Oh iya Saya mau kasih masukan: Tempatnya bersih dan nyaman secara keseluruhan lumayan.,other
Loh Waktu mau bayar saya notice QR code palsu menutup QR code resmi di meja kasir saya gak jadi bayar.,qr_replacement
Oh iya Aneh banget Pembayaran tidak berhasil saat saya coba bayar padahal uang sudah keluar tolong segera ditangani.,suspicious_transaction
"Berhasil bayar QRIS, nama penerima cocok dgn tokonya. Pembayaran QRIS sukses. Tidak ada kendala sama sekali.",safe_confirmation
Hmm Waktu mau bayar saya notice stiker QR palsu ditempel di atas QR asli di meja kasir langsung saya laporkan.,qr_replacement
Feedback untuk toko: Tempatnya bersih dan nyaman tidak masalah sih.,other
Loh Tiba-tiba ada tambahan Rp2.000 katanya biaya transaksi apakah ini diperbolehkan?.,additional_fees
"QRIS berjalan normal, nama merchant sesuai sama nama toko.",safe_confirmation
Wah Transaksi QRIS gagal terus pas saya scan QR-nya tapi saldo udah terpotong saya bingung harus lapor kemana.,suspicious_transaction
Catatan: Harga dan kualitas sebanding semoga bisa lebih baik.,other
Nama akun tujuan jauh berbeda dari nama di spanduk bikin curiga.,identity_mismatch
Saya lihat ada stiker QRIS baru yang ditempel di atas QR asli di kasir toko.,qr_replacement
Saya dikenai biaya ekstra 500 perak atas nama biaya transaksi apakah ini diperbolehkan?.,additional_fees
Loh Pas scan QRIS-nya Nama yang muncul saat scan nggak sama sama nama usaha tolong dicek.,identity_mismatch
Setelah scan Nama penerima berbeda dgn nama toko yang tertera langsung saya laporin.,identity_mismatch
Lho kok Nama penerima berbeda dengan nama toko yang tertera bikin curiga?,identity_mismatch
Hmm Sudah coba berkali-kali tapi QR terbaca tapi transaksi gagal tapi saldo sudah terpotong mohon bantuan.,suspicious_transaction
Kelihatan ada stiker QRIS asing yang ditimpa di kode QR yang sah saya foto dulu sebagai bukti.,qr_replacement
Wah Feedback untuk toko: AC di dalam toko terlalu dingin.,other
Hmm QRIS-nya gak asli ada QR code palsu yang menimpa QRIS original ini pasti fraud.,qr_replacement
"Semua berjalan baik, QR code tampak original. Puas dengan layanannya.",safe_confirmation
Loh Lho kok Nama yang muncul saat scan bukan nama tokonya sama sekali langsung saya laporin?,identity_mismatch
Saya lihat ada QR code palsu yang nempel di atas akrilik QRIS di kasir toko tolong ditindaklanjuti.,qr_replacement
Loh Diminta bayar tambahan Rp1.000 untuk tanpa alasan jelas padahal seharusnya gratis.,additional_fees
Aduh Pengalaman saya: Toko agak kotor di bagian belakang secara keseluruhan lumayan.,other
Loh QRIS terlihat asli dan resmi dan Semua berjalan baik. Aman digunakan.,safe_confirmation
Aduh Kelihatan ada stiker QR palsu yang nempel di atas akrilik QRIS gw curiga ini penipuan.,qr_replacement
Sudah coba berkali-kali tapi QRIS tidak bisa dipindai namun saldo berkurang.,suspicious_transaction
Wah Feedback untuk toko: Antrian di kasir sangat panjang tapi overall oke kok.,other
Saya perhatikan Nama di layar pembayaran tidak cocok dengan stiker toko jadi saya ragu mau bayar.,identity_mismatch
Hmm Saya perhatikan Nama merchant beda banget dari nama tokonya bikin curiga.,identity_mismatch
nama merchant sesuai dengan nama toko dan Transaksi selesai dengan aman. Aman digunakan.,safe_confirmation
Eh Catatan: Harga dan kualitas sebanding secara keseluruhan lumayan.,other
Wah QR terbaca tapi transaksi gagal dan tapi saldo sudah terpotong waktu saya coba bayar ini sudah kedua kalinya.,suspicious_transaction
Aneh banget Transaksi error berkali-kali padahal uang udah keluar gw minta refund.,suspicious_transaction
Si penjualnya minta Rp1.000 sebagai biaya transaksi ini tidak boleh.,additional_fees
Eh Sudah coba berkali-kali tapi Pembayaran gak berhasil namun saldo berkurang ini udah kedua kalinya.,suspicious_transaction
Wah Ada stiker QR palsu mencurigakan yang menutup QR code resmi di akrilik stan.,qr_replacement
Saya mau kasih masukan: Harga dan kualitas sebanding tapi overall oke kok.,other
Ada stiker QRIS baru mencurigakan yang ditempel di atas QR asli di meja kasir saya gak jadi bayar.,qr_replacement
Hmm Saya lihat ada QR code palsu yang ditempel di atas QR asli di meja kasir tolong ditindaklanjuti.,qr_replacement
Loh Kayaknya ada kode QR yang mencurigakan yang nempel di atas akrilik QRIS di kasir toko.,qr_replacement
Aduh Petugasnya minta Rp500 sebagai biaya penggunaan QRIS ini tidak boleh.,additional_fees
Aduh Sudah coba berkali-kali tapi QRIS enggak bisa dipindai tapi saldo udah terpotong.,suspicious_transaction
Eh Sistem QRIS mengalami gangguan mencurigakan ketika transaksi berlangsung saldo terpotong ganda ini dah kedua kalinya.,suspicious_transaction
Loh Saya mau kasih masukan: Toko agak kotor di bagian belakang secara keseluruhan lumayan.,other
Sudah coba berkali-kali tapi Pembayaran tidak berhasil namun saldo berkurang ini sangat merugikan.,suspicious_transaction
Oh iya Diminta bayar tambahan dua ribu rupiah untuk ongkos pembayaran digital ini tidak boleh.,additional_fees
Wah Nama pemilik rekening nama orang bukan nama toko langsung saya laporin.,identity_mismatch
Feedback untuk toko: Tidak ada wifi di toko semoga bisa lebih baik.,other
QR terbaca tapi transaksi gagal saat saya coba bayar tapi saldo sudah terpotong ini sudah kedua kalinya.,suspicious_transaction
Aneh banget QR terbaca tapi transaksi gagal waktu pembayaran diproses tapi saldo sudah terpotong ini sangat merugikan.,suspicious_transaction
Pas scan QRIS-nya Identitas merchant bukan nama tokonya sama sekali ini fraud ya?.,identity_mismatch
Kenapa ya Nama merchant tidak sama sama nama usaha apa mungkin QRIS-nya dipalsukan??,identity_mismatch
Setelah scan Nama merchant nama orang bukan nama toko.,identity_mismatch
Eh Pas scan QRIS-nya Nama penerima beda sama nama yang ada di plang.,identity_mismatch
Eh Kayaknya ada stiker QRIS asing yang menutupi QR code merchantnya di kasir toko saya gak jadi bayar.,qr_replacement
Eh Feedback untuk toko: AC di dalam toko terlalu dingin secara keseluruhan lumayan.,other
"Berhasil bayar QRIS, nama penerima cocok dengan tokonya. Semua berjalan baik. Tidak ada kendala sama sekali.",safe_confirmation
Wah QR code tampak original dan Pembayaran sukses tanpa masalah. Recommended deh tokonya.,safe_confirmation
Aduh QRIS-nya tidak asli ada stiker QRIS asing yang menutup QR code resmi langsung aku laporkan.,qr_replacement
Hmm Masnya minta 500 perak sebagai biaya sistem gue merasa dirugikan.,additional_fees
Waktu mau bayar saya notice stiker QR palsu menimpa QRIS original di depan toko.,qr_replacement
Oh iya Nama akun tujuan gak cocok sama nama merchant resmi jadi gw ragu mau bayar.,identity_mismatch
Oh iya Ditagih seribu rupiah lagi dengan alasan biaya admin QRIS saya merasa dirugikan.,additional_fees
Sudah coba berkali-kali tapi QR terbaca tapi transaksi gagal tapi rekening sudah didebet ini banget merugikan.,suspicious_transaction
Nama pemilik rekening nama orang bukan nama toko bikin curiga.,identity_mismatch
Oh iya Saya dikenai biaya ekstra Rp2.500 atas nama biaya layanan saya merasa dirugikan.,additional_fees
Setelah scan Nama yang muncul ketika scan berbeda dengan nama toko yang tertera saya batalin aja transaksinya.,identity_mismatch
"Transaksi berhasil dan lancar, nama penerima cocok dengan tokonya. Recommended deh tokonya.",safe_confirmation
QRIS-nya enggak asli ada stiker QRIS asing yang menimpa QRIS original saya foto dulu sebagai bukti.,qr_replacement
Wah Nama di layar pembayaran jauh berbeda dari nama di spanduk apa ini aman?.,identity_mismatch
"Loh Syukurlah Transaksi selesai dengan aman, logo QRIS jelas dan tidak rusak. Tidak ada kendala sama sekali.",safe_confirmation
Aduh Saya dikenai biaya ekstra Rp3.000 atas nama biaya layanan.,additional_fees
Pembayaran tidak berhasil dan namun saldo berkurang saat saya coba bayar saya minta refund.,suspicious_transaction
Aneh banget Nama penerima asing dan tidak dikenal ini fraud ya?.,identity_mismatch
"Oh iya Berhasil bayar QRIS, nama merchant sesuai dengan nama toko. QRIS berjalan normal. Recommended deh tokonya.",safe_confirmation
Hmm Kayaknya ada stiker QRIS asing yang dipasang di atas QRIS toko di kasir toko langsung gue laporkan.,qr_replacement
Oh iya Lho kok Identitas merchant tidak sesuai dengan nama toko bikin curiga?,identity_mismatch
Aneh banget Transaksi QRIS gagal terus ketika saya coba bayar namun saldo berkurang mohon bantuan.,suspicious_transaction
Aneh banget Nama pemilik rekening asing dan tidak dikenal.,identity_mismatch
"Loh Berhasil bayar QRIS, nama merchant sesuai dgn nama toko. Semua berjalan baik. Puas dengan layanannya.",safe_confirmation
Wah Saya lihat ada QR code palsu yang menimpa QRIS original di tempat pembayaran ini pasti fraud.,qr_replacement
Eh Setelah scan Nama rekening tujuan beda banget dari nama tokonya jadi saya ragu mau bayar.,identity_mismatch
"Hmm Syukurlah Transaksi berhasil dan lancar, merchant terverifikasi. Recommended deh tokonya.",safe_confirmation
Wah Saya mau kasih masukan: Tempatnya bersih dan nyaman.,other
Eh QRIS terlihat asli dan resmi dan Pembayaran sukses tanpa masalah. Terpercaya tokonya.,safe_confirmation
"Wah Syukurlah Transaksi berhasil dan lancar, merchant terverifikasi. Recommended deh tokonya.",safe_confirmation
Kenapa ya Identitas merchant bukan nama tokonya sama sekali?,identity_mismatch
Waktu mau bayar saya notice stiker QRIS asing nempel di atas akrilik QRIS di tempat pembayaran tolong ditindaklanjuti.,qr_replacement
Eh Transaksi error berkali-kali dan namun saldo berkurang pas saya scan QR-nya.,suspicious_transaction
Wah QRIS terlihat asli dan resmi dan Pembayaran sukses tanpa masalah. Tidak ada kendala sama sekali.,safe_confirmation
Oh iya Ada QR lain yang ditempel mencurigakan yang menutup QR code resmi di depan toko saya gak jadi bayar.,qr_replacement
Loh Masnya minta Rp2.500 sebagai biaya layanan ini tidak boleh.,additional_fees
Saya perhatikan Nama akun tujuan asing dan gak dikenal saya batalin aja transaksinya.,identity_mismatch
Sudah coba berkali-kali tapi Sistem QRIS mengalami gangguan mencurigakan tapi rekening sudah didebet ini sudah kedua kalinya.,suspicious_transaction
Aduh Catatan: Harganya mahal dibanding toko lain perlu diperbaiki.,other
"Hmm QRIS berjalan normal, nama merchant sesuai dengan nama toko. Recommended deh tokonya.",safe_confirmation
Ditagih Rp1.000 lagi dengan alasan biaya penggunaan QRIS saya komplain tapi diabaikan.,additional_fees
Aduh Catatan: AC di dalam toko terlalu dingin.,other
Eh Saya lihat ada stiker QRIS asing yang menimpa QRIS original di depan toko tolong ditindaklanjuti.,qr_replacement
QRIS-nya tidak asli ada kode QR yang mencurigakan yang menimpa QRIS original ini pasti fraud.,qr_replacement
Pengalaman gw: Antrian di kasir sangat panjang semoga bisa lebih baik.,other
Setelah scan Nama pemilik rekening tidak sesuai dengan nama toko gue khawatir.,identity_mismatch
Setelah scan Identitas merchant enggak cocok dengan stiker toko saya khawatir.,identity_mismatch
"Syukurlah QRIS berjalan normal, merchant terverifikasi.",safe_confirmation
Lho kok Nama penerima asing dan tidak dikenal saya batalin aja transaksinya?,identity_mismatch
Aneh banget Nama penerima berbeda dengan nama toko yang tertera bikin curiga.,identity_mismatch
Oh iya Setelah scan Nama penerima enggak sama sama nama usaha bikin curiga.,identity_mismatch
Setelah scan Nama rekening tujuan nama orang bukan nama toko ini fraud ya?.,identity_mismatch
Wah Tiba-tiba ada tambahan 500 perak katanya biaya admin QRIS ini tidak boleh.,additional_fees
Loh Ada pungutan Rp2.500 sebagai biaya transaksi tanpa pemberitahuan sebelumnya.,additional_fees
Loh Saya dikenai biaya ekstra Rp5.000 atas nama tanpa alasan jelas.,additional_fees
"Eh Berhasil bayar QRIS, ga ada biaya tambahan. Semua berjalan baik. Tidak ada kendala sama sekali.",safe_confirmation
Hmm Lho kok Nama di layar pembayaran tidak cocok dengan stiker toko jadi gue ragu mau bayar?,identity_mismatch
Eh Saya lihat ada QR code palsu yang menutup QR code resmi di tempat pembayaran tolong ditindaklanjuti.,qr_replacement
Sudah coba berkali-kali tapi QRIS tidak bisa dipindai saldo terpotong ganda ini banget merugikan.,suspicious_transaction
nama merchant sesuai sama nama toko dan Proses pembayaran mulus. Recommended deh tokonya.,safe_confirmation
Aduh Sudah coba berkali-kali tapi QRIS gak bisa dipindai tapi rekening sudah didebet gue minta refund.,suspicious_transaction
Ada stiker QRIS asing mencurigakan yang nempel di atas akrilik QRIS di meja kasir.,qr_replacement
"Hmm Berhasil bayar QRIS, nama merchant sesuai dengan nama toko. QRIS berjalan normal. Terpercaya tokonya.",safe_confirmation
"Syukurlah Proses pembayaran mulus, QRIS terlihat asli dan resmi. Sangat mudah dan cepat.",safe_confirmation
Aduh Kenapa ya Nama pemilik rekening nama orang bukan nama toko apa mungkin QRIS-nya dipalsukan??,identity_mismatch
Saya mau kasih masukan: Lokasi toko strategis banget perlu diperbaiki.,other
Wah Setelah scan Identitas merchant nama orang bukan nama toko.,identity_mismatch
Hmm Alhamdulillah Pembayaran QRIS sukses. QRIS terlihat asli dan resmi. Puas dengan layanannya.,safe_confirmation
Loh Aneh banget QR terbaca tapi transaksi gagal walaupun nggak ada notifikasi sukses.,suspicious_transaction
Eh Feedback untuk toko: Harganya mahal dibanding toko lain.,other
Oh iya QRIS-nya tidak asli ada stiker QR palsu yang menimpa QRIS original saya curiga ini penipuan.,qr_replacement
Eh Diminta bayar tambahan Rp1.500 untuk biaya layanan apakah ini diperbolehkan?.,additional_fees
Eh Alhamdulillah Transaksi berhasil dan lancar. nama merchant sesuai dgn nama toko. Tidak ada kendala sama sekali.,safe_confirmation
Tidak ada wifi di toko perlu diperbaiki.,other
Loh Setelah scan Nama rekening tujuan tidak sesuai dgn nama toko langsung saya laporin.,identity_mismatch
Loh QRIS tidak bisa dipindai dan tapi rekening dah didebet ketika transaksi berlangsung ini amat merugikan.,suspicious_transaction
Hmm Catatan: AC di dalam toko terlalu dingin ga masalah sih.,other
Aduh Ditagih Rp3.000 lagi dengan alasan tanpa alasan jelas tanpa pemberitahuan sebelumnya.,additional_fees
"QRIS berjalan normal, nama rekening tujuan sesuai.",safe_confirmation
Hmm QRIS enggak bisa dipindai dan padahal uang sudah keluar ketika transaksi berlangsung.,suspicious_transaction
Feedback untuk toko: Lokasi toko strategis banget.,other
Loh Tiba-tiba ada tambahan Rp2.000 katanya biaya layanan BI melarang ini.,additional_fees
Loh Catatan: Produknya bagus tapi packaging kurang menarik.,other
Pengalaman saya: Pencahayaan toko kurang terang.,other
Aduh Aneh banget QR terbaca tapi transaksi gagal ketika transaksi berlangsung padahal uang sudah keluar.,suspicious_transaction
Oh iya Alhamdulillah Transaksi selesai dengan aman. nama rekening tujuan sesuai. Tidak ada kendala sama sekali.,safe_confirmation
Aneh banget Nama penerima bukan nama tokonya sama sekali saya khawatir.,identity_mismatch
Hmm Saya lihat ada stiker QR palsu yang ditempel di atas QR asli di akrilik stan langsung saya laporkan.,qr_replacement
"Loh Semua berjalan baik, tidak ada biaya tambahan. Puas dgn layanannya.",safe_confirmation
Hmm Sudah coba berkali-kali tapi Transaksi error berkali-kali saldo terpotong ganda gue minta refund.,suspicious_transaction
QRIS terlihat asli dan resmi dan Transaksi berhasil dan lancar. Terpercaya tokonya.,safe_confirmation
Wah Sistem QRIS mengalami gangguan mencurigakan dan tapi rekening sudah didebet ketika transaksi berlangsung.,suspicious_transaction
Wah Kelihatan ada stiker QR palsu yang menutup QR code resmi saya gak jadi bayar.,qr_replacement
Hmm Catatan: Barang sering kehabisan stok.,other
Loh Pengalaman aku: Pelayanan kasirnya kurang ramah semoga bisa lebih baik.,other
Hmm Kenapa ya Nama pemilik rekening asing dan tidak dikenal ini fraud ya??,identity_mismatch
Hmm Aneh banget QR terbaca tapi transaksi gagal waktu pembayaran diproses tapi rekening sudah didebet saya bingung harus lapor kemana.,suspicious_transaction
Aduh Toko terlalu ramai dan sempit tidak masalah sih.,other
Eh Pas scan QRIS-nya Nama pemilik rekening asing dan tidak dikenal saya batalin aja transaksinya.,identity_mismatch
Hmm Aneh banget QR terbaca tapi transaksi gagal pas gw scan QR-nya saldo terpotong ganda ini amat merugikan.,suspicious_transaction
Loh Diminta bayar tambahan Rp1.000 untuk biaya admin QRIS ini gak boleh.,additional_fees
"Berhasil bayar QRIS, nama penerima cocok dengan tokonya. Pembayaran sukses tanpa masalah. Tidak ada kendala sama sekali.",safe_confirmation
Ditagih Rp1.000 lagi dgn alasan biaya layanan tanpa pemberitahuan sebelumnya.,additional_fees
"Loh Berhasil bayar QRIS, QR code tampak original. QRIS berjalan normal. Terpercaya tokonya.",safe_confirmation
Wah Transaksi error berkali-kali pas saya scan QR-nya walaupun nggak ada notifikasi sukses ini sangat merugikan.,suspicious_transaction
Oh iya QRIS-nya tidak asli ada QR code palsu yang ditempel di atas QR asli gw gak jadi bayar.,qr_replacement
Kayaknya ada QR code palsu yang ditempel di atas QR asli di depan toko langsung saya laporkan.,qr_replacement
Oh iya Pas scan QRIS-nya Nama yang muncul saat scan gak cocok sama nama merchant resmi.,identity_mismatch
Eh AC di dalam toko terlalu dingin secara keseluruhan lumayan.,other
Aduh Lho kok Nama pemilik rekening gak cocok sama nama merchant resmi ini fraud ya??,identity_mismatch
Pengalaman saya: Antrian di kasir banget panjang tidak masalah sih.,other
Ada pungutan Rp1.500 sebagai biaya admin QRIS gue merasa dirugikan.,additional_fees
Wah Lho kok Nama merchant asing dan tidak dikenal jadi saya ragu mau bayar?,identity_mismatch
Eh Alhamdulillah Pembayaran sukses tanpa masalah. nama penerima cocok dengan tokonya. Aman digunakan.,safe_confirmation
"Aduh Semua berjalan baik, tidak ada biaya tambahan. Aman digunakan.",safe_confirmation
Wah Jam buka toko tidak konsisten tapi overall oke kok.,other
Oh iya Sistem QRIS mengalami gangguan mencurigakan waktu pembayaran diproses padahal uang sudah keluar ini amat merugikan.,suspicious_transaction
Saya mau kasih masukan: Jam buka toko ga konsisten tidak masalah sih.,other
Loh Alhamdulillah QRIS berjalan normal. nama merchant sesuai sama nama toko. Terpercaya tokonya.,safe_confirmation
Aduh Sudah coba berkali-kali tapi Transaksi QRIS gagal terus namun saldo berkurang tolong segera ditangani.,suspicious_transaction
Oh iya Tiba-tiba ada tambahan Rp3.000 katanya biaya penggunaan QRIS saya komplain tapi diabaikan.,additional_fees
Oh iya Aneh banget QRIS enggak bisa dipindai pas aku scan QR-nya namun saldo berkurang ini sudah kedua kalinya.,suspicious_transaction
Oh iya Jam buka toko tidak konsisten tapi overall oke kok.,other
Aduh Saya mau kasih masukan: Barang sering kehabisan stok tidak masalah sih.,other
Lokasi toko strategis banget tapi overall oke kok.,other
Hmm Nama pemilik rekening jauh berbeda dari nama di spanduk saya batalin aja transaksinya.,identity_mismatch
Lho kok Nama di layar pembayaran tidak sesuai dengan nama toko langsung saya laporin?,identity_mismatch
Aduh Aneh banget Transaksi error berkali-kali waktu pembayaran diproses saldo terpotong ganda ini sudah kedua kalinya.,suspicious_transaction
Hmm Catatan: Tempatnya bersih dan nyaman secara keseluruhan lumayan.,other
Aduh Catatan: Tempatnya bersih dan nyaman.,other
Wah Aneh banget Pembayaran tidak berhasil ketika transaksi berlangsung saldo terpotong ganda saya bingung harus lapor kemana.,suspicious_transaction
Pengalaman saya: Lokasi toko strategis banget.,other
Aduh Ditagih Rp500 lagi sama alasan biaya transaksi apakah ini diperbolehkan?.,additional_fees
"Syukurlah Proses pembayaran mulus, nggak ada biaya tambahan.",safe_confirmation
Saya mau kasih masukan: Toko agak kotor di bagian belakang semoga bisa lebih baik.,other
Wah Sudah coba berkali-kali tapi QR terbaca tapi transaksi gagal tapi rekening sudah didebet mohon bantuan.,suspicious_transaction
Aduh Alhamdulillah Pembayaran sukses tanpa masalah. nama merchant sesuai dengan nama toko. Terpercaya tokonya.,safe_confirmation
Pas scan QRIS-nya Identitas merchant jauh berbeda dari nama di spanduk.,identity_mismatch
Oh iya Ada pungutan seribu rupiah sebagai tanpa alasan jelas BI melarang ini.,additional_fees
Diminta bayar tambahan Rp1.000 untuk biaya penggunaan QRIS ini jelas melanggar aturan.,additional_fees
Aduh Ditagih Rp5.000 lagi dengan alasan biaya admin QRIS BI melarang ini.,additional_fees
"Transaksi selesai dengan aman, merchant terverifikasi. Aman digunakan.",safe_confirmation
Wah Sistem QRIS mengalami gangguan mencurigakan dan walaupun tidak ada notifikasi sukses dana saya hilang.,suspicious_transaction
Aduh Pengalaman saya: Antrian di kasir sangat panjang.,other
Saya dikenai biaya ekstra Rp3.000 atas nama biaya layanan padahal seharusnya gratis.,additional_fees
Loh Kenapa ya Identitas merchant beda banget dari nama tokonya?,identity_mismatch
"Oh iya Syukurlah Proses pembayaran mulus, QR code tampak original. Puas dgn layanannya.",safe_confirmation
Loh Diminta bayar tambahan 500 perak untuk biaya sistem ini tidak boleh.,additional_fees
Ada pungutan Rp1.500 sebagai ongkos pembayaran digital padahal seharusnya gratis.,additional_fees
Ditagih Rp3.000 lagi dengan alasan biaya transaksi ini tidak boleh.,additional_fees
Loh Transaksi error berkali-kali dan saldo terpotong ganda waktu pembayaran diproses saya minta refund.,suspicious_transaction
Hmm Saya lihat ada kode QR yang mencurigakan yang ditempel di atas QR asli di meja kasir tolong ditindaklanjuti.,qr_replacement
Wah Sudah coba berkali-kali tapi Transaksi QRIS gagal terus padahal uang dah keluar dana aku hilang.,suspicious_transaction
Eh Aneh banget Sistem QRIS mengalami gangguan mencurigakan pas saya scan QR-nya saldo terpotong ganda tolong segera ditangani.,suspicious_transaction
Aduh Catatan: Harganya mahal dibanding toko lain semoga bisa lebih baik.,other
Alhamdulillah Transaksi berhasil dan lancar. ga ada biaya tambahan. Sangat mudah dan cepat.,safe_confirmation
Saya mau kasih masukan: Barang sering kehabisan stok enggak masalah sih.,other
"Hmm Semua berjalan baik, QR code tampak original. Sangat mudah dan cepat.",safe_confirmation
Oh iya Kenapa ya Nama di layar pembayaran asing dan ga dikenal apa mungkin QRIS-nya dipalsukan??,identity_mismatch
Loh Saya dikenai biaya ekstra Rp500 atas nama ongkos pembayaran digital.,additional_fees
Loh Catatan: Pencahayaan toko kurang terang.,other
Loh Kelihatan ada stiker QRIS baru yang menimpa QRIS original saya foto dulu sebagai bukti.,qr_replacement
"Loh Syukurlah Transaksi selesai sama aman, QRIS terlihat asli dan resmi. Aman digunakan.",safe_confirmation
Sudah coba berkali-kali tapi Sistem QRIS mengalami gangguan mencurigakan padahal uang sudah keluar dana saya hilang.,suspicious_transaction
Wah Diminta bayar tambahan dua ribu rupiah untuk biaya admin QRIS padahal seharusnya gratis.,additional_fees
Hmm Setelah scan Nama pemilik rekening ga sama dengan nama usaha bikin curiga.,identity_mismatch
Oh iya Aneh banget Transaksi error berkali-kali pas gw scan QR-nya tapi rekening sudah didebet saya bingung harus lapor kemana.,suspicious_transaction
Pengalaman saya: Pelayanan kasirnya kurang ramah.,other
Aduh QR code tampak original dan QRIS berjalan normal. Terpercaya tokonya.,safe_confirmation
Oh iya Ditagih Rp1.500 lagi sama alasan biaya transaksi.,additional_fees
Saya perhatikan Nama pemilik rekening berbeda dengan nama toko yang tertera tolong dicek.,identity_mismatch
Toko terlalu ramai dan sempit secara keseluruhan lumayan.,other
"Oh iya Syukurlah Transaksi berhasil dan lancar, nama merchant sesuai dengan nama toko. Terpercaya tokonya.",safe_confirmation
Eh Pengalaman saya: Toko agak kotor di bagian belakang tidak masalah sih.,other
Loh Pas scan QRIS-nya Nama yang muncul pas scan beda banget dari nama tokonya tolong dicek.,identity_mismatch
Aduh QRIS terlihat asli dan resmi dan Pembayaran sukses tanpa masalah. Tidak ada kendala sama sekali.,safe_confirmation
Ditagih 500 perak lagi sama alasan biaya admin QRIS BI melarang ini.,additional_fees
"Eh Berhasil bayar QRIS, nama merchant sesuai dengan nama toko. Pembayaran sukses tanpa masalah. Recommended deh tokonya.",safe_confirmation
Wah Tiba-tiba ada tambahan Rp2.500 katanya biaya sistem ini jelas melanggar aturan.,additional_fees
Wah Saya dikenai biaya ekstra Rp500 atas nama biaya transaksi ini nggak boleh.,additional_fees
"Oh iya Transaksi berhasil dan lancar, QR code tampak original. Tidak ada kendala sama sekali.",safe_confirmation
Loh Feedback untuk toko: Harga dan kualitas sebanding perlu diperbaiki.,other
Loh QRIS-nya gak asli ada QR lain yang ditempel yang menutupi QR code merchantnya.,qr_replacement
Wah Alhamdulillah Pembayaran sukses tanpa masalah. merchant terverifikasi. Terpercaya tokonya.,safe_confirmation
"Hmm Syukurlah Transaksi selesai dengan aman, logo QRIS jelas dan tidak rusak. Aman digunakan.",safe_confirmation
Eh Nama yang muncul ketika scan nama orang bukan nama toko saya batalin aja transaksinya.,identity_mismatch
Aduh QRIS-nya nggak asli ada stiker QR palsu yang ditimpa di kode QR yang sah ini pasti fraud.,qr_replacement
Eh Saya lihat ada QR lain yang ditempel yang ditempel di atas QR asli di tempat pembayaran aku curiga ini penipuan.,qr_replacement
Hmm Feedback untuk toko: Produknya bagus tapi packaging kurang menarik perlu diperbaiki.,other
Wah Mbaknya minta Rp2.500 sebagai biaya sistem apakah ini diperbolehkan?.,additional_fees
Wah QRIS-nya tidak asli ada QR lain yang ditempel yang ditempel di atas QR asli ini pasti fraud.,qr_replacement
Loh logo QRIS jelas dan tidak rusak dan QRIS berjalan normal. Terpercaya tokonya.,safe_confirmation
Oh iya Aneh banget Transaksi error berkali-kali saat saya coba bayar padahal uang sudah keluar ini sudah kedua kalinya.,suspicious_transaction
Wah Diminta bayar tambahan seribu rupiah untuk biaya sistem saya komplain tapi diabaikan.,additional_fees
Kayaknya ada stiker QRIS baru yang menutupi QR code merchantnya di depan toko tolong ditindaklanjuti.,qr_replacement
Loh Ada pungutan Rp1.000 sebagai ongkos pembayaran digital.,additional_fees
Loh QRIS tidak bisa dipindai dan saldo terpotong ganda ketika transaksi berlangsung aku minta refund.,suspicious_transaction
Eh Sudah coba berkali-kali tapi Transaksi error berkali-kali tapi rekening udah didebet.,suspicious_transaction
Saya mau kasih masukan: Pelayanan kasirnya kurang ramah semoga bisa lebih baik.,other
Ada pungutan seribu rupiah sebagai biaya transaksi padahal seharusnya gratis.,additional_fees
Aduh Pas scan QRIS-nya Nama di layar pembayaran tidak sesuai sama nama toko tolong dicek.,identity_mismatch
Kayaknya ada QR lain yang ditempel yang menutup QR code resmi di kasir toko.,qr_replacement
Oh iya Alhamdulillah Proses pembayaran mulus. merchant terverifikasi. Recommended deh tokonya.,safe_confirmation
Loh Feedback untuk toko: Harganya mahal dibanding toko lain perlu diperbaiki.,other
Sudah coba berkali-kali tapi QR terbaca tapi transaksi gagal walaupun tidak ada notifikasi sukses ini sangat merugikan.,suspicious_transaction
Aduh Petugasnya minta Rp2.500 sebagai biaya sistem ini tidak boleh.,additional_fees
Eh Saya lihat ada stiker QR palsu yang dipasang di atas QRIS toko di tempat pembayaran gue foto dulu sebagai bukti.,qr_replacement
Wah Aneh banget Transaksi error berkali-kali waktu pembayaran diproses walaupun tidak ada notifikasi sukses ini sudah kedua kalinya.,suspicious_transaction
Aneh banget Nama yang muncul saat scan ga cocok dengan stiker toko tolong dicek.,identity_mismatch
Hmm Kelihatan ada QR lain yang ditempel yang menimpa QRIS original tolong ditindaklanjuti.,qr_replacement
Loh Sudah coba berkali-kali tapi Pembayaran tidak berhasil saldo terpotong ganda ini sudah kedua kalinya.,suspicious_transaction
Oh iya Saya perhatikan Nama pemilik rekening tidak sesuai dgn nama toko.,identity_mismatch
Oh iya Kayaknya ada QR lain yang ditempel yang ditempel di atas QR asli di akrilik stan tolong ditindaklanjuti.,qr_replacement
Kayaknya ada stiker QR palsu yang menutup QR code resmi di kasir toko aku foto dulu sebagai bukti.,qr_replacement
Aduh Pengalaman saya: Toko agak kotor di bagian belakang secara keseluruhan lumayan.,other
Eh QRIS-nya enggak asli ada stiker QRIS baru yang menimpa QRIS original gue gak jadi bayar.,qr_replacement
Loh Kayaknya ada stiker QRIS baru yang menutupi QR code merchantnya di depan toko ini pasti fraud.,qr_replacement
Pas scan QRIS-nya Nama merchant asing dan ga dikenal jadi saya ragu mau bayar.,identity_mismatch
Catatan: Harga dan kualitas sebanding secara keseluruhan lumayan.,other
"Aduh Syukurlah Proses pembayaran mulus, nama penerima cocok dengan tokonya. Terpercaya tokonya.",safe_confirmation
Hmm Kenapa ya Nama penerima asing dan tidak dikenal langsung saya laporin?,identity_mismatch
Toko terlalu ramai dan sempit.,other
Oh iya Ada pungutan Rp1.500 sebagai biaya transaksi saya merasa dirugikan.,additional_fees
Diminta bayar tambahan Rp2.500 untuk biaya penggunaan QRIS ini gak boleh.,additional_fees
Eh Kayaknya ada stiker QRIS baru yang dipasang di atas QRIS toko di akrilik stan gue curiga ini penipuan.,qr_replacement
Loh Aneh banget Transaksi QRIS gagal terus tapi saldo sudah terpotong mohon bantuan.,suspicious_transaction
Eh Pengalaman gue: Kualitas produknya bagus sekali.,other
"Transaksi berhasil dan lancar, nama penerima cocok dengan tokonya. Puas dengan layanannya.",safe_confirmation
Eh Kelihatan ada QR lain yang ditempel yang menutup QR code resmi ini pasti fraud.,qr_replacement
merchant terverifikasi dan Pembayaran sukses tanpa masalah. Terpercaya tokonya.,safe_confirmation
Oh iya Waktu mau bayar aku notice stiker QR palsu menimpa QRIS original di tempat pembayaran saya curiga ini penipuan.,qr_replacement
Wah Setelah scan Nama akun tujuan gak cocok sama nama merchant resmi saya khawatir.,identity_mismatch
Hmm Sudah coba berkali-kali tapi Pembayaran tidak berhasil tapi saldo sudah terpotong.,suspicious_transaction
Aduh Alhamdulillah Transaksi selesai dgn aman. logo QRIS jelas dan gak rusak. Terpercaya tokonya.,safe_confirmation
Transaksi QRIS gagal terus dan namun saldo berkurang ini banget merugikan.,suspicious_transaction
Saya lihat ada kode QR yang mencurigakan yang ditempel di atas QR asli di akrilik stan ini pasti fraud.,qr_replacement
"Wah Berhasil bayar QRIS, nama penerima cocok sama tokonya. Transaksi berhasil dan lancar.",safe_confirmation
Loh Ada stiker QR palsu mencurigakan yang menutup QR code resmi di meja kasir saya curiga ini penipuan.,qr_replacement
Wah Sudah coba berkali-kali tapi Transaksi QRIS gagal terus tapi rekening sudah didebet ini sangat merugikan.,suspicious_transaction
Lho kok Nama yang muncul waktu scan jauh berbeda dari nama di spanduk gue batalin aja transaksinya?,identity_mismatch
Wah Catatan: Toko terlalu ramai dan sempit secara keseluruhan lumayan.,other
Hmm Setelah scan Nama rekening tujuan beda banget dari nama tokonya.,identity_mismatch
"Aduh Syukurlah QRIS berjalan normal, nama merchant sesuai dengan nama toko. Sangat mudah dan cepat.",safe_confirmation
Loh nama merchant sesuai dengan nama toko dan Transaksi selesai dengan aman.,safe_confirmation
Loh Catatan: Jam buka toko tidak konsisten secara keseluruhan lumayan.,other
Hmm Saya dikenai biaya ekstra Rp2.000 atas nama tanpa alasan jelas ini tidak boleh.,additional_fees
Kayaknya ada QR code palsu yang menutupi QR code merchantnya di tempat pembayaran gw foto dulu sebagai bukti.,qr_replacement
Eh Catatan: Pelayanan kasirnya kurang ramah semoga bisa lebih baik.,other
Aduh Pembayaran tidak berhasil dan namun saldo berkurang pas saya scan QR-nya dana saya hilang.,suspicious_transaction
Eh Kualitas produknya bagus sekali perlu diperbaiki.,other
Wah Diminta bayar tambahan dua ribu rupiah untuk biaya layanan saya merasa dirugikan.,additional_fees
"Aduh Berhasil bayar QRIS, QRIS terlihat asli dan resmi. Transaksi selesai dgn aman. Aman digunakan.",safe_confirmation
Aduh Aneh banget Pembayaran tidak berhasil pas saya scan QR-nya namun saldo berkurang tolong segera ditangani.,suspicious_transaction
Catatan: Harganya mahal dibanding toko lain tidak masalah sih.,other
"Loh Berhasil bayar QRIS, nama merchant sesuai dengan nama toko. Pembayaran QRIS sukses. Puas dengan layanannya.",safe_confirmation
Aduh Aneh banget Nama akun tujuan gak cocok sama nama merchant resmi apa ini aman?.,identity_mismatch
Wah Lho kok Nama yang muncul saat scan beda banget dari nama tokonya ini fraud ya??,identity_mismatch
Loh Kenapa ya Nama yang muncul waktu scan gak cocok sama nama merchant resmi langsung gw laporin?,identity_mismatch
Alhamdulillah Semua berjalan baik. nama penerima cocok sama tokonya. Sangat mudah dan cepat.,safe_confirmation
Ditagih 500 perak lagi dengan alasan ongkos pembayaran digital padahal seharusnya gratis.,additional_fees
Aduh Sudah coba berkali-kali tapi Transaksi error berkali-kali saldo terpotong ganda mohon bantuan.,suspicious_transaction
Wah Saya perhatikan Nama penerima berbeda dengan nama toko yang tertera saya khawatir.,identity_mismatch
Pengalaman saya: Barang sering kehabisan stok perlu diperbaiki.,other
"Hmm Proses pembayaran mulus, QR code tampak original. Recommended deh tokonya.",safe_confirmation
Aduh Alhamdulillah Pembayaran sukses tanpa masalah. merchant terverifikasi.,safe_confirmation
Aneh banget Nama di layar pembayaran gak cocok sama nama merchant resmi apa ini aman?.,identity_mismatch
Wah Feedback untuk toko: Jam buka toko tidak konsisten tapi overall oke kok.,other
Hmm Kelihatan ada QR lain yang ditempel yang menutupi QR code merchantnya saya gak jadi bayar.,qr_replacement
Saya dikenai biaya ekstra dua ribu rupiah atas nama biaya penggunaan QRIS apakah ini diperbolehkan?.,additional_fees
Oh iya Ada stiker QRIS baru mencurigakan yang menimpa QRIS original di akrilik stan.,qr_replacement
Wah Kenapa ya Nama rekening tujuan beda banget dari nama tokonya jadi saya ragu mau bayar?,identity_mismatch
Lho kok Nama rekening tujuan asing dan tidak dikenal apa ini aman??,identity_mismatch
Saya mau kasih masukan: Antrian di kasir sangat panjang secara keseluruhan lumayan.,other
Oh iya Saya mau kasih masukan: Tidak ada wifi di toko tapi overall oke kok.,other
Oh iya Saya lihat ada stiker QRIS asing yang menutup QR code resmi di kasir toko langsung gue laporkan.,qr_replacement
Saya mau kasih masukan: Tempat parkir susah sekali.,other
Ada QR lain yang ditempel mencurigakan yang dipasang di atas QRIS toko di meja kasir saya foto dulu sebagai bukti.,qr_replacement
Hmm Catatan: AC di dalam toko terlalu dingin tapi overall oke kok.,other
Wah Feedback untuk toko: Antrian di kasir amat panjang semoga bisa lebih baik.,other
Alhamdulillah Transaksi berhasil dan lancar. merchant terverifikasi. Puas dengan layanannya.,safe_confirmation
Ada pungutan Rp1.000 sebagai biaya penggunaan QRIS ini tidak boleh.,additional_fees
Loh Nama yang muncul ketika scan nama orang bukan nama toko apa ini aman?.,identity_mismatch
Hmm QR terbaca tapi transaksi gagal dan padahal uang sudah keluar waktu pembayaran diproses ini sangat merugikan.,suspicious_transaction
Eh Sudah coba berkali-kali tapi Pembayaran tidak berhasil tapi rekening sudah didebet aku minta refund.,suspicious_transaction
Loh Tiba-tiba ada tambahan Rp1.000 katanya biaya admin QRIS ini gak boleh.,additional_fees
Harganya mahal dibanding toko lain tidak masalah sih.,other
Alhamdulillah Pembayaran QRIS sukses. tidak ada biaya tambahan. Recommended deh tokonya.,safe_confirmation
Aduh Sudah coba berkali-kali tapi QRIS tidak bisa dipindai tapi rekening udah didebet ini banget merugikan.,suspicious_transaction
Aduh merchant terverifikasi dan Proses pembayaran mulus. Aman digunakan.,safe_confirmation
Loh Ada pungutan seribu rupiah sebagai biaya layanan padahal seharusnya gratis.,additional_fees
Hmm Sudah coba berkali-kali tapi Pembayaran tidak berhasil walaupun tidak ada notifikasi sukses mohon bantuan.,suspicious_transaction
Aduh Waktu mau bayar gue notice stiker QRIS asing nempel di atas akrilik QRIS di meja kasir saya gak jadi bayar.,qr_replacement
Loh Sudah coba berkali-kali tapi Sistem QRIS mengalami gangguan mencurigakan walaupun ga ada notifikasi sukses mohon bantuan.,suspicious_transaction
Hmm Pas scan QRIS-nya Nama di layar pembayaran beda sama nama yang ada di plang langsung saya laporin.,identity_mismatch
Ditagih Rp1.500 lagi dengan alasan tanpa alasan jelas ini tidak boleh.,additional_fees
Kelihatan ada QR lain yang ditempel yang nempel di atas akrilik QRIS ini pasti fraud.,qr_replacement
Alhamdulillah Semua berjalan baik. logo QRIS jelas dan tidak rusak.,safe_confirmation
Hmm Alhamdulillah Transaksi selesai dengan aman. gak ada biaya tambahan. Tidak ada kendala sama sekali.,safe_confirmation
Loh QR terbaca tapi transaksi gagal dan tapi saldo sudah terpotong pas gw scan QR-nya mohon bantuan.,suspicious_transaction
Aduh Produknya bagus tapi packaging kurang menarik nggak masalah sih.,other
Ada pungutan Rp5.000 sebagai biaya sistem BI melarang ini.,additional_fees
Pembayaran enggak berhasil dan namun saldo berkurang saat saya coba bayar ini sangat merugikan.,suspicious_transaction
Pembayaran tidak berhasil dan namun saldo berkurang pas aku scan QR-nya saya bingung harus lapor kemana.,suspicious_transaction
Wah Alhamdulillah Transaksi berhasil dan lancar. QRIS terlihat asli dan resmi. Aman digunakan.,safe_confirmation
Aduh Saya lihat ada stiker QR palsu yang dipasang di atas QRIS toko di kasir toko saya foto dulu sebagai bukti.,qr_replacement
Aduh Kenapa ya Identitas merchant nama orang bukan nama toko langsung gw laporin?,identity_mismatch
Saya mau kasih masukan: Tempatnya bersih dan nyaman tidak masalah sih.,other
Eh tidak ada biaya tambahan dan QRIS berjalan normal.,safe_confirmation
Hmm Tiba-tiba ada tambahan seribu rupiah katanya biaya penggunaan QRIS tanpa pemberitahuan sebelumnya.,additional_fees
Wah Pas scan QRIS-nya Nama di layar pembayaran beda banget dari nama tokonya.,identity_mismatch
nama merchant sesuai dengan nama toko dan Transaksi selesai dengan aman. Sangat mudah dan cepat.,safe_confirmation
"Syukurlah Transaksi selesai dengan aman, merchant terverifikasi. Sangat mudah dan cepat.",safe_confirmation
Loh Saya lihat ada stiker QR palsu yang menutup QR code resmi di kasir toko saya gak jadi bayar.,qr_replacement
Petugasnya minta Rp2.500 sebagai biaya admin QRIS.,additional_fees
"Aduh Syukurlah QRIS berjalan normal, nama penerima cocok dengan tokonya. Terpercaya tokonya.",safe_confirmation
Eh Sudah coba berkali-kali tapi QR terbaca tapi transaksi gagal saldo terpotong ganda saya bingung harus lapor kemana.,suspicious_transaction
QRIS ga bisa dipindai dan padahal uang sudah keluar ini sangat merugikan.,suspicious_transaction
Aneh banget Transaksi error berkali-kali waktu pembayaran diproses tapi saldo sudah terpotong mohon bantuan.,suspicious_transaction
Feedback untuk toko: Jam buka toko gak konsisten secara keseluruhan lumayan.,other
Ada pungutan seribu rupiah sebagai biaya penggunaan QRIS tanpa pemberitahuan sebelumnya.,additional_fees
"Berhasil bayar QRIS, nama penerima cocok dengan tokonya. QRIS berjalan normal. Recommended deh tokonya.",safe_confirmation
Eh Saya lihat ada stiker QR palsu yang menutup QR code resmi di meja kasir ini pasti fraud.,qr_replacement
Ada pungutan 500 perak sebagai biaya admin QRIS ini tidak boleh.,additional_fees
Aduh Pengalaman saya: Antrian di kasir sangat panjang secara keseluruhan lumayan.,other
Loh nama penerima cocok dengan tokonya dan Semua berjalan baik. Recommended deh tokonya.,safe_confirmation
Hmm Ditagih seribu rupiah lagi dengan alasan biaya admin QRIS.,additional_fees
Kenapa ya Identitas merchant berbeda dgn nama toko yang tertera langsung saya laporin?,identity_mismatch
Oh iya Saya lihat ada kode QR yang mencurigakan yang ditempel di atas QR asli di tempat pembayaran ini pasti fraud.,qr_replacement
Hmm Kelihatan ada stiker QRIS baru yang menutupi QR code merchantnya tolong ditindaklanjuti.,qr_replacement
Loh Alhamdulillah Transaksi berhasil dan lancar. nama rekening tujuan sesuai. Aman digunakan.,safe_confirmation
Hmm Lho kok Nama yang muncul saat scan jauh berbeda dari nama di spanduk apa ini aman??,identity_mismatch
Oh iya Kayaknya ada QR lain yang ditempel yang menutupi QR code merchantnya di akrilik stan saya foto dulu sebagai bukti.,qr_replacement
Hmm Nama pemilik rekening jauh berbeda dari nama di spanduk apa mungkin QRIS-nya dipalsukan?.,identity_mismatch
Oh iya Waktu mau bayar gw notice QR code palsu menimpa QRIS original di tempat pembayaran saya gak jadi bayar.,qr_replacement
Hmm Transaksi error berkali-kali ketika transaksi berlangsung tapi saldo sudah terpotong ini amat merugikan.,suspicious_transaction
Aduh Saya lihat ada stiker QRIS asing yang nempel di atas akrilik QRIS di akrilik stan saya gak jadi bayar.,qr_replacement
"Transaksi berhasil dan lancar, nama rekening tujuan sesuai. Sangat mudah dan cepat.",safe_confirmation
Aneh banget Nama rekening tujuan jauh berbeda dari nama di spanduk langsung saya laporin.,identity_mismatch
Oh iya Lho kok Nama di layar pembayaran asing dan enggak dikenal langsung saya laporin?,identity_mismatch
"Semua berjalan baik, merchant terverifikasi. Sangat mudah dan cepat.",safe_confirmation
Loh Aneh banget Nama di layar pembayaran nggak sesuai dengan nama toko saya khawatir.,identity_mismatch
"Eh Pembayaran QRIS sukses, enggak ada biaya tambahan. Terpercaya tokonya.",safe_confirmation
Alhamdulillah Proses pembayaran mulus. QR code tampak original. Puas sama layanannya.,safe_confirmation
Saya dikenai biaya ekstra Rp500 atas nama biaya layanan BI melarang ini.,additional_fees
Eh Aneh banget QR terbaca tapi transaksi gagal ketika transaksi berlangsung namun saldo berkurang ini banget merugikan.,suspicious_transaction
"Syukurlah QRIS berjalan normal, merchant terverifikasi. Tidak ada kendala sama sekali.",safe_confirmation
Wah Pengalaman saya: Pencahayaan toko kurang terang secara keseluruhan lumayan.,other
Sudah coba berkali-kali tapi QRIS tidak bisa dipindai walaupun tidak ada notifikasi sukses.,suspicious_transaction
Eh Saya dikenai biaya ekstra Rp1.000 atas nama biaya admin QRIS ini tidak boleh.,additional_fees
Oh iya Masnya minta Rp2.500 sebagai biaya penggunaan QRIS tanpa pemberitahuan sebelumnya.,additional_fees
Oh iya Si penjualnya minta Rp3.000 sebagai biaya sistem.,additional_fees
"Aduh Berhasil bayar QRIS, tidak ada biaya tambahan. Transaksi berhasil dan lancar. Aman digunakan.",safe_confirmation
Eh Tiba-tiba ada tambahan Rp3.000 katanya tanpa alasan jelas ini jelas melanggar aturan.,additional_fees
Hmm Feedback untuk toko: Tempatnya bersih dan nyaman secara keseluruhan lumayan.,other
QR terbaca tapi transaksi gagal dan tapi saldo sudah terpotong ini sudah kedua kalinya.,suspicious_transaction
"Aduh Berhasil bayar QRIS, nama rekening tujuan sesuai. Transaksi berhasil dan lancar. Puas dengan layanannya.",safe_confirmation
Ditagih Rp3.000 lagi dengan alasan biaya layanan tanpa pemberitahuan sebelumnya.,additional_fees
Hmm Feedback untuk toko: Harga dan kualitas sebanding tidak masalah sih.,other
QR terbaca tapi transaksi gagal dan walaupun tidak ada notifikasi sukses tolong segera ditangani.,suspicious_transaction
Saya mau kasih masukan: Harga dan kualitas sebanding.,other
Kayaknya ada stiker QR palsu yang ditempel di atas QR asli di akrilik stan saya gak jadi bayar.,qr_replacement
Alhamdulillah Pembayaran QRIS sukses. nama penerima cocok dengan tokonya. Sangat mudah dan cepat.,safe_confirmation
Aneh banget Nama penerima jauh berbeda dari nama di spanduk apa mungkin QRIS-nya dipalsukan?.,identity_mismatch
Alhamdulillah Pembayaran sukses tanpa masalah. nama merchant sesuai dengan nama toko. Recommended deh tokonya.,safe_confirmation
"Transaksi selesai dengan aman, QR code tampak original. Aman digunakan.",safe_confirmation
Hmm Kenapa ya Nama rekening tujuan tidak cocok dengan stiker toko langsung saya laporin?,identity_mismatch
Waktu mau bayar aku notice kode QR yang mencurigakan ditempel di atas QR asli di tempat pembayaran saya foto dulu sebagai bukti.,qr_replacement
Kelihatan ada QR code palsu yang ditimpa di kode QR yang sah.,qr_replacement
Saya mau kasih masukan: Tempat parkir susah sekali perlu diperbaiki.,other
Oh iya Saya lihat ada stiker QR palsu yang dipasang di atas QRIS toko di kasir toko ini pasti fraud.,qr_replacement
Saya mau kasih masukan: Kualitas produknya bagus sekali.,other
Kelihatan ada QR lain yang ditempel yang dipasang di atas QRIS toko tolong ditindaklanjuti.,qr_replacement
Eh Kenapa ya Identitas merchant nama orang bukan nama toko saya batalin aja transaksinya?,identity_mismatch
Kayaknya ada QR lain yang ditempel yang ditempel di atas QR asli di meja kasir saya gak jadi bayar.,qr_replacement
Oh iya Sudah coba berkali-kali tapi QR terbaca tapi transaksi gagal walaupun tidak ada notifikasi sukses mohon bantuan.,suspicious_transaction
Nama akun tujuan nama orang bukan nama toko langsung saya laporin.,identity_mismatch
"Wah Syukurlah QRIS berjalan normal, QRIS terlihat asli dan resmi. Sangat mudah dan cepat.",safe_confirmation
Loh Pembayaran tidak berhasil dan tapi rekening udah didebet pas gue scan QR-nya.,suspicious_transaction
Oh iya Tidak ada wifi di toko.,other
"Oh iya Pembayaran QRIS sukses, nama penerima cocok dengan tokonya. Sangat mudah dan cepat.",safe_confirmation
Hmm Alhamdulillah Transaksi selesai dengan aman. QRIS terlihat asli dan resmi. Aman digunakan.,safe_confirmation
Oh iya Feedback untuk toko: Barang sering kehabisan stok semoga bisa lebih baik.,other
Aneh banget Nama merchant bukan nama tokonya sama sekali ini fraud ya?.,identity_mismatch
Hmm Alhamdulillah QRIS berjalan normal. logo QRIS jelas dan tidak rusak. Aman digunakan.,safe_confirmation
"Loh Syukurlah Pembayaran sukses tanpa masalah, QR code tampak original. Tidak ada kendala sama sekali.",safe_confirmation
Si penjualnya minta Rp1.500 sebagai tanpa alasan jelas aku merasa dirugikan.,additional_fees
Oh iya Pas scan QRIS-nya Nama pemilik rekening tidak cocok dengan stiker toko saya khawatir.,identity_mismatch
Eh Transaksi error berkali-kali dan padahal uang sudah keluar waktu pembayaran diproses gue minta refund.,suspicious_transaction
Oh iya QRIS-nya tidak asli ada stiker QR palsu yang menutup QR code resmi saya gak jadi bayar.,qr_replacement
Oh iya Transaksi QRIS gagal terus dan padahal uang dah keluar waktu pembayaran diproses dana gw hilang.,suspicious_transaction
Eh Ada kode QR yang mencurigakan mencurigakan yang menutup QR code resmi di meja kasir ini pasti fraud.,qr_replacement
Pembayaran tidak berhasil dan padahal uang sudah keluar saat gw coba bayar.,suspicious_transaction
Aduh Sistem QRIS mengalami gangguan mencurigakan walaupun gak ada notifikasi sukses saya minta refund.,suspicious_transaction
Aduh Ditagih Rp1.500 lagi dengan alasan biaya transaksi saya merasa dirugikan.,additional_fees
Oh iya AC di dalam toko terlalu dingin tapi overall oke kok.,other
Hmm Aneh banget QR terbaca tapi transaksi gagal saat gw coba bayar walaupun ga ada notifikasi sukses ini sudah kedua kalinya.,suspicious_transaction
Eh Pembayaran tidak berhasil dan padahal uang sudah keluar ketika transaksi berlangsung ini sudah kedua kalinya.,suspicious_transaction
Aduh Ditagih Rp1.500 lagi sama alasan ongkos pembayaran digital BI melarang ini.,additional_fees
Wah nggak ada biaya tambahan dan Proses pembayaran mulus. Aman digunakan.,safe_confirmation
Loh Alhamdulillah QRIS berjalan normal. logo QRIS jelas dan tidak rusak. Aman digunakan.,safe_confirmation
Saya mau kasih masukan: Harganya mahal dibanding toko lain tapi overall oke kok.,other
Eh Tiba-tiba ada tambahan dua ribu rupiah katanya biaya penggunaan QRIS tanpa pemberitahuan sebelumnya.,additional_fees
Alhamdulillah Pembayaran QRIS sukses. nama penerima cocok dengan tokonya. Terpercaya tokonya.,safe_confirmation
Aduh Alhamdulillah Pembayaran QRIS sukses. nama merchant sesuai dengan nama toko. Tidak ada kendala sama sekali.,safe_confirmation
Petugasnya minta Rp5.000 sebagai tanpa alasan jelas.,additional_fees
"Syukurlah Transaksi selesai dgn aman, QR code tampak original. Sangat mudah dan cepat.",safe_confirmation
Oh iya Tiba-tiba ada tambahan 500 perak katanya biaya penggunaan QRIS ini jelas melanggar aturan.,additional_fees
Wah Saya perhatikan Nama penerima jauh berbeda dari nama di spanduk bikin curiga.,identity_mismatch
Wah Diminta bayar tambahan 500 perak untuk biaya layanan apakah ini diperbolehkan?.,additional_fees
Pembayaran tidak berhasil saat saya coba bayar padahal uang dah keluar saya bingung harus lapor kemana.,suspicious_transaction
Catatan: Pencahayaan toko kurang terang tidak masalah sih.,other
Loh Diminta bayar tambahan Rp1.000 untuk ongkos pembayaran digital saya merasa dirugikan.,additional_fees
Wah QRIS-nya enggak asli ada stiker QRIS asing yang menutupi QR code merchantnya tolong ditindaklanjuti.,qr_replacement
QR terbaca tapi transaksi gagal dan namun saldo berkurang waktu pembayaran diproses mohon bantuan.,suspicious_transaction
Loh Sistem QRIS mengalami gangguan mencurigakan tapi saldo dah terpotong ini banget merugikan.,suspicious_transaction
Oh iya Ada stiker QRIS baru mencurigakan yang ditimpa di kode QR yang sah di depan toko langsung saya laporkan.,qr_replacement
Oh iya Pas scan QRIS-nya Nama pemilik rekening gak cocok sama nama merchant resmi ini fraud ya?.,identity_mismatch
"Oh iya Syukurlah Transaksi selesai dengan aman, nama rekening tujuan sesuai. Sangat mudah dan cepat.",safe_confirmation
Kasir minta Rp2.500 sebagai ongkos pembayaran digital ini tidak boleh.,additional_fees
Wah Setelah scan Nama pemilik rekening nama orang bukan nama toko apa mungkin QRIS-nya dipalsukan?.,identity_mismatch
Penjual minta Rp5.000 sebagai tanpa alasan jelas ini tidak boleh.,additional_fees
"Syukurlah Transaksi selesai dengan aman, nama penerima cocok dengan tokonya.",safe_confirmation
Saya mau kasih masukan: Kualitas produknya bagus sekali tidak masalah sih.,other
Loh Saya mau kasih masukan: Barang sering kehabisan stok semoga bisa lebih baik.,other
Wah Kenapa ya Nama akun tujuan jauh berbeda dari nama di spanduk bikin curiga?,identity_mismatch
Hmm Pengalaman saya: Tempat parkir susah sekali tidak masalah sih.,other
Wah Setelah scan Nama akun tujuan beda sama nama yang ada di plang saya batalin aja transaksinya.,identity_mismatch
Oh iya QRIS-nya tidak asli ada QR lain yang ditempel yang menutupi QR code merchantnya tolong ditindaklanjuti.,qr_replacement
Sudah coba berkali-kali tapi QR terbaca tapi transaksi gagal walaupun tidak ada notifikasi sukses dana aku hilang.,suspicious_transaction
"Wah Berhasil bayar QRIS, merchant terverifikasi. QRIS berjalan normal. Tidak ada kendala sama sekali.",safe_confirmation
Aduh Kelihatan ada kode QR yang mencurigakan yang ditempel di atas QR asli langsung saya laporkan.,qr_replacement
Tiba-tiba ada tambahan Rp1.000 katanya biaya penggunaan QRIS apakah ini diperbolehkan?.,additional_fees
Ditagih Rp1.500 lagi dengan alasan biaya transaksi tanpa pemberitahuan sebelumnya.,additional_fees
Saya mau kasih masukan: Harganya mahal dibanding toko lain semoga bisa lebih baik.,other
Eh Aneh banget Transaksi error berkali-kali saat aku coba bayar namun saldo berkurang dana saya hilang.,suspicious_transaction
Ada QR code palsu mencurigakan yang menutupi QR code merchantnya di depan toko tolong ditindaklanjuti.,qr_replacement
Loh Tiba-tiba ada tambahan Rp3.000 katanya biaya penggunaan QRIS ini enggak boleh.,additional_fees
Aneh banget Pembayaran nggak berhasil ketika transaksi berlangsung padahal uang sudah keluar.,suspicious_transaction
Ditagih seribu rupiah lagi dengan alasan tanpa alasan jelas ini jelas melanggar aturan.,additional_fees
Oh iya Tiba-tiba ada tambahan Rp500 katanya tanpa alasan jelas padahal seharusnya gratis.,additional_fees
Oh iya Waktu mau bayar gue notice QR lain yang ditempel nempel di atas akrilik QRIS di depan toko tolong ditindaklanjuti.,qr_replacement
Eh Aneh banget Transaksi error berkali-kali waktu pembayaran diproses tapi saldo udah terpotong dana saya hilang.,suspicious_transaction
Eh Pengalaman gue: Harganya mahal dibanding toko lain semoga bisa lebih baik.,other
Hmm Sudah coba berkali-kali tapi QR terbaca tapi transaksi gagal walaupun tidak ada notifikasi sukses tolong segera ditangani.,suspicious_transaction
Aneh banget Transaksi QRIS gagal terus tapi rekening dah didebet ini sudah kedua kalinya.,suspicious_transaction
Oh iya Ditagih Rp5.000 lagi dengan alasan biaya admin QRIS padahal seharusnya gratis.,additional_fees
Ada pungutan Rp2.500 sebagai biaya transaksi BI melarang ini.,additional_fees
"Berhasil bayar QRIS, nama merchant sesuai dengan nama toko. Transaksi berhasil dan lancar. Aman digunakan.",safe_confirmation
Oh iya Aneh banget QRIS tidak bisa dipindai saldo terpotong ganda.,suspicious_transaction
Waktu mau bayar saya notice stiker QRIS baru dipasang di atas QRIS toko di meja kasir saya curiga ini penipuan.,qr_replacement
Loh Kenapa ya Nama rekening tujuan enggak cocok dengan stiker toko?,identity_mismatch
Wah Catatan: Lokasi toko strategis banget semoga bisa lebih baik.,other
Diminta bayar tambahan Rp1.500 untuk biaya transaksi tanpa pemberitahuan sebelumnya.,additional_fees
Saya mau kasih masukan: Toko agak kotor di bagian belakang tapi overall oke kok.,other
Catatan: Tempatnya bersih dan nyaman perlu diperbaiki.,other
Saya lihat ada stiker QR palsu yang nempel di atas akrilik QRIS di kasir toko saya foto dulu sebagai bukti.,qr_replacement
Loh Nama penerima beda banget dari nama tokonya apa ini aman?.,identity_mismatch
Feedback untuk toko: Pencahayaan toko kurang terang tapi overall oke kok.,other
"Hmm Berhasil bayar QRIS, tidak ada biaya tambahan. Proses pembayaran mulus. Tidak ada kendala sama sekali.",safe_confirmation
Eh Aneh banget Nama yang muncul waktu scan beda sama nama yang ada di plang jadi saya ragu mau bayar.,identity_mismatch
Oh iya Saya lihat ada QR code palsu yang ditempel di atas QR asli di depan toko.,qr_replacement
"Loh Proses pembayaran mulus, nama merchant sesuai dengan nama toko. Tidak ada kendala sama sekali.",safe_confirmation
Aneh banget Transaksi error berkali-kali waktu pembayaran diproses tapi rekening sudah didebet ini sudah kedua kalinya.,suspicious_transaction
Oh iya Kenapa ya Nama merchant gak sama sama nama usaha jadi saya ragu mau bayar?,identity_mismatch
Ada pungutan Rp2.500 sebagai biaya sistem ini jelas melanggar aturan.,additional_fees
Aduh Ditagih Rp3.000 lagi dengan alasan biaya sistem ini tidak boleh.,additional_fees
"Transaksi selesai dgn aman, QR code tampak original. Recommended deh tokonya.",safe_confirmation
Hmm Alhamdulillah Proses pembayaran mulus. nama rekening tujuan sesuai. Puas dengan layanannya.,safe_confirmation
Aduh Aneh banget Pembayaran tidak berhasil pas gue scan QR-nya tapi saldo sudah terpotong mohon bantuan.,suspicious_transaction
Loh Diminta bayar tambahan Rp2.500 untuk biaya admin QRIS padahal seharusnya gratis.,additional_fees
Aduh Saya perhatikan Identitas merchant bukan nama tokonya sama sekali apa mungkin QRIS-nya dipalsukan?.,identity_mismatch
Saya mau kasih masukan: Tempatnya bersih dan nyaman.,other
Aduh Waktu mau bayar saya notice stiker QRIS asing menutupi QR code merchantnya di tempat pembayaran saya foto dulu sebagai bukti.,qr_replacement
"Oh iya Pembayaran QRIS sukses, logo QRIS jelas dan gak rusak. Terpercaya tokonya.",safe_confirmation
"Syukurlah Transaksi selesai dgn aman, QR code tampak original. Sangat mudah dan cepat.",safe_confirmation
Tiba-tiba ada tambahan Rp5.000 katanya biaya sistem ini jelas melanggar aturan.,additional_fees
Feedback untuk toko: Tempatnya bersih dan nyaman semoga bisa lebih baik.,other
Oh iya Alhamdulillah Pembayaran QRIS sukses. logo QRIS jelas dan ga rusak. Aman digunakan.,safe_confirmation
Aduh Kayaknya ada kode QR yang mencurigakan yang ditimpa di kode QR yang sah di tempat pembayaran saya gak jadi bayar.,qr_replacement
Aneh banget Transaksi error berkali-kali waktu gue coba bayar saldo terpotong ganda saya minta refund.,suspicious_transaction
Waktu mau bayar saya notice QR code palsu ditempel di atas QR asli di depan toko ini pasti fraud.,qr_replacement
QR code tampak original dan Pembayaran sukses tanpa masalah.,safe_confirmation
Saya dikenai biaya ekstra Rp2.500 atas nama biaya transaksi padahal seharusnya gratis.,additional_fees
Aduh Saya mau kasih masukan: Antrian di kasir sangat panjang perlu diperbaiki.,other
"Wah Berhasil bayar QRIS, merchant terverifikasi. Transaksi selesai dengan aman. Recommended deh tokonya.",safe_confirmation
"Wah Berhasil bayar QRIS, tidak ada biaya tambahan. Transaksi berhasil dan lancar. Puas dengan layanannya.",safe_confirmation
Loh Alhamdulillah Transaksi selesai dengan aman. QRIS terlihat asli dan resmi. Puas dengan layanannya.,safe_confirmation
Oh iya Feedback untuk toko: Toko agak kotor di bagian belakang secara keseluruhan lumayan.,other
Oh iya Waktu mau bayar saya notice stiker QRIS baru dipasang di atas QRIS toko di akrilik stan saya gak jadi bayar.,qr_replacement
Eh Setelah scan Nama yang muncul waktu scan beda sama nama yang ada di plang langsung saya laporin.,identity_mismatch
Wah Aneh banget Transaksi QRIS gagal terus ketika transaksi berlangsung walaupun tidak ada notifikasi sukses ini sudah kedua kalinya.,suspicious_transaction
Ditagih dua ribu rupiah lagi dengan alasan biaya transaksi saya merasa dirugikan.,additional_fees
Wah nama rekening tujuan sesuai dan Transaksi selesai dengan aman. Aman digunakan.,safe_confirmation
Kelihatan ada stiker QRIS asing yang ditempel di atas QR asli ini pasti fraud.,qr_replacement
Wah Pengalaman saya: Barang sering kehabisan stok perlu diperbaiki.,other
Ada stiker QRIS asing mencurigakan yang ditimpa di kode QR yang sah di depan toko saya curiga ini penipuan.,qr_replacement
Ada pungutan Rp500 sebagai biaya admin QRIS ini jelas melanggar aturan.,additional_fees
"Berhasil bayar QRIS, nama rekening tujuan sesuai. Semua berjalan baik. Aman digunakan.",safe_confirmation
Aduh Alhamdulillah Pembayaran sukses tanpa masalah. nama rekening tujuan sesuai. Tidak ada kendala sama sekali.,safe_confirmation
Saya dikenai biaya ekstra Rp1.500 atas nama biaya sistem gw merasa dirugikan.,additional_fees
Wah Alhamdulillah Transaksi berhasil dan lancar. tidak ada biaya tambahan. Puas dgn layanannya.,safe_confirmation
Alhamdulillah QRIS berjalan normal. nggak ada biaya tambahan. Aman digunakan.,safe_confirmation
Oh iya QR terbaca tapi transaksi gagal ketika transaksi berlangsung padahal uang sudah keluar tolong segera ditangani.,suspicious_transaction
Eh Catatan: Produknya bagus tapi packaging kurang menarik.,other
Hmm Pengalaman saya: Toko agak kotor di bagian belakang secara keseluruhan lumayan.,other
Eh Kayaknya ada kode QR yang mencurigakan yang ditimpa di kode QR yang sah di tempat pembayaran.,qr_replacement
Sistem QRIS mengalami gangguan mencurigakan dan padahal uang dah keluar saat gue coba bayar saya bingung harus lapor kemana.,suspicious_transaction
Aneh banget QRIS tidak bisa dipindai waktu pembayaran diproses walaupun tidak ada notifikasi sukses tolong segera ditangani.,suspicious_transaction
Eh Ada pungutan Rp1.500 sebagai biaya layanan saya komplain tapi diabaikan.,additional_fees
Oh iya Setelah scan Nama rekening tujuan bukan nama tokonya sama sekali ini fraud ya?.,identity_mismatch
Aduh Alhamdulillah Pembayaran QRIS sukses. logo QRIS jelas dan enggak rusak.,safe_confirmation
"Loh Berhasil bayar QRIS, merchant terverifikasi. Transaksi berhasil dan lancar. Puas dgn layanannya.",safe_confirmation
Saya mau kasih masukan: Pencahayaan toko kurang terang ga masalah sih.,other
Oh iya QRIS-nya tidak asli ada QR lain yang ditempel yang nempel di atas akrilik QRIS tolong ditindaklanjuti.,qr_replacement
Saya perhatikan Nama di layar pembayaran bukan nama tokonya sama sekali apa mungkin QRIS-nya dipalsukan?.,identity_mismatch
Hmm Diminta bayar tambahan Rp5.000 untuk ongkos pembayaran digital padahal seharusnya gratis.,additional_fees
Kelihatan ada QR code palsu yang ditimpa di kode QR yang sah tolong ditindaklanjuti.,qr_replacement
Hmm Feedback untuk toko: Pelayanan kasirnya kurang ramah tapi overall oke kok.,other
Loh Nama pemilik rekening beda banget dari nama tokonya langsung saya laporin.,identity_mismatch
Wah Identitas merchant jauh berbeda dari nama di spanduk apa mungkin QRIS-nya dipalsukan?.,identity_mismatch
Oh iya Nama yang muncul waktu scan asing dan tidak dikenal apa mungkin QRIS-nya dipalsukan?.,identity_mismatch
Setelah scan Nama di layar pembayaran gak cocok sama nama merchant resmi apa ini aman?.,identity_mismatch
Oh iya Sistem QRIS mengalami gangguan mencurigakan dan walaupun tidak ada notifikasi sukses saat saya coba bayar ini sangat merugikan.,suspicious_transaction
"Berhasil bayar QRIS, tidak ada biaya tambahan. Proses pembayaran mulus. Terpercaya tokonya.",safe_confirmation
Hmm Catatan: Tempat parkir susah sekali tapi overall oke kok.,other
Wah QRIS terlihat asli dan resmi dan Semua berjalan baik. Puas dengan layanannya.,safe_confirmation
Hmm Kasir minta dua ribu rupiah sebagai biaya admin QRIS padahal seharusnya gratis.,additional_fees
Hmm Tidak ada wifi di toko tapi overall oke kok.,other
Pemilik toko minta Rp3.000 sebagai biaya transaksi ini jelas melanggar aturan.,additional_fees
logo QRIS jelas dan gak rusak dan Proses pembayaran mulus. Tidak ada kendala sama sekali.,safe_confirmation
Saya mau kasih masukan: Harganya mahal dibanding toko lain secara keseluruhan lumayan.,other
Sudah coba berkali-kali tapi Transaksi QRIS gagal terus tapi rekening sudah didebet tolong segera ditangani.,suspicious_transaction
Eh QR terbaca tapi transaksi gagal dan saldo terpotong ganda pas saya scan QR-nya mohon bantuan.,suspicious_transaction
"Berhasil bayar QRIS, nama rekening tujuan sesuai. Transaksi berhasil dan lancar.",safe_confirmation
"Pembayaran sukses tanpa masalah, logo QRIS jelas dan tidak rusak. Puas dengan layanannya.",safe_confirmation
Eh Transaksi QRIS gagal terus dan tapi saldo sudah terpotong pas saya scan QR-nya ini sangat merugikan.,suspicious_transaction
Eh Aneh banget Pembayaran tidak berhasil ketika transaksi berlangsung saldo terpotong ganda ini sangat merugikan.,suspicious_transaction
Hmm QRIS-nya tidak asli ada QR lain yang ditempel yang ditempel di atas QR asli saya foto dulu sebagai bukti.,qr_replacement
Aneh banget QRIS tidak bisa dipindai saldo terpotong ganda ini sangat merugikan.,suspicious_transaction
Kayaknya ada QR lain yang ditempel yang menutup QR code resmi di akrilik stan aku foto dulu sebagai bukti.,qr_replacement
Loh logo QRIS jelas dan tidak rusak dan QRIS berjalan normal. Puas dengan layanannya.,safe_confirmation
Oh iya Pengalaman aku: Lokasi toko strategis banget semoga bisa lebih baik.,other
Eh Pengalaman saya: Harganya mahal dibanding toko lain tapi overall oke kok.,other
Oh iya Transaksi error berkali-kali pas gw scan QR-nya tapi rekening dah didebet ini sudah kedua kalinya.,suspicious_transaction
Sudah coba berkali-kali tapi QR terbaca tapi transaksi gagal saldo terpotong ganda ini sudah kedua kalinya.,suspicious_transaction
Loh Sudah coba berkali-kali tapi Transaksi error berkali-kali tapi rekening sudah didebet.,suspicious_transaction
"Syukurlah Semua berjalan baik, merchant terverifikasi. Sangat mudah dan cepat.",safe_confirmation
Hmm Ada QR code palsu mencurigakan yang ditimpa di kode QR yang sah di meja kasir langsung gw laporkan.,qr_replacement
Loh Diminta bayar tambahan Rp5.000 untuk biaya sistem ini jelas melanggar aturan.,additional_fees
Diminta bayar tambahan seribu rupiah untuk biaya transaksi aku komplain tapi diabaikan.,additional_fees
Oh iya Tiba-tiba ada tambahan Rp2.000 katanya ongkos pembayaran digital tanpa pemberitahuan sebelumnya.,additional_fees
Loh Jam buka toko enggak konsisten.,other
Wah Kelihatan ada QR code palsu yang menimpa QRIS original.,qr_replacement
Hmm Catatan: Harga dan kualitas sebanding perlu diperbaiki.,other
Aduh Saya dikenai biaya ekstra Rp5.000 atas nama biaya admin QRIS BI melarang ini.,additional_fees
Wah Ada kode QR yang mencurigakan mencurigakan yang dipasang di atas QRIS toko di meja kasir saya curiga ini penipuan.,qr_replacement
Oh iya Kayaknya ada stiker QRIS asing yang ditempel di atas QR asli di depan toko langsung saya laporkan.,qr_replacement
Aneh banget Transaksi QRIS gagal terus waktu pembayaran diproses saldo terpotong ganda gue minta refund.,suspicious_transaction
Lho kok Nama merchant tidak cocok dengan stiker toko bikin curiga?,identity_mismatch
Loh Saya perhatikan Nama pemilik rekening nama orang bukan nama toko tolong dicek.,identity_mismatch
Oh iya Kelihatan ada QR lain yang ditempel yang menutupi QR code merchantnya saya curiga ini penipuan.,qr_replacement
Diminta bayar tambahan dua ribu rupiah untuk biaya layanan saya merasa dirugikan.,additional_fees
Kayaknya ada stiker QR palsu yang ditempel di atas QR asli di akrilik stan aku foto dulu sebagai bukti.,qr_replacement
Aneh banget Sistem QRIS mengalami gangguan mencurigakan waktu pembayaran diproses tapi saldo sudah terpotong.,suspicious_transaction
Aduh QRIS-nya ga asli ada stiker QRIS baru yang dipasang di atas QRIS toko.,qr_replacement
Loh Waktu mau bayar aku notice QR lain yang ditempel menimpa QRIS original di meja kasir tolong ditindaklanjuti.,qr_replacement
Aduh Kualitas produknya bagus sekali.,other
Lho kok Nama akun tujuan berbeda sama nama toko yang tertera ini fraud ya??,identity_mismatch
Hmm Aneh banget QRIS tidak bisa dipindai waktu pembayaran diproses tapi saldo sudah terpotong dana saya hilang.,suspicious_transaction
Wah Aneh banget Pembayaran gak berhasil ketika transaksi berlangsung tapi rekening dah didebet ini sudah kedua kalinya.,suspicious_transaction
Eh Petugasnya minta dua ribu rupiah sebagai tanpa alasan jelas apakah ini diperbolehkan?.,additional_fees
Tiba-tiba ada tambahan Rp5.000 katanya biaya admin QRIS ini jelas melanggar aturan.,additional_fees
Aneh banget Nama yang muncul saat scan tidak cocok dengan stiker toko apa mungkin QRIS-nya dipalsukan?.,identity_mismatch
Aneh banget Nama akun tujuan nama orang bukan nama toko bikin curiga.,identity_mismatch
QR terbaca tapi transaksi gagal dan walaupun gak ada notifikasi sukses saat saya coba bayar.,suspicious_transaction
"Aduh Syukurlah Transaksi berhasil dan lancar, QRIS terlihat asli dan resmi.",safe_confirmation
Tiba-tiba ada tambahan seribu rupiah katanya tanpa alasan jelas ini jelas melanggar aturan.,additional_fees
"Hmm Pembayaran QRIS sukses, logo QRIS jelas dan enggak rusak. Terpercaya tokonya.",safe_confirmation
"Syukurlah Transaksi berhasil dan lancar, nama penerima cocok dgn tokonya. Puas dengan layanannya.",safe_confirmation
Pengalaman gue: Tempatnya bersih dan nyaman.,other
Oh iya Catatan: Toko agak kotor di bagian belakang semoga bisa lebih baik.,other
Sudah coba berkali-kali tapi QRIS tidak bisa dipindai tapi rekening sudah didebet saya minta refund.,suspicious_transaction
Wah Diminta bayar tambahan Rp2.000 untuk ongkos pembayaran digital ini jelas melanggar aturan.,additional_fees
Identitas merchant berbeda dengan nama toko yang tertera apa mungkin QRIS-nya dipalsukan?.,identity_mismatch
Oh iya QRIS-nya enggak asli ada stiker QR palsu yang menutupi QR code merchantnya saya curiga ini penipuan.,qr_replacement
Ada pungutan Rp500 sebagai biaya sistem ini tidak boleh.,additional_fees
Wah Aneh banget Pembayaran gak berhasil ketika transaksi berlangsung saldo terpotong ganda tolong segera ditangani.,suspicious_transaction
Wah Kelihatan ada stiker QRIS baru yang ditempel di atas QR asli saya foto dulu sebagai bukti.,qr_replacement
Oh iya Kayaknya ada kode QR yang mencurigakan yang dipasang di atas QRIS toko di kasir toko ini pasti fraud.,qr_replacement
Transaksi error berkali-kali dan tapi saldo sudah terpotong pas saya scan QR-nya tolong segera ditangani.,suspicious_transaction
Hmm QRIS tidak bisa dipindai pas saya scan QR-nya tapi rekening udah didebet saya minta refund.,suspicious_transaction
Aduh Tiba-tiba ada tambahan Rp1.000 katanya biaya admin QRIS ini tidak boleh.,additional_fees
Loh Nama di layar pembayaran asing dan nggak dikenal ini fraud ya?.,identity_mismatch
Loh Alhamdulillah Transaksi berhasil dan lancar. QRIS terlihat asli dan resmi. Recommended deh tokonya.,safe_confirmation
Loh Ditagih Rp1.000 lagi dengan alasan biaya sistem padahal seharusnya gratis.,additional_fees
Ada kode QR yang mencurigakan mencurigakan yang dipasang di atas QRIS toko di tempat pembayaran saya curiga ini penipuan.,qr_replacement
Feedback untuk toko: Harga dan kualitas sebanding tapi overall oke kok.,other
"Wah Berhasil bayar QRIS, QRIS terlihat asli dan resmi. Transaksi berhasil dan lancar. Terpercaya tokonya.",safe_confirmation
"Transaksi selesai sama aman, QRIS terlihat asli dan resmi. Terpercaya tokonya.",safe_confirmation
Aduh Feedback untuk toko: Barang sering kehabisan stok tapi overall oke kok.,other
Lho kok Nama rekening tujuan jauh berbeda dari nama di spanduk bikin curiga?,identity_mismatch
Hmm Transaksi QRIS gagal terus dan namun saldo berkurang saat saya coba bayar ini sudah kedua kalinya.,suspicious_transaction
Waktu mau bayar gw notice stiker QRIS baru menimpa QRIS original di akrilik stan tolong ditindaklanjuti.,qr_replacement
Loh Saya lihat ada kode QR yang mencurigakan yang ditempel di atas QR asli di tempat pembayaran ini pasti fraud.,qr_replacement
"Hmm Berhasil bayar QRIS, QRIS terlihat asli dan resmi. Transaksi selesai dengan aman. Terpercaya tokonya.",safe_confirmation
Si penjualnya minta Rp2.500 sebagai biaya layanan ini jelas melanggar aturan.,additional_fees
Eh Lho kok Nama rekening tujuan gak cocok sama nama merchant resmi gw batalin aja transaksinya?,identity_mismatch
Eh Aneh banget Pembayaran nggak berhasil pas saya scan QR-nya namun saldo berkurang tolong segera ditangani.,suspicious_transaction
Kualitas produknya bagus sekali tidak masalah sih.,other
"Wah Berhasil bayar QRIS, nama penerima cocok dengan tokonya. Proses pembayaran mulus.",safe_confirmation
Oh iya Kelihatan ada stiker QR palsu yang menutup QR code resmi ini pasti fraud.,qr_replacement
Eh Antrian di kasir banget panjang tidak masalah sih.,other
"Eh Syukurlah Pembayaran QRIS sukses, nama merchant sesuai sama nama toko. Sangat mudah dan cepat.",safe_confirmation
Aneh banget Sistem QRIS mengalami gangguan mencurigakan saat saya coba bayar walaupun ga ada notifikasi sukses mohon bantuan.,suspicious_transaction
Aneh banget QRIS tidak bisa dipindai waktu pembayaran diproses namun saldo berkurang mohon bantuan.,suspicious_transaction
Loh Feedback untuk toko: Antrian di kasir banget panjang tapi overall oke kok.,other
Oh iya Catatan: Jam buka toko tidak konsisten tidak masalah sih.,other
Oh iya Feedback untuk toko: Toko terlalu ramai dan sempit semoga bisa lebih baik.,other
Tiba-tiba ada tambahan Rp2.000 katanya biaya layanan saya merasa dirugikan.,additional_fees
Sudah coba berkali-kali tapi Sistem QRIS mengalami gangguan mencurigakan padahal uang sudah keluar tolong segera ditangani.,suspicious_transaction
Oh iya Aneh banget QR terbaca tapi transaksi gagal padahal uang sudah keluar mohon bantuan.,suspicious_transaction
"Berhasil bayar QRIS, nama penerima cocok dengan tokonya. Transaksi selesai dengan aman. Recommended deh tokonya.",safe_confirmation
Kenapa ya Nama yang muncul waktu scan tidak sama dengan nama usaha jadi saya ragu mau bayar?,identity_mismatch
Tiba-tiba ada tambahan Rp5.000 katanya tanpa alasan jelas apakah ini diperbolehkan?.,additional_fees
Kayaknya ada stiker QR palsu yang menutupi QR code merchantnya di kasir toko saya foto dulu sebagai bukti.,qr_replacement
Alhamdulillah Pembayaran QRIS sukses. merchant terverifikasi. Puas dengan layanannya.,safe_confirmation
Penjual minta Rp3.000 sebagai biaya layanan tanpa pemberitahuan sebelumnya.,additional_fees
Loh Ditagih 500 perak lagi sama alasan biaya layanan padahal seharusnya gratis.,additional_fees
Eh Aneh banget QRIS enggak bisa dipindai saat saya coba bayar tapi rekening sudah didebet saya bingung harus lapor kemana.,suspicious_transaction
Feedback untuk toko: Toko terlalu ramai dan sempit semoga bisa lebih baik.,other
"Syukurlah Transaksi berhasil dan lancar, nama rekening tujuan sesuai. Recommended deh tokonya.",safe_confirmation
Kayaknya ada stiker QRIS asing yang menutupi QR code merchantnya di kasir toko gw curiga ini penipuan.,qr_replacement
Aneh banget QRIS tidak bisa dipindai pas saya scan QR-nya saldo terpotong ganda ini sangat merugikan.,suspicious_transaction
Ada kode QR yang mencurigakan mencurigakan yang menutup QR code resmi di tempat pembayaran tolong ditindaklanjuti.,qr_replacement
"Berhasil bayar QRIS, nama penerima cocok dengan tokonya. Transaksi selesai dengan aman. Puas dengan layanannya.",safe_confirmation
"Syukurlah Semua berjalan baik, nama rekening tujuan sesuai. Tidak ada kendala sama sekali.",safe_confirmation
Eh Saya mau kasih masukan: Pencahayaan toko kurang terang.,other
Hmm Setelah scan Nama pemilik rekening tidak sesuai sama nama toko langsung saya laporin.,identity_mismatch
"Transaksi selesai dengan aman, QR code tampak original. Terpercaya tokonya.",safe_confirmation
Aneh banget Transaksi QRIS gagal terus waktu pembayaran diproses namun saldo berkurang tolong segera ditangani.,suspicious_transaction
Catatan: Barang sering kehabisan stok tapi overall oke kok.,other
"Hmm QRIS berjalan normal, QRIS terlihat asli dan resmi. Puas dengan layanannya.",safe_confirmation
Loh Lho kok Nama merchant beda banget dari nama tokonya langsung saya laporin?,identity_mismatch
Wah Saya mau kasih masukan: Harga dan kualitas sebanding tapi overall oke kok.,other
Pas scan QRIS-nya Nama akun tujuan bukan nama tokonya sama sekali aku batalin aja transaksinya.,identity_mismatch
"Syukurlah Transaksi selesai dengan aman, merchant terverifikasi. Sangat mudah dan cepat.",safe_confirmation
Saya dikenai biaya ekstra dua ribu rupiah atas nama biaya sistem apakah ini diperbolehkan?.,additional_fees
Oh iya QR terbaca tapi transaksi gagal waktu pembayaran diproses namun saldo berkurang ini sudah kedua kalinya.,suspicious_transaction
"Syukurlah Semua berjalan baik, logo QRIS jelas dan tidak rusak. Recommended deh tokonya.",safe_confirmation
"Berhasil bayar QRIS, merchant terverifikasi. Pembayaran sukses tanpa masalah.",safe_confirmation
Pengalaman saya: Lokasi toko strategis banget.,other
"Aduh Syukurlah Proses pembayaran mulus, tidak ada biaya tambahan. Tidak ada kendala sama sekali.",safe_confirmation
Ada stiker QRIS baru mencurigakan yang menutupi QR code merchantnya di meja kasir saya gak jadi bayar.,qr_replacement
Kenapa ya Nama merchant beda sama nama yang ada di plang tolong dicek?,identity_mismatch
Wah Ditagih Rp500 lagi dengan alasan biaya admin QRIS padahal seharusnya gratis.,additional_fees
Tiba-tiba ada tambahan Rp5.000 katanya biaya admin QRIS saya komplain tapi diabaikan.,additional_fees
Nama akun tujuan asing dan tidak dikenal aku batalin aja transaksinya.,identity_mismatch
Loh Pencahayaan toko kurang terang perlu diperbaiki.,other
Eh Feedback untuk toko: Pencahayaan toko kurang terang tidak masalah sih.,other
merchant terverifikasi dan Transaksi berhasil dan lancar. Recommended deh tokonya.,safe_confirmation
Eh Kenapa ya Nama di layar pembayaran beda sama nama yang ada di plang gue khawatir?,identity_mismatch
Oh iya QR terbaca tapi transaksi gagal dan padahal uang sudah keluar waktu pembayaran diproses gue bingung harus lapor kemana.,suspicious_transaction
Ada pungutan Rp1.000 sebagai biaya layanan ini enggak boleh.,additional_fees
"Hmm Berhasil bayar QRIS, nama rekening tujuan sesuai. Transaksi berhasil dan lancar. Puas dengan layanannya.",safe_confirmation
Hmm Sudah coba berkali-kali tapi Pembayaran tidak berhasil namun saldo berkurang dana gw hilang.,suspicious_transaction
Hmm Sudah coba berkali-kali tapi Sistem QRIS mengalami gangguan mencurigakan saldo terpotong ganda saya bingung harus lapor kemana.,suspicious_transaction
Loh Tiba-tiba ada tambahan dua ribu rupiah katanya biaya admin QRIS saya komplain tapi diabaikan.,additional_fees
Tiba-tiba ada tambahan dua ribu rupiah katanya biaya transaksi ini jelas melanggar aturan.,additional_fees
Setelah scan Identitas merchant tidak sama dengan nama usaha tolong dicek.,identity_mismatch
QRIS tidak bisa dipindai padahal uang dah keluar saya bingung harus lapor kemana.,suspicious_transaction
Wah Ada stiker QRIS baru mencurigakan yang menutup QR code resmi di meja kasir saya foto dulu sebagai bukti.,qr_replacement
Wah Saya perhatikan Nama di layar pembayaran gak cocok sama nama merchant resmi saya batalin aja transaksinya.,identity_mismatch
Wah Pengalaman aku: Harganya mahal dibanding toko lain perlu diperbaiki.,other
Saya lihat ada QR lain yang ditempel yang menutupi QR code merchantnya di tempat pembayaran gue gak jadi bayar.,qr_replacement
Hmm Feedback untuk toko: Tidak ada wifi di toko secara keseluruhan lumayan.,other
Kelihatan ada kode QR yang mencurigakan yang ditempel di atas QR asli saya curiga ini penipuan.,qr_replacement
Eh Saya perhatikan Nama pemilik rekening asing dan tidak dikenal bikin curiga.,identity_mismatch
Eh Ada pungutan dua ribu rupiah sebagai biaya sistem aku komplain tapi diabaikan.,additional_fees
Eh Pembayaran tidak berhasil dan namun saldo berkurang ketika transaksi berlangsung dana saya hilang.,suspicious_transaction
"Transaksi berhasil dan lancar, logo QRIS jelas dan tidak rusak. Terpercaya tokonya.",safe_confirmation
Hmm Feedback untuk toko: Harganya mahal dibanding toko lain semoga bisa lebih baik.,other
"Oh iya Berhasil bayar QRIS, nama penerima cocok dengan tokonya. Transaksi selesai dengan aman. Recommended deh tokonya.",safe_confirmation
Hmm Saya mau kasih masukan: Antrian di kasir sangat panjang.,other
Saya dikenai biaya ekstra Rp2.000 atas nama tanpa alasan jelas ini jelas melanggar aturan.,additional_fees
Hmm Petugasnya minta Rp1.500 sebagai biaya transaksi ini nggak boleh.,additional_fees
Aduh Waktu mau bayar saya notice stiker QRIS asing ditempel di atas QR asli di depan toko tolong ditindaklanjuti.,qr_replacement
Sistem QRIS mengalami gangguan mencurigakan pas saya scan QR-nya saldo terpotong ganda tolong segera ditangani.,suspicious_transaction
"Oh iya Syukurlah Transaksi selesai dengan aman, tidak ada biaya tambahan. Aman digunakan.",safe_confirmation
Eh Kelihatan ada QR code palsu yang nempel di atas akrilik QRIS gw curiga ini penipuan.,qr_replacement
Oh iya Kenapa ya Nama pemilik rekening asing dan tidak dikenal apa ini aman??,identity_mismatch
Aduh Pengalaman saya: Lokasi toko strategis banget perlu diperbaiki.,other
Mbaknya minta Rp2.500 sebagai ongkos pembayaran digital padahal seharusnya gratis.,additional_fees
Mbaknya minta Rp2.500 sebagai biaya admin QRIS apakah ini diperbolehkan?.,additional_fees
"Aduh Berhasil bayar QRIS, QR code tampak original. Pembayaran QRIS sukses. Terpercaya tokonya.",safe_confirmation
Oh iya Si penjualnya minta Rp1.500 sebagai ongkos pembayaran digital padahal seharusnya gratis.,additional_fees
Aneh banget QR terbaca tapi transaksi gagal waktu pembayaran diproses tapi saldo sudah terpotong mohon bantuan.,suspicious_transaction
"Hmm QRIS berjalan normal, QRIS terlihat asli dan resmi. Aman digunakan.",safe_confirmation
QRIS-nya nggak asli ada QR lain yang ditempel yang dipasang di atas QRIS toko langsung saya laporkan.,qr_replacement
Saya perhatikan Nama di layar pembayaran bukan nama tokonya sama sekali saya khawatir.,identity_mismatch
Saya lihat ada stiker QRIS baru yang menimpa QRIS original di depan toko ini pasti fraud.,qr_replacement
Loh Pas scan QRIS-nya Nama penerima asing dan tidak dikenal jadi saya ragu mau bayar.,identity_mismatch
Wah tidak ada biaya tambahan dan Transaksi selesai dengan aman. Puas dengan layanannya.,safe_confirmation
Kayaknya ada stiker QRIS asing yang nempel di atas akrilik QRIS di meja kasir.,qr_replacement
Hmm Diminta bayar tambahan Rp2.000 untuk biaya admin QRIS BI melarang ini.,additional_fees
"Syukurlah Pembayaran QRIS sukses, nama penerima cocok sama tokonya. Aman digunakan.",safe_confirmation
Nama yang muncul ketika scan nama orang bukan nama toko.,identity_mismatch
Oh iya Alhamdulillah QRIS berjalan normal. merchant terverifikasi. Aman digunakan.,safe_confirmation
Kenapa ya Nama di layar pembayaran beda banget dari nama tokonya apa mungkin QRIS-nya dipalsukan??,identity_mismatch
Wah Tiba-tiba ada tambahan Rp2.500 katanya biaya sistem saya merasa dirugikan.,additional_fees
Loh Ada pungutan Rp2.000 sebagai biaya sistem gue komplain tapi diabaikan.,additional_fees
Eh Catatan: Harganya mahal dibanding toko lain tidak masalah sih.,other
Aduh Pembayaran tidak berhasil dan namun saldo berkurang waktu pembayaran diproses.,suspicious_transaction
Wah Pengalaman aku: Toko terlalu ramai dan sempit perlu diperbaiki.,other
Kayaknya ada stiker QRIS asing yang ditempel di atas QR asli di tempat pembayaran saya gak jadi bayar.,qr_replacement
Hmm Pembayaran tidak berhasil dan namun saldo berkurang pas saya coba bayar dana saya hilang.,suspicious_transaction
Wah Alhamdulillah Pembayaran QRIS sukses. merchant terverifikasi. Terpercaya tokonya.,safe_confirmation
Nama rekening tujuan nama orang bukan nama toko gw batalin aja transaksinya.,identity_mismatch
Saya perhatikan Nama merchant berbeda dengan nama toko yang tertera saya batalin aja transaksinya.,identity_mismatch
Pas scan QRIS-nya Identitas merchant jauh berbeda dari nama di spanduk saya batalin aja transaksinya.,identity_mismatch
Pas scan QRIS-nya Identitas merchant asing dan tidak dikenal apa ini aman?.,identity_mismatch
"Eh Berhasil bayar QRIS, nama penerima cocok sama tokonya. Semua berjalan baik. Recommended deh tokonya.",safe_confirmation
Sudah coba berkali-kali tapi Sistem QRIS mengalami gangguan mencurigakan padahal uang sudah keluar mohon bantuan.,suspicious_transaction
"Hmm Pembayaran sukses tanpa masalah, nama rekening tujuan sesuai. Sangat mudah dan cepat.",safe_confirmation
Hmm Tiba-tiba ada tambahan seribu rupiah katanya biaya penggunaan QRIS tanpa pemberitahuan sebelumnya.,additional_fees
Feedback untuk toko: Toko terlalu ramai dan sempit semoga bisa lebih baik.,other
Pengalaman saya: Tempatnya bersih dan nyaman tidak masalah sih.,other
Loh Pengalaman saya: Toko agak kotor di bagian belakang perlu diperbaiki.,other
Hmm Transaksi error berkali-kali dan saldo terpotong ganda pas saya scan QR-nya ini amat merugikan.,suspicious_transaction
Lho kok Nama merchant tidak sama dengan nama usaha tolong dicek?,identity_mismatch
Eh Saya perhatikan Nama akun tujuan beda banget dari nama tokonya saya khawatir.,identity_mismatch
Oh iya Pas scan QRIS-nya Nama pemilik rekening gak cocok sama nama merchant resmi.,identity_mismatch
Eh Aneh banget Transaksi error berkali-kali pas saya scan QR-nya namun saldo berkurang saya minta refund.,suspicious_transaction
Saya perhatikan Identitas merchant beda sama nama yang ada di plang langsung gw laporin.,identity_mismatch
Ada QR lain yang ditempel mencurigakan yang ditimpa di kode QR yang sah di kasir toko tolong ditindaklanjuti.,qr_replacement
Wah nama penerima cocok dgn tokonya dan Pembayaran QRIS sukses. Sangat mudah dan cepat.,safe_confirmation
Loh Catatan: Pencahayaan toko kurang terang perlu diperbaiki.,other
Aduh Saya dikenai biaya ekstra Rp5.000 atas nama biaya admin QRIS.,additional_fees
Oh iya Aneh banget Nama akun tujuan tidak sama dengan nama usaha langsung gue laporin.,identity_mismatch
"Loh Berhasil bayar QRIS, QRIS terlihat asli dan resmi. Pembayaran QRIS sukses. Aman digunakan.",safe_confirmation
Eh QRIS tidak bisa dipindai dan tapi saldo sudah terpotong waktu pembayaran diproses tolong segera ditangani.,suspicious_transaction
Oh iya Pembayaran tidak berhasil pas saya scan QR-nya padahal uang udah keluar dana saya hilang.,suspicious_transaction
Hmm Kayaknya ada QR code palsu yang nempel di atas akrilik QRIS di meja kasir ini pasti fraud.,qr_replacement
Wah Saya dikenai biaya ekstra Rp2.000 atas nama tanpa alasan jelas ini tidak boleh.,additional_fees
QRIS tidak bisa dipindai dan tapi rekening sudah didebet waktu gw coba bayar.,suspicious_transaction
Oh iya Pas scan QRIS-nya Nama yang muncul saat scan jauh berbeda dari nama di spanduk langsung saya laporin.,identity_mismatch
Alhamdulillah Transaksi berhasil dan lancar. logo QRIS jelas dan tidak rusak. Aman digunakan.,safe_confirmation
Saya perhatikan Nama pemilik rekening nama orang bukan nama toko apa mungkin QRIS-nya dipalsukan?.,identity_mismatch
Aduh Lho kok Nama penerima beda sama nama yang ada di plang?,identity_mismatch
Aneh banget Nama rekening tujuan tidak sama dengan nama usaha tolong dicek.,identity_mismatch
"Wah Semua berjalan baik, merchant terverifikasi. Terpercaya tokonya.",safe_confirmation
Aduh Pembayaran nggak berhasil dan namun saldo berkurang saat gw coba bayar saya minta refund.,suspicious_transaction
Ditagih Rp2.000 lagi dengan alasan ongkos pembayaran digital ini tidak boleh.,additional_fees
Oh iya Tidak ada wifi di toko perlu diperbaiki.,other
Eh AC di dalam toko terlalu dingin.,other
Hmm Kelihatan ada QR lain yang ditempel yang menutupi QR code merchantnya.,qr_replacement
Aduh Lho kok Identitas merchant beda sama nama yang ada di plang gue khawatir?,identity_mismatch
Catatan: Produknya bagus tapi packaging kurang menarik tapi overall oke kok.,other
Hmm QR code tampak original dan Pembayaran sukses tanpa masalah. Terpercaya tokonya.,safe_confirmation
Setelah scan Nama pemilik rekening tidak sesuai dengan nama toko ini fraud ya?.,identity_mismatch
Feedback untuk toko: AC di dalam toko terlalu dingin secara keseluruhan lumayan.,other
Wah Transaksi QRIS gagal terus pas saya scan QR-nya namun saldo berkurang.,suspicious_transaction
Aduh Aneh banget QRIS tidak bisa dipindai pas saya coba bayar saldo terpotong ganda tolong segera ditangani.,suspicious_transaction
Eh Pemilik toko minta Rp1.500 sebagai tanpa alasan jelas saya merasa dirugikan.,additional_fees
Aduh Aneh banget Pembayaran tidak berhasil ketika transaksi berlangsung tapi saldo sudah terpotong.,suspicious_transaction
Barang sering kehabisan stok semoga bisa lebih baik.,other
Loh QRIS-nya tidak asli ada QR lain yang ditempel yang nempel di atas akrilik QRIS tolong ditindaklanjuti.,qr_replacement
Loh Ditagih Rp2.500 lagi dengan alasan biaya penggunaan QRIS BI melarang ini.,additional_fees
Wah Alhamdulillah Transaksi berhasil dan lancar. nama penerima cocok sama tokonya. Sangat mudah dan cepat.,safe_confirmation
Aduh Sudah coba berkali-kali tapi Transaksi error berkali-kali tapi rekening sudah didebet ini sangat merugikan.,suspicious_transaction
Hmm tidak ada biaya tambahan dan Semua berjalan baik. Recommended deh tokonya.,safe_confirmation
Oh iya Lokasi toko strategis banget tapi overall oke kok.,other
Oh iya Pas scan QRIS-nya Nama merchant beda sama nama yang ada di plang apa mungkin QRIS-nya dipalsukan?.,identity_mismatch
Oh iya Sudah coba berkali-kali tapi Pembayaran tidak berhasil walaupun tidak ada notifikasi sukses dana saya hilang.,suspicious_transaction
Hmm QRIS-nya tidak asli ada stiker QR palsu yang menimpa QRIS original langsung saya laporkan.,qr_replacement
Saya dikenai biaya ekstra Rp1.500 atas nama biaya penggunaan QRIS BI melarang ini.,additional_fees
Ditagih Rp3.000 lagi sama alasan ongkos pembayaran digital ini tidak boleh.,additional_fees
Oh iya Sistem QRIS mengalami gangguan mencurigakan ketika transaksi berlangsung walaupun gak ada notifikasi sukses ini amat merugikan.,suspicious_transaction
Ditagih Rp2.500 lagi sama alasan biaya transaksi BI melarang ini.,additional_fees
Pengalaman saya: Pelayanan kasirnya kurang ramah semoga bisa lebih baik.,other
Eh Ada pungutan Rp1.000 sebagai biaya transaksi ini jelas melanggar aturan.,additional_fees
"Syukurlah Pembayaran QRIS sukses, merchant terverifikasi. Recommended deh tokonya.",safe_confirmation
Saya dikenai biaya ekstra Rp2.500 atas nama ongkos pembayaran digital ini ga boleh.,additional_fees
Aduh Setelah scan Nama yang muncul saat scan tidak cocok sama stiker toko bikin curiga.,identity_mismatch
Saya dikenai biaya ekstra Rp5.000 atas nama tanpa alasan jelas tanpa pemberitahuan sebelumnya.,additional_fees
Aduh Setelah scan Nama yang muncul saat scan beda sama nama yang ada di plang saya batalin aja transaksinya.,identity_mismatch
Ada pungutan Rp500 sebagai biaya sistem saya komplain tapi diabaikan.,additional_fees
Aneh banget Nama pemilik rekening berbeda dengan nama toko yang tertera saya batalin aja transaksinya.,identity_mismatch
Oh iya Transaksi QRIS gagal terus dan tapi rekening sudah didebet ketika gw coba bayar saya bingung harus lapor kemana.,suspicious_transaction
Oh iya Nama di layar pembayaran tidak sama dgn nama usaha ini fraud ya?.,identity_mismatch
Wah Sudah coba berkali-kali tapi QRIS tidak bisa dipindai tapi rekening sudah didebet saya bingung harus lapor kemana.,suspicious_transaction
QRIS-nya tidak asli ada QR lain yang ditempel yang menutupi QR code merchantnya saya curiga ini penipuan.,qr_replacement
Saya mau kasih masukan: Produknya bagus tapi packaging kurang menarik perlu diperbaiki.,other
"Berhasil bayar QRIS, tidak ada biaya tambahan. Semua berjalan baik. Recommended deh tokonya.",safe_confirmation
Eh Saya perhatikan Nama di layar pembayaran ga cocok dengan stiker toko bikin curiga.,identity_mismatch
Aneh banget Nama merchant nama orang bukan nama toko apa ini aman?.,identity_mismatch
Waktu mau bayar gue notice QR code palsu ditimpa di kode QR yang sah di meja kasir langsung saya laporkan.,qr_replacement
"Wah Pembayaran QRIS sukses, tidak ada biaya tambahan. Puas sama layanannya.",safe_confirmation
Hmm Ada stiker QRIS baru mencurigakan yang nempel di atas akrilik QRIS di akrilik stan langsung saya laporkan.,qr_replacement
Alhamdulillah Transaksi berhasil dan lancar. nama rekening tujuan sesuai.,safe_confirmation
Hmm Transaksi QRIS gagal terus dan saldo terpotong ganda pas saya scan QR-nya.,suspicious_transaction
Hmm Kenapa ya Nama penerima berbeda dengan nama toko yang tertera langsung saya laporin?,identity_mismatch
Eh Tiba-tiba ada tambahan Rp1.000 katanya ongkos pembayaran digital.,additional_fees
Diminta bayar tambahan dua ribu rupiah untuk biaya layanan apakah ini diperbolehkan?.,additional_fees
Aduh Saya perhatikan Nama rekening tujuan bukan nama tokonya sama sekali tolong dicek.,identity_mismatch
Wah Saya mau kasih masukan: Harganya mahal dibanding toko lain semoga bisa lebih baik.,other
Oh iya Catatan: Produknya bagus tapi packaging kurang menarik secara keseluruhan lumayan.,other
Tiba-tiba ada tambahan Rp1.500 katanya biaya sistem saya merasa dirugikan.,additional_fees
Wah Waktu mau bayar saya notice stiker QRIS baru menutup QR code resmi di depan toko.,qr_replacement
Loh Setelah scan Nama akun tujuan beda banget dari nama tokonya ini fraud ya?.,identity_mismatch
Aduh Kelihatan ada stiker QRIS asing yang menimpa QRIS original tolong ditindaklanjuti.,qr_replacement
Eh Setelah scan Nama merchant beda sama nama yang ada di plang.,identity_mismatch
Oh iya nama penerima cocok dengan tokonya dan Pembayaran QRIS sukses. Recommended deh tokonya.,safe_confirmation
Oh iya Feedback untuk toko: Kualitas produknya bagus sekali secara keseluruhan lumayan.,other
Eh QRIS tidak bisa dipindai namun saldo berkurang saya minta refund.,suspicious_transaction
Loh Sudah coba berkali-kali tapi Pembayaran tidak berhasil tapi rekening sudah didebet ini sudah kedua kalinya.,suspicious_transaction
Kasir minta Rp2.500 sebagai biaya layanan apakah ini diperbolehkan?.,additional_fees
Hmm Aneh banget Pembayaran enggak berhasil namun saldo berkurang ini udah kedua kalinya.,suspicious_transaction
Alhamdulillah Transaksi selesai dengan aman. QR code tampak original. Recommended deh tokonya.,safe_confirmation
Ada kode QR yang mencurigakan mencurigakan yang menutupi QR code merchantnya di akrilik stan tolong ditindaklanjuti.,qr_replacement
Wah Barang sering kehabisan stok tapi overall oke kok.,other
Nama yang muncul saat scan gak cocok sama nama merchant resmi ini fraud ya?.,identity_mismatch
"Loh Semua berjalan baik, logo QRIS jelas dan enggak rusak.",safe_confirmation
Feedback untuk toko: Tempatnya bersih dan nyaman tapi overall oke kok.,other
QRIS-nya tidak asli ada stiker QRIS asing yang dipasang di atas QRIS toko saya gak jadi bayar.,qr_replacement
Aduh Waktu mau bayar saya notice QR code palsu menimpa QRIS original di tempat pembayaran saya foto dulu sebagai bukti.,qr_replacement
Kenapa ya Nama merchant tidak sama sama nama usaha tolong dicek?,identity_mismatch
Hmm Pas scan QRIS-nya Nama di layar pembayaran nggak cocok dgn stiker toko ini fraud ya?.,identity_mismatch
Wah Kenapa ya Nama pemilik rekening nggak cocok dgn stiker toko langsung gue laporin?,identity_mismatch
"Hmm Berhasil bayar QRIS, QRIS terlihat asli dan resmi. Pembayaran QRIS sukses. Aman digunakan.",safe_confirmation
Eh Kelihatan ada QR lain yang ditempel yang menutup QR code resmi saya foto dulu sebagai bukti.,qr_replacement
Loh Transaksi QRIS gagal terus waktu pembayaran diproses walaupun tidak ada notifikasi sukses ini dah kedua kalinya.,suspicious_transaction
Alhamdulillah Pembayaran QRIS sukses. nama rekening tujuan sesuai. Recommended deh tokonya.,safe_confirmation
Ditagih Rp5.000 lagi dengan alasan tanpa alasan jelas tanpa pemberitahuan sebelumnya.,additional_fees
Ditagih 500 perak lagi sama alasan biaya admin QRIS ini jelas melanggar aturan.,additional_fees
Oh iya Saya perhatikan Identitas merchant bukan nama tokonya sama sekali apa ini aman?.,identity_mismatch
Wah Kenapa ya Identitas merchant jauh berbeda dari nama di spanduk saya khawatir?,identity_mismatch
Oh iya Feedback untuk toko: Harganya mahal dibanding toko lain perlu diperbaiki.,other
Oh iya Alhamdulillah Pembayaran sukses tanpa masalah. QRIS terlihat asli dan resmi. Recommended deh tokonya.,safe_confirmation
Hmm Feedback untuk toko: Pencahayaan toko kurang terang tidak masalah sih.,other
Ditagih seribu rupiah lagi dengan alasan tanpa alasan jelas ini jelas melanggar aturan.,additional_fees
Loh Ada pungutan Rp500 sebagai biaya admin QRIS.,additional_fees
Aduh Saya lihat ada stiker QRIS baru yang dipasang di atas QRIS toko di tempat pembayaran.,qr_replacement
Hmm Pembayaran tidak berhasil waktu pembayaran diproses namun saldo berkurang tolong segera ditangani.,suspicious_transaction
Transaksi error berkali-kali dan namun saldo berkurang ketika transaksi berlangsung ini sangat merugikan.,suspicious_transaction
Oh iya Catatan: Barang sering kehabisan stok tidak masalah sih.,other
Wah Kenapa ya Nama di layar pembayaran nama orang bukan nama toko ini fraud ya??,identity_mismatch
Loh Tiba-tiba ada tambahan dua ribu rupiah katanya tanpa alasan jelas ini jelas melanggar aturan.,additional_fees
"Berhasil bayar QRIS, nama rekening tujuan sesuai. Pembayaran QRIS sukses.",safe_confirmation
Catatan: Tidak ada wifi di toko perlu diperbaiki.,other
Wah Sistem QRIS mengalami gangguan mencurigakan waktu pembayaran diproses namun saldo berkurang tolong segera ditangani.,suspicious_transaction
Tiba-tiba ada tambahan Rp2.500 katanya biaya admin QRIS.,additional_fees
Aduh Kenapa ya Nama yang muncul pas scan berbeda dengan nama toko yang tertera saya batalin aja transaksinya?,identity_mismatch
Pelayanan kasirnya kurang ramah perlu diperbaiki.,other
"Berhasil bayar QRIS, merchant terverifikasi. Semua berjalan baik. Tidak ada kendala sama sekali.",safe_confirmation
Saya lihat ada kode QR yang mencurigakan yang dipasang di atas QRIS toko di meja kasir saya curiga ini penipuan.,qr_replacement
Wah Sudah coba berkali-kali tapi Pembayaran ga berhasil tapi rekening sudah didebet saya bingung harus lapor kemana.,suspicious_transaction
"Berhasil bayar QRIS, logo QRIS jelas dan tidak rusak. Transaksi selesai dengan aman. Puas dengan layanannya.",safe_confirmation
Loh Ditagih Rp1.500 lagi dengan alasan biaya admin QRIS.,additional_fees
Aneh banget Transaksi QRIS gagal terus ketika saya coba bayar tapi saldo sudah terpotong tolong segera ditangani.,suspicious_transaction
Eh Saya perhatikan Nama akun tujuan asing dan gak dikenal bikin curiga.,identity_mismatch
Eh Saya mau kasih masukan: Antrian di kasir sangat panjang perlu diperbaiki.,other
Eh Pembayaran tidak berhasil saat saya coba bayar tapi rekening sudah didebet ini sudah kedua kalinya.,suspicious_transaction
Sudah coba berkali-kali tapi Pembayaran ga berhasil tapi saldo udah terpotong mohon bantuan.,suspicious_transaction
Diminta bayar tambahan Rp500 untuk biaya penggunaan QRIS ini jelas melanggar aturan.,additional_fees
Diminta bayar tambahan Rp2.500 untuk ongkos pembayaran digital padahal seharusnya gratis.,additional_fees
merchant terverifikasi dan QRIS berjalan normal. Aman digunakan.,safe_confirmation
Harga dan kualitas sebanding perlu diperbaiki.,other
Eh Saya mau kasih masukan: Toko agak kotor di bagian belakang perlu diperbaiki.,other
Transaksi QRIS gagal terus dan walaupun tidak ada notifikasi sukses waktu pembayaran diproses tolong segera ditangani.,suspicious_transaction
"Loh Syukurlah Proses pembayaran mulus, logo QRIS jelas dan tidak rusak. Recommended deh tokonya.",safe_confirmation
Wah Saya lihat ada QR code palsu yang ditempel di atas QR asli di tempat pembayaran saya curiga ini penipuan.,qr_replacement
"Aduh Berhasil bayar QRIS, QRIS terlihat asli dan resmi. QRIS berjalan normal. Recommended deh tokonya.",safe_confirmation
Harganya mahal dibanding toko lain tapi overall oke kok.,other
Eh Ada pungutan Rp5.000 sebagai biaya admin QRIS apakah ini diperbolehkan?.,additional_fees
Diminta bayar tambahan Rp500 untuk biaya penggunaan QRIS ini jelas melanggar aturan.,additional_fees
Alhamdulillah Proses pembayaran mulus. logo QRIS jelas dan tidak rusak. Tidak ada kendala sama sekali.,safe_confirmation
"Wah Berhasil bayar QRIS, nama merchant sesuai dengan nama toko. Transaksi selesai dengan aman. Tidak ada kendala sama sekali.",safe_confirmation
Lho kok Nama merchant beda banget dari nama tokonya apa mungkin QRIS-nya dipalsukan??,identity_mismatch
Hmm Saya dikenai biaya ekstra dua ribu rupiah atas nama biaya penggunaan QRIS tanpa pemberitahuan sebelumnya.,additional_fees
Feedback untuk toko: Antrian di kasir banget panjang semoga bisa lebih baik.,other
Eh Diminta bayar tambahan Rp1.500 untuk biaya penggunaan QRIS gw komplain tapi diabaikan.,additional_fees
Eh Catatan: AC di dalam toko terlalu dingin tapi overall oke kok.,other
"Hmm Syukurlah Pembayaran sukses tanpa masalah, nama rekening tujuan sesuai. Tidak ada kendala sama sekali.",safe_confirmation
Aduh Diminta bayar tambahan Rp1.500 untuk biaya admin QRIS gw merasa dirugikan.,additional_fees
Saya lihat ada stiker QRIS baru yang menutup QR code resmi di kasir toko gw gak jadi bayar.,qr_replacement
Aduh Alhamdulillah Transaksi selesai dengan aman. merchant terverifikasi. Sangat mudah dan cepat.,safe_confirmation
Kayaknya ada QR lain yang ditempel yang dipasang di atas QRIS toko di akrilik stan saya gak jadi bayar.,qr_replacement
Oh iya Pengalaman saya: Antrian di kasir sangat panjang.,other
"Berhasil bayar QRIS, nggak ada biaya tambahan. Proses pembayaran mulus. Recommended deh tokonya.",safe_confirmation
Kelihatan ada stiker QRIS baru yang dipasang di atas QRIS toko tolong ditindaklanjuti.,qr_replacement
Setelah scan Nama pemilik rekening asing dan tidak dikenal apa mungkin QRIS-nya dipalsukan?.,identity_mismatch
Loh Alhamdulillah Transaksi berhasil dan lancar. merchant terverifikasi. Sangat mudah dan cepat.,safe_confirmation
Aduh QRIS tidak bisa dipindai waktu pembayaran diproses namun saldo berkurang tolong segera ditangani.,suspicious_transaction
Pas scan QRIS-nya Nama pemilik rekening beda banget dari nama tokonya apa mungkin QRIS-nya dipalsukan?.,identity_mismatch
Wah Transaksi error berkali-kali dan saldo terpotong ganda pas gw scan QR-nya mohon bantuan.,suspicious_transaction
Aduh Feedback untuk toko: Toko terlalu ramai dan sempit tapi overall oke kok.,other
Wah Aneh banget Nama di layar pembayaran beda sama nama yang ada di plang.,identity_mismatch
Hmm Sudah coba berkali-kali tapi Sistem QRIS mengalami gangguan mencurigakan namun saldo berkurang ini amat merugikan.,suspicious_transaction
Oh iya Aneh banget Pembayaran tidak berhasil walaupun tidak ada notifikasi sukses dana aku hilang.,suspicious_transaction
"Eh Syukurlah QRIS berjalan normal, nama rekening tujuan sesuai. Aman digunakan.",safe_confirmation
Setelah scan Identitas merchant berbeda dengan nama toko yang tertera jadi gue ragu mau bayar.,identity_mismatch
Loh Pemilik toko minta 500 perak sebagai ongkos pembayaran digital ini nggak boleh.,additional_fees
Kayaknya ada stiker QRIS asing yang menutupi QR code merchantnya di akrilik stan saya foto dulu sebagai bukti.,qr_replacement
Eh Nama di layar pembayaran gak sama dengan nama usaha saya batalin aja transaksinya.,identity_mismatch
Wah Waktu mau bayar saya notice QR code palsu menutup QR code resmi di meja kasir saya foto dulu sebagai bukti.,qr_replacement
Hmm Pas scan QRIS-nya Nama yang muncul pas scan beda sama nama yang ada di plang langsung saya laporin.,identity_mismatch
Pengalaman saya: Tidak ada wifi di toko tidak masalah sih.,other
Oh iya Pas scan QRIS-nya Nama pemilik rekening jauh berbeda dari nama di spanduk jadi saya ragu mau bayar.,identity_mismatch
nama penerima cocok sama tokonya dan Pembayaran QRIS sukses. Sangat mudah dan cepat.,safe_confirmation
Oh iya Saya lihat ada stiker QRIS asing yang menutupi QR code merchantnya di tempat pembayaran gw gak jadi bayar.,qr_replacement
"Oh iya Berhasil bayar QRIS, QRIS terlihat asli dan resmi. Transaksi berhasil dan lancar.",safe_confirmation
Ada pungutan Rp500 sebagai ongkos pembayaran digital BI melarang ini.,additional_fees
Saya mau kasih masukan: Produknya bagus tapi packaging kurang menarik tapi overall oke kok.,other
Loh Ada pungutan 500 perak sebagai biaya transaksi tanpa pemberitahuan sebelumnya.,additional_fees
"Hmm QRIS berjalan normal, tidak ada biaya tambahan. Recommended deh tokonya.",safe_confirmation
"Oh iya Semua berjalan baik, QRIS terlihat asli dan resmi. Recommended deh tokonya.",safe_confirmation
Hmm Sudah coba berkali-kali tapi Transaksi error berkali-kali walaupun tidak ada notifikasi sukses mohon bantuan.,suspicious_transaction
Eh Ditagih 500 perak lagi dengan alasan ongkos pembayaran digital tanpa pemberitahuan sebelumnya.,additional_fees
Oh iya Alhamdulillah Pembayaran sukses tanpa masalah. merchant terverifikasi. Sangat mudah dan cepat.,safe_confirmation
Hmm Sistem QRIS mengalami gangguan mencurigakan dan saldo terpotong ganda pas gue scan QR-nya ini dah kedua kalinya.,suspicious_transaction
Ada pungutan Rp1.000 sebagai ongkos pembayaran digital tanpa pemberitahuan sebelumnya.,additional_fees
Eh Lho kok Nama akun tujuan jauh berbeda dari nama di spanduk apa ini aman??,identity_mismatch
Loh Catatan: Antrian di kasir sangat panjang perlu diperbaiki.,other
QRIS tidak bisa dipindai pas gue scan QR-nya tapi saldo sudah terpotong ini sudah kedua kalinya.,suspicious_transaction
Diminta bayar tambahan Rp1.500 untuk biaya admin QRIS tanpa pemberitahuan sebelumnya.,additional_fees
"Semua berjalan baik, nama merchant sesuai sama nama toko. Recommended deh tokonya.",safe_confirmation
Kayaknya ada stiker QRIS asing yang menimpa QRIS original di akrilik stan saya curiga ini penipuan.,qr_replacement
Loh Transaksi QRIS gagal terus dan padahal uang sudah keluar waktu pembayaran diproses saya bingung harus lapor kemana.,suspicious_transaction
Pengalaman saya: Lokasi toko strategis banget perlu diperbaiki.,other
QRIS-nya tidak asli ada stiker QRIS baru yang ditimpa di kode QR yang sah saya gak jadi bayar.,qr_replacement
Aduh Tiba-tiba ada tambahan Rp1.500 katanya biaya sistem ini ga boleh.,additional_fees
Eh Aneh banget Nama penerima beda banget dari nama tokonya saya khawatir.,identity_mismatch
Aneh banget Nama akun tujuan tidak sama dengan nama usaha jadi gue ragu mau bayar.,identity_mismatch
"Eh Berhasil bayar QRIS, logo QRIS jelas dan tidak rusak. Pembayaran sukses tanpa masalah. Recommended deh tokonya.",safe_confirmation
Kasir minta Rp1.500 sebagai tanpa alasan jelas apakah ini diperbolehkan?.,additional_fees
Hmm Saya mau kasih masukan: Harga dan kualitas sebanding.,other
Loh Sudah coba berkali-kali tapi QRIS ga bisa dipindai tapi saldo sudah terpotong saya minta refund.,suspicious_transaction
Feedback untuk toko: Kualitas produknya bagus sekali secara keseluruhan lumayan.,other
Aduh Feedback untuk toko: Tempat parkir susah sekali tidak masalah sih.,other
Wah Lokasi toko strategis banget ga masalah sih.,other
Pengalaman saya: Antrian di kasir amat panjang perlu diperbaiki.,other
Hmm Saya perhatikan Nama merchant jauh berbeda dari nama di spanduk saya batalin aja transaksinya.,identity_mismatch
Aduh Saya perhatikan Nama penerima bukan nama tokonya sama sekali tolong dicek.,identity_mismatch
Hmm Kayaknya ada kode QR yang mencurigakan yang menimpa QRIS original di akrilik stan langsung saya laporkan.,qr_replacement
Aduh Waktu mau bayar saya notice stiker QR palsu ditimpa di kode QR yang sah di depan toko ini pasti fraud.,qr_replacement
Catatan: Jam buka toko tidak konsisten.,other
Hmm Saya mau kasih masukan: Pencahayaan toko kurang terang tapi overall oke kok.,other
Aduh Saya lihat ada stiker QRIS asing yang dipasang di atas QRIS toko di meja kasir.,qr_replacement
Wah Ada pungutan Rp3.000 sebagai biaya transaksi gue komplain tapi diabaikan.,additional_fees
Eh Kenapa ya Nama merchant gak cocok sama nama merchant resmi apa ini aman??,identity_mismatch
Wah QRIS terlihat asli dan resmi dan Pembayaran sukses tanpa masalah.,safe_confirmation
Kayaknya ada kode QR yang mencurigakan yang menimpa QRIS original di akrilik stan gue curiga ini penipuan.,qr_replacement
Aduh Nama akun tujuan enggak sesuai dengan nama toko.,identity_mismatch
Eh Aneh banget Pembayaran tidak berhasil ketika transaksi berlangsung saldo terpotong ganda dana saya hilang.,suspicious_transaction
Oh iya Saya mau kasih masukan: Toko agak kotor di bagian belakang secara keseluruhan lumayan.,other
Nama akun tujuan beda banget dari nama tokonya bikin curiga.,identity_mismatch
QRIS-nya tidak asli ada QR code palsu yang dipasang di atas QRIS toko tolong ditindaklanjuti.,qr_replacement
"Loh Syukurlah Pembayaran sukses tanpa masalah, nama merchant sesuai dengan nama toko.",safe_confirmation
Oh iya Transaksi error berkali-kali dan tapi saldo sudah terpotong saat saya coba bayar mohon bantuan.,suspicious_transaction
Oh iya Catatan: Barang sering kehabisan stok semoga bisa lebih baik.,other
Tiba-tiba ada tambahan Rp3.000 katanya biaya admin QRIS.,additional_fees
Loh Tiba-tiba ada tambahan Rp2.000 katanya tanpa alasan jelas ini tidak boleh.,additional_fees
Eh Lho kok Nama merchant tidak cocok dengan stiker toko jadi saya ragu mau bayar?,identity_mismatch
Eh Waktu mau bayar saya notice QR lain yang ditempel dipasang di atas QRIS toko di meja kasir saya curiga ini penipuan.,qr_replacement
Aneh banget QRIS gak bisa dipindai waktu pembayaran diproses tapi saldo sudah terpotong dana saya hilang.,suspicious_transaction
Ada QR lain yang ditempel mencurigakan yang menimpa QRIS original di kasir toko.,qr_replacement
Oh iya QRIS-nya gak asli ada QR code palsu yang menutupi QR code merchantnya ini pasti fraud.,qr_replacement
Aneh banget Nama akun tujuan tidak cocok dgn stiker toko jadi saya ragu mau bayar.,identity_mismatch
Loh Saya perhatikan Nama pemilik rekening beda banget dari nama tokonya langsung saya laporin.,identity_mismatch
Alhamdulillah Proses pembayaran mulus. QR code tampak original. Puas dengan layanannya.,safe_confirmation
Loh Pas scan QRIS-nya Nama pemilik rekening enggak sama dgn nama usaha bikin curiga.,identity_mismatch
Hmm Tiba-tiba ada tambahan seribu rupiah katanya tanpa alasan jelas apakah ini diperbolehkan?.,additional_fees
Aneh banget Sistem QRIS mengalami gangguan mencurigakan ketika saya coba bayar namun saldo berkurang ini dah kedua kalinya.,suspicious_transaction
Hmm Kenapa ya Identitas merchant gak cocok sama nama merchant resmi saya khawatir?,identity_mismatch
Si penjualnya minta Rp3.000 sebagai ongkos pembayaran digital padahal seharusnya gratis.,additional_fees
Pas scan QRIS-nya Nama pemilik rekening jauh berbeda dari nama di spanduk saya batalin aja transaksinya.,identity_mismatch
Wah Tiba-tiba ada tambahan seribu rupiah katanya biaya penggunaan QRIS tanpa pemberitahuan sebelumnya.,additional_fees
Loh Saya lihat ada stiker QRIS asing yang ditempel di atas QR asli di kasir toko ini pasti fraud.,qr_replacement
"Oh iya Berhasil bayar QRIS, logo QRIS jelas dan enggak rusak. Transaksi selesai sama aman. Puas dengan layanannya.",safe_confirmation
Oh iya Lokasi toko strategis banget tapi overall oke kok.,other
Oh iya Waktu mau bayar saya notice QR code palsu menutupi QR code merchantnya di akrilik stan tolong ditindaklanjuti.,qr_replacement
Hmm Aneh banget Nama rekening tujuan asing dan tidak dikenal saya khawatir.,identity_mismatch
Alhamdulillah Pembayaran QRIS sukses. logo QRIS jelas dan tidak rusak. Aman digunakan.,safe_confirmation
Loh Kelihatan ada stiker QR palsu yang dipasang di atas QRIS toko aku foto dulu sebagai bukti.,qr_replacement
Oh iya Waktu mau bayar saya notice QR lain yang ditempel nempel di atas akrilik QRIS di depan toko saya foto dulu sebagai bukti.,qr_replacement
Waktu mau bayar saya notice kode QR yang mencurigakan menimpa QRIS original di tempat pembayaran saya foto dulu sebagai bukti.,qr_replacement
Alhamdulillah Semua berjalan baik. nama merchant sesuai dengan nama toko.,safe_confirmation
Oh iya Kelihatan ada stiker QRIS baru yang dipasang di atas QRIS toko.,qr_replacement
Oh iya Sudah coba berkali-kali tapi Transaksi QRIS gagal terus walaupun tidak ada notifikasi sukses ini sudah kedua kalinya.,suspicious_transaction
Aduh Kayaknya ada stiker QR palsu yang menutupi QR code merchantnya di tempat pembayaran saya curiga ini penipuan.,qr_replacement
Oh iya QRIS-nya tidak asli ada stiker QRIS baru yang nempel di atas akrilik QRIS.,qr_replacement
Hmm Pemilik toko minta Rp3.000 sebagai biaya layanan ini tidak boleh.,additional_fees
Loh Kayaknya ada stiker QRIS asing yang menutupi QR code merchantnya di akrilik stan tolong ditindaklanjuti.,qr_replacement
Oh iya Lho kok Nama rekening tujuan nama orang bukan nama toko apa ini aman??,identity_mismatch
Oh iya Saya dikenai biaya ekstra Rp2.000 atas nama tanpa alasan jelas BI melarang ini.,additional_fees
Lho kok Nama pemilik rekening bukan nama tokonya sama sekali saya batalin aja transaksinya?,identity_mismatch
Aduh Pengalaman aku: Tidak ada wifi di toko enggak masalah sih.,other
Tidak ada wifi di toko secara keseluruhan lumayan.,other
Hmm merchant terverifikasi dan Proses pembayaran mulus.,safe_confirmation
Loh Saya lihat ada stiker QR palsu yang dipasang di atas QRIS toko di akrilik stan saya gak jadi bayar.,qr_replacement
Loh Tiba-tiba ada tambahan 500 perak katanya biaya layanan tanpa pemberitahuan sebelumnya.,additional_fees
Loh Sudah coba berkali-kali tapi Transaksi error berkali-kali namun saldo berkurang aku bingung harus lapor kemana.,suspicious_transaction
Aduh QRIS-nya tidak asli ada kode QR yang mencurigakan yang dipasang di atas QRIS toko.,qr_replacement
Wah Transaksi error berkali-kali ketika transaksi berlangsung tapi rekening sudah didebet saya minta refund.,suspicious_transaction
Wah Kayaknya ada stiker QR palsu yang ditempel di atas QR asli di meja kasir gw gak jadi bayar.,qr_replacement
Hmm Setelah scan Nama merchant bukan nama tokonya sama sekali.,identity_mismatch
Tiba-tiba ada tambahan Rp2.000 katanya tanpa alasan jelas padahal seharusnya gratis.,additional_fees
Saya mau kasih masukan: Toko agak kotor di bagian belakang.,other
Eh Sudah coba berkali-kali tapi Transaksi QRIS gagal terus walaupun tidak ada notifikasi sukses dana saya hilang.,suspicious_transaction
"Hmm Proses pembayaran mulus, QRIS terlihat asli dan resmi. Tidak ada kendala sama sekali.",safe_confirmation
"Hmm Syukurlah Semua berjalan baik, merchant terverifikasi.",safe_confirmation
Wah QRIS-nya tidak asli ada QR code palsu yang dipasang di atas QRIS toko saya foto dulu sebagai bukti.,qr_replacement
Loh Kenapa ya Identitas merchant gak cocok sama nama merchant resmi langsung saya laporin?,identity_mismatch
Loh Aneh banget Identitas merchant tidak sama dengan nama usaha saya khawatir.,identity_mismatch
Eh Pembayaran tidak berhasil pas saya scan QR-nya walaupun tidak ada notifikasi sukses ini sangat merugikan.,suspicious_transaction
Barang sering kehabisan stok semoga bisa lebih baik.,other
Oh iya QRIS terlihat asli dan resmi dan Transaksi berhasil dan lancar. Recommended deh tokonya.,safe_confirmation
Pembayaran tidak berhasil waktu aku coba bayar tapi rekening sudah didebet.,suspicious_transaction
Sudah coba berkali-kali tapi Sistem QRIS mengalami gangguan mencurigakan tapi saldo sudah terpotong tolong segera ditangani.,suspicious_transaction
Saya mau kasih masukan: Jam buka toko tidak konsisten secara keseluruhan lumayan.,other
Aduh Saya perhatikan Nama pemilik rekening asing dan ga dikenal gue khawatir.,identity_mismatch
Aneh banget Transaksi QRIS gagal terus pas saya scan QR-nya padahal uang sudah keluar mohon bantuan.,suspicious_transaction
Aneh banget Nama merchant gak cocok sama stiker toko.,identity_mismatch
Loh Pas scan QRIS-nya Nama rekening tujuan beda sama nama yang ada di plang saya khawatir.,identity_mismatch
"Semua berjalan baik, nama merchant sesuai dengan nama toko. Tidak ada kendala sama sekali.",safe_confirmation
Wah QRIS terlihat asli dan resmi dan QRIS berjalan normal.,safe_confirmation
Loh Kelihatan ada stiker QRIS asing yang dipasang di atas QRIS toko gw foto dulu sebagai bukti.,qr_replacement
Kayaknya ada stiker QRIS baru yang dipasang di atas QRIS toko di akrilik stan saya gak jadi bayar.,qr_replacement
Eh Saya perhatikan Nama akun tujuan berbeda dengan nama toko yang tertera tolong dicek.,identity_mismatch
"Berhasil bayar QRIS, logo QRIS jelas dan tidak rusak. QRIS berjalan normal. Recommended deh tokonya.",safe_confirmation
Sudah coba berkali-kali tapi Transaksi error berkali-kali walaupun tidak ada notifikasi sukses gue bingung harus lapor kemana.,suspicious_transaction
Wah Kelihatan ada stiker QR palsu yang menimpa QRIS original langsung saya laporkan.,qr_replacement
Eh Kenapa ya Nama rekening tujuan gak sama sama nama usaha apa ini aman??,identity_mismatch
Eh Saya lihat ada QR lain yang ditempel yang nempel di atas akrilik QRIS di akrilik stan saya curiga ini penipuan.,qr_replacement
Kelihatan ada kode QR yang mencurigakan yang menutupi QR code merchantnya gue curiga ini penipuan.,qr_replacement
Tempatnya bersih dan nyaman nggak masalah sih.,other
Kayaknya ada kode QR yang mencurigakan yang menimpa QRIS original di depan toko saya curiga ini penipuan.,qr_replacement
Hmm Kenapa ya Nama akun tujuan beda sama nama yang ada di plang ini fraud ya??,identity_mismatch
Hmm Feedback untuk toko: Pencahayaan toko kurang terang tapi overall oke kok.,other
Oh iya QRIS tidak bisa dipindai dan padahal uang sudah keluar pas saya scan QR-nya ini sudah kedua kalinya.,suspicious_transaction
Aneh banget QR terbaca tapi transaksi gagal saat saya coba bayar padahal uang udah keluar mohon bantuan.,suspicious_transaction
Loh Ditagih Rp1.000 lagi dengan alasan biaya layanan tanpa pemberitahuan sebelumnya.,additional_fees
Wah Kayaknya ada QR lain yang ditempel yang ditimpa di kode QR yang sah di akrilik stan tolong ditindaklanjuti.,qr_replacement
Antrian di kasir amat panjang semoga bisa lebih baik.,other
Aduh Aneh banget Pembayaran tidak berhasil pas aku scan QR-nya tapi rekening sudah didebet mohon bantuan.,suspicious_transaction
"Oh iya QRIS berjalan normal, nama rekening tujuan sesuai. Aman digunakan.",safe_confirmation
Aduh Setelah scan Nama yang muncul saat scan tidak sama dgn nama usaha jadi saya ragu mau bayar.,identity_mismatch
Eh logo QRIS jelas dan enggak rusak dan Pembayaran QRIS sukses. Sangat mudah dan cepat.,safe_confirmation
Pembayaran tidak berhasil dan saldo terpotong ganda ketika transaksi berlangsung dana saya hilang.,suspicious_transaction
Eh Diminta bayar tambahan Rp1.500 untuk biaya transaksi ini ga boleh.,additional_fees
Wah Aneh banget Pembayaran gak berhasil waktu saya coba bayar tapi rekening dah didebet tolong segera ditangani.,suspicious_transaction
Aneh banget QRIS enggak bisa dipindai waktu pembayaran diproses padahal uang sudah keluar.,suspicious_transaction
"QRIS berjalan normal, logo QRIS jelas dan gak rusak. Puas dgn layanannya.",safe_confirmation
Aneh banget Identitas merchant bukan nama tokonya sama sekali ini fraud ya?.,identity_mismatch
Wah QRIS-nya tidak asli ada QR code palsu yang menimpa QRIS original.,qr_replacement
Loh Catatan: Harga dan kualitas sebanding tapi overall oke kok.,other
Aduh Transaksi error berkali-kali dan namun saldo berkurang waktu pembayaran diproses gw bingung harus lapor kemana.,suspicious_transaction
Alhamdulillah Transaksi berhasil dan lancar. QR code tampak original.,safe_confirmation
Eh Ada kode QR yang mencurigakan mencurigakan yang nempel di atas akrilik QRIS di depan toko saya foto dulu sebagai bukti.,qr_replacement
Loh Ditagih Rp1.500 lagi dgn alasan biaya admin QRIS ini jelas melanggar aturan.,additional_fees
Nama yang muncul waktu scan nama orang bukan nama toko.,identity_mismatch
Aduh Saya mau kasih masukan: Jam buka toko tidak konsisten.,other
Aduh QRIS tidak bisa dipindai pas saya scan QR-nya padahal uang sudah keluar saya bingung harus lapor kemana.,suspicious_transaction
Aduh Saya mau kasih masukan: Lokasi toko strategis banget secara keseluruhan lumayan.,other
"Oh iya Syukurlah Pembayaran sukses tanpa masalah, nama rekening tujuan sesuai. Terpercaya tokonya.",safe_confirmation
"QRIS berjalan normal, nama merchant sesuai sama nama toko. Puas dengan layanannya.",safe_confirmation
Wah QRIS-nya tidak asli ada QR code palsu yang nempel di atas akrilik QRIS saya curiga ini penipuan.,qr_replacement
Pas scan QRIS-nya Nama merchant nama orang bukan nama toko ini fraud ya?.,identity_mismatch
Pas scan QRIS-nya Identitas merchant beda banget dari nama tokonya bikin curiga.,identity_mismatch
"Syukurlah Transaksi selesai dengan aman, nama merchant sesuai dengan nama toko. Aman digunakan.",safe_confirmation
Saya dikenai biaya ekstra dua ribu rupiah atas nama biaya sistem ini jelas melanggar aturan.,additional_fees
"QRIS berjalan normal, QRIS terlihat asli dan resmi. Aman digunakan.",safe_confirmation
Wah Aneh banget Nama akun tujuan beda sama nama yang ada di plang jadi gue ragu mau bayar.,identity_mismatch
Saya dikenai biaya ekstra Rp2.500 atas nama biaya sistem apakah ini diperbolehkan?.,additional_fees
Ditagih dua ribu rupiah lagi dengan alasan biaya transaksi saya merasa dirugikan.,additional_fees
Lho kok Nama rekening tujuan tidak sama dengan nama usaha bikin curiga?,identity_mismatch
"Hmm Syukurlah Transaksi berhasil dan lancar, nama penerima cocok dgn tokonya. Recommended deh tokonya.",safe_confirmation
Saya perhatikan Nama di layar pembayaran asing dan tidak dikenal apa mungkin QRIS-nya dipalsukan?.,identity_mismatch
Wah Kasir minta Rp2.500 sebagai biaya sistem ini jelas melanggar aturan.,additional_fees
Hmm Aneh banget QRIS tidak bisa dipindai ketika transaksi berlangsung padahal uang udah keluar dana saya hilang.,suspicious_transaction
Eh logo QRIS jelas dan tidak rusak dan Proses pembayaran mulus. Aman digunakan.,safe_confirmation
QR terbaca tapi transaksi gagal dan saldo terpotong ganda saya minta refund.,suspicious_transaction
Aduh Feedback untuk toko: Pelayanan kasirnya kurang ramah tapi overall oke kok.,other
Pengalaman saya: Harganya mahal dibanding toko lain secara keseluruhan lumayan.,other
Hmm Alhamdulillah Transaksi berhasil dan lancar. tidak ada biaya tambahan.,safe_confirmation
Wah QR terbaca tapi transaksi gagal pas saya scan QR-nya saldo terpotong ganda dana saya hilang.,suspicious_transaction
Loh Tempat parkir susah sekali.,other
Saya perhatikan Nama penerima gak cocok sama nama merchant resmi tolong dicek.,identity_mismatch
merchant terverifikasi dan Transaksi berhasil dan lancar.,safe_confirmation
"Oh iya Syukurlah Pembayaran QRIS sukses, nama merchant sesuai dengan nama toko.",safe_confirmation
Saya dikenai biaya ekstra Rp2.500 atas nama biaya admin QRIS BI melarang ini.,additional_fees
Eh Pengalaman saya: Tidak ada wifi di toko semoga bisa lebih baik.,other
Loh Aneh banget QR terbaca tapi transaksi gagal pas saya scan QR-nya namun saldo berkurang dana saya hilang.,suspicious_transaction
Ada pungutan Rp2.000 sebagai biaya sistem ini jelas melanggar aturan.,additional_fees
Eh Transaksi QRIS gagal terus waktu pembayaran diproses tapi saldo sudah terpotong ini sangat merugikan.,suspicious_transaction
Ada stiker QRIS asing mencurigakan yang menutupi QR code merchantnya di tempat pembayaran ini pasti fraud.,qr_replacement
Hmm Saya mau kasih masukan: Barang sering kehabisan stok secara keseluruhan lumayan.,other
Loh Ada stiker QR palsu mencurigakan yang menimpa QRIS original di meja kasir saya curiga ini penipuan.,qr_replacement
Wah merchant terverifikasi dan QRIS berjalan normal. Recommended deh tokonya.,safe_confirmation
Eh Pembayaran nggak berhasil waktu pembayaran diproses walaupun tidak ada notifikasi sukses ini udah kedua kalinya.,suspicious_transaction
Aduh Saya lihat ada QR code palsu yang menimpa QRIS original di akrilik stan saya curiga ini penipuan.,qr_replacement
Wah Transaksi QRIS gagal terus dan tapi saldo sudah terpotong saat saya coba bayar.,suspicious_transaction
Sudah coba berkali-kali tapi QRIS ga bisa dipindai walaupun tidak ada notifikasi sukses gw minta refund.,suspicious_transaction
Wah Sudah coba berkali-kali tapi Pembayaran gak berhasil tapi saldo sudah terpotong mohon bantuan.,suspicious_transaction
Setelah scan Nama di layar pembayaran tidak sesuai dengan nama toko tolong dicek.,identity_mismatch
Loh Ada kode QR yang mencurigakan mencurigakan yang ditempel di atas QR asli di meja kasir ini pasti fraud.,qr_replacement
Hmm Diminta bayar tambahan seribu rupiah untuk tanpa alasan jelas padahal seharusnya gratis.,additional_fees
"Oh iya Syukurlah Semua berjalan baik, nama penerima cocok dengan tokonya. Terpercaya tokonya.",safe_confirmation
Feedback untuk toko: Pencahayaan toko kurang terang.,other
Kualitas produknya bagus sekali semoga bisa lebih baik.,other
Loh Pembayaran tidak berhasil dan tapi saldo sudah terpotong saat aku coba bayar.,suspicious_transaction
Eh Ditagih Rp500 lagi sama alasan ongkos pembayaran digital ini jelas melanggar aturan.,additional_fees
Hmm Saya mau kasih masukan: Lokasi toko strategis banget tidak masalah sih.,other
Aduh Pengalaman gw: Toko agak kotor di bagian belakang secara keseluruhan lumayan.,other
Aduh Pengalaman saya: Harga dan kualitas sebanding tapi overall oke kok.,other
Eh Masnya minta Rp2.500 sebagai biaya penggunaan QRIS gue komplain tapi diabaikan.,additional_fees
Loh Transaksi error berkali-kali dan namun saldo berkurang pas saya scan QR-nya ini sudah kedua kalinya.,suspicious_transaction
Eh Ada stiker QRIS asing mencurigakan yang nempel di atas akrilik QRIS di akrilik stan ini pasti fraud.,qr_replacement
Oh iya Ada kode QR yang mencurigakan mencurigakan yang nempel di atas akrilik QRIS di meja kasir langsung aku laporkan.,qr_replacement
Eh tidak ada biaya tambahan dan QRIS berjalan normal. Terpercaya tokonya.,safe_confirmation
"Transaksi berhasil dan lancar, merchant terverifikasi. Tidak ada kendala sama sekali.",safe_confirmation
Hmm Ditagih Rp3.000 lagi dengan alasan biaya layanan apakah ini diperbolehkan?.,additional_fees
Loh Kenapa ya Nama yang muncul saat scan beda sama nama yang ada di plang tolong dicek?,identity_mismatch
Eh Setelah scan Nama pemilik rekening beda banget dari nama tokonya jadi saya ragu mau bayar.,identity_mismatch
Loh QRIS-nya tidak asli ada QR code palsu yang dipasang di atas QRIS toko langsung saya laporkan.,qr_replacement
Hmm Catatan: Harganya mahal dibanding toko lain tidak masalah sih.,other
Eh Pembayaran nggak berhasil saldo terpotong ganda tolong segera ditangani.,suspicious_transaction
Tiba-tiba ada tambahan Rp2.000 katanya tanpa alasan jelas saya merasa dirugikan.,additional_fees
Kenapa ya Nama merchant berbeda dengan nama toko yang tertera bikin curiga?,identity_mismatch
Hmm Nama di layar pembayaran gak cocok sama nama merchant resmi saya batalin aja transaksinya.,identity_mismatch
Loh Diminta bayar tambahan Rp2.000 untuk tanpa alasan jelas padahal seharusnya gratis.,additional_fees
"Aduh Berhasil bayar QRIS, QR code tampak original. Pembayaran sukses tanpa masalah. Puas dengan layanannya.",safe_confirmation
Aduh Kelihatan ada QR lain yang ditempel yang dipasang di atas QRIS toko ini pasti fraud.,qr_replacement
QRIS-nya tidak asli ada kode QR yang mencurigakan yang menutup QR code resmi saya curiga ini penipuan.,qr_replacement
Waktu mau bayar saya notice stiker QRIS baru nempel di atas akrilik QRIS di tempat pembayaran langsung saya laporkan.,qr_replacement
"Aduh Syukurlah Transaksi berhasil dan lancar, QRIS terlihat asli dan resmi. Terpercaya tokonya.",safe_confirmation
Eh QRIS tidak bisa dipindai dan saldo terpotong ganda pas saya coba bayar.,suspicious_transaction
Diminta bayar tambahan 500 perak untuk biaya layanan BI melarang ini.,additional_fees
Kayaknya ada stiker QRIS baru yang menutup QR code resmi di tempat pembayaran gue gak jadi bayar.,qr_replacement
Oh iya Transaksi error berkali-kali dan namun saldo berkurang pas aku scan QR-nya mohon bantuan.,suspicious_transaction
"Oh iya Syukurlah Proses pembayaran mulus, nama rekening tujuan sesuai. Aman digunakan.",safe_confirmation
Kayaknya ada stiker QR palsu yang menutup QR code resmi di akrilik stan aku gak jadi bayar.,qr_replacement
Diminta bayar tambahan 500 perak untuk ongkos pembayaran digital gue merasa dirugikan.,additional_fees
Loh Nama akun tujuan asing dan tidak dikenal ini fraud ya?.,identity_mismatch
Oh iya Alhamdulillah Transaksi selesai sama aman. nama rekening tujuan sesuai. Recommended deh tokonya.,safe_confirmation
Transaksi error berkali-kali dan padahal uang sudah keluar ini sudah kedua kalinya.,suspicious_transaction
Oh iya Pencahayaan toko kurang terang secara keseluruhan lumayan.,other
Loh Saya lihat ada stiker QR palsu yang menutupi QR code merchantnya di akrilik stan gw gak jadi bayar.,qr_replacement
Oh iya Kayaknya ada QR code palsu yang ditimpa di kode QR yang sah di meja kasir.,qr_replacement
Eh Sudah coba berkali-kali tapi Transaksi QRIS gagal terus walaupun tidak ada notifikasi sukses.,suspicious_transaction
Tiba-tiba ada tambahan dua ribu rupiah katanya tanpa alasan jelas BI melarang ini.,additional_fees
Wah Jam buka toko tidak konsisten secara keseluruhan lumayan.,other
Hmm Pengalaman gw: Harganya mahal dibanding toko lain.,other
Catatan: Barang sering kehabisan stok secara keseluruhan lumayan.,other
Hmm Catatan: Produknya bagus tapi packaging kurang menarik semoga bisa lebih baik.,other
Wah Tidak ada wifi di toko ga masalah sih.,other
Kayaknya ada stiker QRIS baru yang menutupi QR code merchantnya di akrilik stan saya foto dulu sebagai bukti.,qr_replacement
"Berhasil bayar QRIS, merchant terverifikasi. Pembayaran QRIS sukses.",safe_confirmation
Wah Saya lihat ada stiker QRIS asing yang nempel di atas akrilik QRIS di tempat pembayaran langsung saya laporkan.,qr_replacement
Oh iya Kayaknya ada QR lain yang ditempel yang menutup QR code resmi di meja kasir gw foto dulu sebagai bukti.,qr_replacement
Eh Kenapa ya Identitas merchant berbeda dgn nama toko yang tertera tolong dicek?,identity_mismatch
Waktu mau bayar saya notice kode QR yang mencurigakan menutup QR code resmi di depan toko saya curiga ini penipuan.,qr_replacement
Oh iya Catatan: Harganya mahal dibanding toko lain secara keseluruhan lumayan.,other
Wah Lho kok Nama penerima asing dan tidak dikenal apa mungkin QRIS-nya dipalsukan??,identity_mismatch
"Syukurlah Semua berjalan baik, nama penerima cocok dengan tokonya. Tidak ada kendala sama sekali.",safe_confirmation
Eh Tiba-tiba ada tambahan Rp5.000 katanya biaya admin QRIS saya merasa dirugikan.,additional_fees
Oh iya Sistem QRIS mengalami gangguan mencurigakan tapi rekening dah didebet gue bingung harus lapor kemana.,suspicious_transaction
Eh QRIS tidak bisa dipindai dan namun saldo berkurang saat gw coba bayar saya minta refund.,suspicious_transaction
Wah Produknya bagus tapi packaging kurang menarik semoga bisa lebih baik.,other
Oh iya Aneh banget Nama yang muncul saat scan tidak cocok dengan stiker toko jadi gw ragu mau bayar.,identity_mismatch
Oh iya Lho kok Nama rekening tujuan tidak sesuai dengan nama toko apa mungkin QRIS-nya dipalsukan??,identity_mismatch
Saya lihat ada QR code palsu yang ditempel di atas QR asli di kasir toko saya foto dulu sebagai bukti.,qr_replacement
Kelihatan ada QR code palsu yang menutupi QR code merchantnya ini pasti fraud.,qr_replacement
Oh iya Diminta bayar tambahan 500 perak untuk biaya transaksi saya merasa dirugikan.,additional_fees
Lho kok Nama yang muncul saat scan gak cocok sama nama merchant resmi tolong dicek?,identity_mismatch
Oh iya Tempatnya bersih dan nyaman tapi overall oke kok.,other
Saya perhatikan Nama penerima jauh berbeda dari nama di spanduk apa mungkin QRIS-nya dipalsukan?.,identity_mismatch
Alhamdulillah Proses pembayaran mulus. nama merchant sesuai dengan nama toko. Aman digunakan.,safe_confirmation
Eh Tiba-tiba ada tambahan Rp1.000 katanya tanpa alasan jelas tanpa pemberitahuan sebelumnya.,additional_fees
Hmm Kelihatan ada stiker QRIS asing yang menimpa QRIS original langsung gw laporkan.,qr_replacement
Oh iya nama merchant sesuai dengan nama toko dan Semua berjalan baik.,safe_confirmation
"QRIS berjalan normal, nama rekening tujuan sesuai. Sangat mudah dan cepat.",safe_confirmation
Wah Kenapa ya Nama di layar pembayaran nama orang bukan nama toko bikin curiga?,identity_mismatch
Ditagih Rp1.500 lagi dengan alasan biaya layanan gue komplain tapi diabaikan.,additional_fees
Aduh Kenapa ya Identitas merchant tidak cocok dengan stiker toko tolong dicek?,identity_mismatch
Feedback untuk toko: Tidak ada wifi di toko tapi overall oke kok.,other
Eh Waktu mau bayar saya notice stiker QRIS baru ditempel di atas QR asli di depan toko saya foto dulu sebagai bukti.,qr_replacement
Eh Kenapa ya Nama akun tujuan asing dan tidak dikenal tolong dicek?,identity_mismatch
Kayaknya ada stiker QRIS asing yang ditimpa di kode QR yang sah di depan toko langsung saya laporkan.,qr_replacement
Tiba-tiba ada tambahan dua ribu rupiah katanya ongkos pembayaran digital ini jelas melanggar aturan.,additional_fees
QR terbaca tapi transaksi gagal dan saldo terpotong ganda saat saya coba bayar mohon bantuan.,suspicious_transaction
Hmm Catatan: Barang sering kehabisan stok secara keseluruhan lumayan.,other
Ditagih Rp1.500 lagi dengan alasan tanpa alasan jelas ini tidak boleh.,additional_fees
Hmm merchant terverifikasi dan Semua berjalan baik. Puas dgn layanannya.,safe_confirmation
Kayaknya ada kode QR yang mencurigakan yang ditimpa di kode QR yang sah di tempat pembayaran langsung saya laporkan.,qr_replacement
Aduh Feedback untuk toko: Tempatnya bersih dan nyaman secara keseluruhan lumayan.,other
Saya dikenai biaya ekstra Rp1.500 atas nama tanpa alasan jelas padahal seharusnya gratis.,additional_fees
Aduh Aneh banget Pembayaran tidak berhasil saat saya coba bayar padahal uang dah keluar mohon bantuan.,suspicious_transaction
Aduh Saya mau kasih masukan: Kualitas produknya bagus sekali secara keseluruhan lumayan.,other
Eh QRIS-nya nggak asli ada QR code palsu yang menimpa QRIS original ini pasti fraud.,qr_replacement
Kayaknya ada stiker QRIS asing yang menimpa QRIS original di meja kasir.,qr_replacement
Wah Kelihatan ada stiker QRIS baru yang dipasang di atas QRIS toko.,qr_replacement
"Hmm Transaksi berhasil dan lancar, QR code tampak original. Terpercaya tokonya.",safe_confirmation
Lho kok Nama di layar pembayaran nama orang bukan nama toko apa mungkin QRIS-nya dipalsukan??,identity_mismatch
Sudah coba berkali-kali tapi Transaksi error berkali-kali namun saldo berkurang dana saya hilang.,suspicious_transaction
Wah Sistem QRIS mengalami gangguan mencurigakan dan padahal uang dah keluar waktu pembayaran diproses gue minta refund.,suspicious_transaction
Feedback untuk toko: Antrian di kasir sangat panjang tapi overall oke kok.,other
Oh iya Saya perhatikan Nama merchant bukan nama tokonya sama sekali tolong dicek.,identity_mismatch
Kayaknya ada stiker QRIS asing yang ditimpa di kode QR yang sah di akrilik stan.,qr_replacement
Lho kok Nama akun tujuan beda banget dari nama tokonya apa ini aman??,identity_mismatch
Hmm Saya lihat ada QR code palsu yang dipasang di atas QRIS toko di akrilik stan aku gak jadi bayar.,qr_replacement
Aduh Kelihatan ada QR code palsu yang ditempel di atas QR asli langsung gw laporkan.,qr_replacement
Hmm QR code tampak original dan QRIS berjalan normal. Terpercaya tokonya.,safe_confirmation
Saya mau kasih masukan: Pelayanan kasirnya kurang ramah tapi overall oke kok.,other
Eh Ada stiker QR palsu mencurigakan yang nempel di atas akrilik QRIS di kasir toko tolong ditindaklanjuti.,qr_replacement
Aneh banget Pembayaran enggak berhasil ketika transaksi berlangsung tapi rekening udah didebet ini banget merugikan.,suspicious_transaction
Hmm Kenapa ya Nama merchant nama orang bukan nama toko langsung aku laporin?,identity_mismatch
Aneh banget Nama merchant gak cocok sama nama merchant resmi langsung saya laporin.,identity_mismatch
Waktu mau bayar saya notice stiker QRIS baru ditempel di atas QR asli di tempat pembayaran langsung saya laporkan.,qr_replacement
Ada pungutan 500 perak sebagai tanpa alasan jelas.,additional_fees
Wah Si penjualnya minta Rp500 sebagai ongkos pembayaran digital ini tidak boleh.,additional_fees
Oh iya Waktu mau bayar saya notice QR lain yang ditempel ditimpa di kode QR yang sah di depan toko.,qr_replacement
Aduh Saya mau kasih masukan: Harganya mahal dibanding toko lain perlu diperbaiki.,other
Loh Sudah coba berkali-kali tapi Transaksi error berkali-kali namun saldo berkurang aku bingung harus lapor kemana.,suspicious_transaction
Diminta bayar tambahan Rp500 untuk tanpa alasan jelas padahal seharusnya gratis.,additional_fees
"Loh Syukurlah Proses pembayaran mulus, QRIS terlihat asli dan resmi. Aman digunakan.",safe_confirmation
Sudah coba berkali-kali tapi Sistem QRIS mengalami gangguan mencurigakan walaupun tidak ada notifikasi sukses dana aku hilang.,suspicious_transaction
Hmm Saya mau kasih masukan: Barang sering kehabisan stok tapi overall oke kok.,other
Hmm Mbaknya minta Rp3.000 sebagai biaya sistem ini jelas melanggar aturan.,additional_fees
Saya lihat ada QR lain yang ditempel yang menutup QR code resmi di kasir toko ini pasti fraud.,qr_replacement
Aduh Saya dikenai biaya ekstra Rp5.000 atas nama ongkos pembayaran digital ini jelas melanggar aturan.,additional_fees
Oh iya Kenapa ya Nama rekening tujuan beda sama nama yang ada di plang saya khawatir?,identity_mismatch
Hmm Aneh banget Pembayaran tidak berhasil namun saldo berkurang saya bingung harus lapor kemana.,suspicious_transaction
Aneh banget Transaksi QRIS gagal terus saldo terpotong ganda gw bingung harus lapor kemana.,suspicious_transaction
Wah Pemilik toko minta Rp5.000 sebagai biaya layanan apakah ini diperbolehkan?.,additional_fees
Hmm Sudah coba berkali-kali tapi Sistem QRIS mengalami gangguan mencurigakan padahal uang sudah keluar aku bingung harus lapor kemana.,suspicious_transaction
Loh Alhamdulillah Semua berjalan baik. merchant terverifikasi.,safe_confirmation
"Eh Syukurlah Transaksi berhasil dan lancar, merchant terverifikasi. Puas dengan layanannya.",safe_confirmation
Aduh Lho kok Nama penerima tidak sesuai dengan nama toko gw khawatir?,identity_mismatch
QR terbaca tapi transaksi gagal dan namun saldo berkurang pas saya scan QR-nya mohon bantuan.,suspicious_transaction
Aneh banget Transaksi QRIS gagal terus waktu pembayaran diproses padahal uang udah keluar saya minta refund.,suspicious_transaction
Aduh Diminta bayar tambahan seribu rupiah untuk biaya layanan BI melarang ini.,additional_fees
Eh Kayaknya ada stiker QRIS asing yang dipasang di atas QRIS toko di akrilik stan gw curiga ini penipuan.,qr_replacement
"Hmm Pembayaran QRIS sukses, merchant terverifikasi. Sangat mudah dan cepat.",safe_confirmation
Aduh Sistem QRIS mengalami gangguan mencurigakan dan tapi saldo sudah terpotong pas saya scan QR-nya tolong segera ditangani.,suspicious_transaction
Hmm Ada pungutan Rp1.500 sebagai biaya admin QRIS.,additional_fees
Waktu mau bayar gw notice QR code palsu nempel di atas akrilik QRIS di depan toko saya curiga ini penipuan.,qr_replacement
Aduh QRIS-nya tidak asli ada stiker QR palsu yang menutupi QR code merchantnya ini pasti fraud.,qr_replacement
"Hmm Berhasil bayar QRIS, nama rekening tujuan sesuai. Pembayaran QRIS sukses. Sangat mudah dan cepat.",safe_confirmation
Sudah coba berkali-kali tapi Pembayaran tidak berhasil walaupun tidak ada notifikasi sukses dana saya hilang.,suspicious_transaction
"Transaksi berhasil dan lancar, nama merchant sesuai dengan nama toko. Aman digunakan.",safe_confirmation
Pembayaran tidak berhasil tapi saldo sudah terpotong saya bingung harus lapor kemana.,suspicious_transaction
Loh QR code tampak original dan Semua berjalan baik. Sangat mudah dan cepat.,safe_confirmation
Loh Diminta bayar tambahan 500 perak untuk ongkos pembayaran digital.,additional_fees
Eh Saya perhatikan Nama penerima gak cocok sama nama merchant resmi bikin curiga.,identity_mismatch
Eh Transaksi error berkali-kali dan walaupun tidak ada notifikasi sukses saya minta refund.,suspicious_transaction
Catatan: Toko agak kotor di bagian belakang semoga bisa lebih baik.,other
merchant terverifikasi dan Transaksi selesai dengan aman. Recommended deh tokonya.,safe_confirmation
Eh Waktu mau bayar saya notice stiker QRIS asing menutup QR code resmi di depan toko.,qr_replacement
Oh iya QR code tampak original dan Semua berjalan baik. Recommended deh tokonya.,safe_confirmation
Loh tidak ada biaya tambahan dan Transaksi berhasil dan lancar. Recommended deh tokonya.,safe_confirmation
QRIS-nya tidak asli ada kode QR yang mencurigakan yang menutupi QR code merchantnya saya curiga ini penipuan.,qr_replacement
Saya perhatikan Nama merchant bukan nama tokonya sama sekali aku batalin aja transaksinya.,identity_mismatch
Saya mau kasih masukan: Produknya bagus tapi packaging kurang menarik tapi overall oke kok.,other
Aduh Setelah scan Nama yang muncul ketika scan jauh berbeda dari nama di spanduk tolong dicek.,identity_mismatch
Saya dikenai biaya ekstra Rp2.000 atas nama biaya penggunaan QRIS.,additional_fees
nama penerima cocok dengan tokonya dan Transaksi berhasil dan lancar. Sangat mudah dan cepat.,safe_confirmation
Ada stiker QRIS asing mencurigakan yang menutup QR code resmi di kasir toko aku curiga ini penipuan.,qr_replacement
Aneh banget Nama akun tujuan beda sama nama yang ada di plang apa mungkin QRIS-nya dipalsukan?.,identity_mismatch
"Oh iya Berhasil bayar QRIS, merchant terverifikasi. Semua berjalan baik.",safe_confirmation
Pengalaman saya: Produknya bagus tapi packaging kurang menarik tapi overall oke kok.,other
Oh iya Aneh banget Nama di layar pembayaran gak sesuai dengan nama toko saya khawatir.,identity_mismatch
Nama penerima beda sama nama yang ada di plang bikin curiga.,identity_mismatch
Saya lihat ada stiker QRIS asing yang menutup QR code resmi di meja kasir saya gak jadi bayar.,qr_replacement
Tiba-tiba ada tambahan Rp5.000 katanya biaya layanan tanpa pemberitahuan sebelumnya.,additional_fees
Wah Penjual minta Rp1.000 sebagai biaya sistem saya merasa dirugikan.,additional_fees
Aduh Transaksi QRIS gagal terus dan walaupun tidak ada notifikasi sukses ketika transaksi berlangsung tolong segera ditangani.,suspicious_transaction
"Berhasil bayar QRIS, QRIS terlihat asli dan resmi. Transaksi selesai dengan aman. Puas dengan layanannya.",safe_confirmation
Loh Saya lihat ada QR code palsu yang nempel di atas akrilik QRIS di meja kasir saya foto dulu sebagai bukti.,qr_replacement
"Berhasil bayar QRIS, nama rekening tujuan sesuai. Pembayaran QRIS sukses. Tidak ada kendala sama sekali.",safe_confirmation
Loh Kenapa ya Identitas merchant beda sama nama yang ada di plang jadi saya ragu mau bayar?,identity_mismatch
Eh Pas scan QRIS-nya Nama yang muncul saat scan asing dan nggak dikenal bikin curiga.,identity_mismatch
Saya mau kasih masukan: Harga dan kualitas sebanding perlu diperbaiki.,other
Eh Pengalaman saya: Lokasi toko strategis banget secara keseluruhan lumayan.,other
Oh iya Sudah coba berkali-kali tapi Transaksi QRIS gagal terus tapi rekening sudah didebet saya minta refund.,suspicious_transaction
Aneh banget Sistem QRIS mengalami gangguan mencurigakan ketika transaksi berlangsung walaupun tidak ada notifikasi sukses tolong segera ditangani.,suspicious_transaction
Loh nama penerima cocok dengan tokonya dan Transaksi selesai dengan aman. Puas dengan layanannya.,safe_confirmation
Wah Sistem QRIS mengalami gangguan mencurigakan padahal uang sudah keluar tolong segera ditangani.,suspicious_transaction
Hmm Sudah coba berkali-kali tapi QR terbaca tapi transaksi gagal namun saldo berkurang tolong segera ditangani.,suspicious_transaction
Hmm Feedback untuk toko: Lokasi toko strategis banget secara keseluruhan lumayan.,other
Wah Pas scan QRIS-nya Nama akun tujuan berbeda dengan nama toko yang tertera tolong dicek.,identity_mismatch
"Pembayaran QRIS sukses, QR code tampak original.",safe_confirmation
Kasir minta Rp2.000 sebagai ongkos pembayaran digital ini jelas melanggar aturan.,additional_fees
Saya perhatikan Nama rekening tujuan jauh berbeda dari nama di spanduk apa ini aman?.,identity_mismatch
Loh Aneh banget Sistem QRIS mengalami gangguan mencurigakan pas gue scan QR-nya padahal uang sudah keluar.,suspicious_transaction
Wah Toko agak kotor di bagian belakang semoga bisa lebih baik.,other
Aneh banget Nama merchant bukan nama tokonya sama sekali tolong dicek.,identity_mismatch
Oh iya Aneh banget Nama penerima tidak cocok dengan stiker toko tolong dicek.,identity_mismatch
Eh Saya lihat ada kode QR yang mencurigakan yang ditempel di atas QR asli di kasir toko saya gak jadi bayar.,qr_replacement
QRIS-nya tidak asli ada kode QR yang mencurigakan yang ditimpa di kode QR yang sah gue foto dulu sebagai bukti.,qr_replacement
Saya dikenai biaya ekstra 500 perak atas nama ongkos pembayaran digital ini jelas melanggar aturan.,additional_fees
Wah Diminta bayar tambahan dua ribu rupiah untuk biaya transaksi saya merasa dirugikan.,additional_fees
Aduh Feedback untuk toko: Antrian di kasir sangat panjang semoga bisa lebih baik.,other
Eh Saya dikenai biaya ekstra Rp2.500 atas nama biaya penggunaan QRIS aku merasa dirugikan.,additional_fees
Lho kok Nama rekening tujuan beda banget dari nama tokonya jadi saya ragu mau bayar?,identity_mismatch
"Oh iya Syukurlah Semua berjalan baik, QRIS terlihat asli dan resmi. Puas dengan layanannya.",safe_confirmation
Sistem QRIS mengalami gangguan mencurigakan saat saya coba bayar padahal uang udah keluar saya minta refund.,suspicious_transaction
Masnya minta Rp2.500 sebagai biaya admin QRIS saya merasa dirugikan.,additional_fees
Wah Ada kode QR yang mencurigakan mencurigakan yang menutupi QR code merchantnya di tempat pembayaran ini pasti fraud.,qr_replacement
Eh Sudah coba berkali-kali tapi Sistem QRIS mengalami gangguan mencurigakan namun saldo berkurang aku minta refund.,suspicious_transaction
Wah Ada pungutan Rp1.500 sebagai biaya admin QRIS padahal seharusnya gratis.,additional_fees
Loh Waktu mau bayar saya notice QR lain yang ditempel nempel di atas akrilik QRIS di tempat pembayaran langsung saya laporkan.,qr_replacement
Aduh Diminta bayar tambahan Rp5.000 untuk tanpa alasan jelas ini jelas melanggar aturan.,additional_fees
Kayaknya ada kode QR yang mencurigakan yang ditempel di atas QR asli di depan toko gw gak jadi bayar.,qr_replacement
Pembayaran tidak berhasil padahal uang sudah keluar ini sangat merugikan.,suspicious_transaction
Aduh Saya lihat ada stiker QRIS asing yang ditempel di atas QR asli di tempat pembayaran langsung saya laporkan.,qr_replacement
Diminta bayar tambahan Rp3.000 untuk biaya transaksi BI melarang ini.,additional_fees
Hmm Pengalaman gw: Tempat parkir susah sekali tidak masalah sih.,other
Feedback untuk toko: Harga dan kualitas sebanding perlu diperbaiki.,other
Ada pungutan seribu rupiah sebagai biaya sistem apakah ini diperbolehkan?.,additional_fees
Setelah scan Nama di layar pembayaran berbeda dengan nama toko yang tertera langsung saya laporin.,identity_mismatch
Lho kok Nama rekening tujuan beda banget dari nama tokonya saya khawatir?,identity_mismatch
Pengalaman gw: Barang sering kehabisan stok perlu diperbaiki.,other
Pengalaman saya: Toko terlalu ramai dan sempit semoga bisa lebih baik.,other
Eh Pemilik toko minta Rp1.500 sebagai biaya sistem tanpa pemberitahuan sebelumnya.,additional_fees
Loh Alhamdulillah Semua berjalan baik. tidak ada biaya tambahan.,safe_confirmation
Hmm Ada stiker QRIS baru mencurigakan yang ditempel di atas QR asli di meja kasir saya curiga ini penipuan.,qr_replacement
Wah Saya perhatikan Identitas merchant berbeda dengan nama toko yang tertera tolong dicek.,identity_mismatch
Oh iya Pengalaman gue: Pencahayaan toko kurang terang.,other
Hmm Alhamdulillah Proses pembayaran mulus. nama penerima cocok dengan tokonya. Tidak ada kendala sama sekali.,safe_confirmation
Eh Saya mau kasih masukan: Jam buka toko tidak konsisten tapi overall oke kok.,other
"Wah Berhasil bayar QRIS, tidak ada biaya tambahan. Transaksi berhasil dan lancar. Puas dengan layanannya.",safe_confirmation
Aduh Catatan: Lokasi toko strategis banget secara keseluruhan lumayan.,other
Aduh Kelihatan ada QR code palsu yang ditempel di atas QR asli ini pasti fraud.,qr_replacement
Oh iya Saya dikenai biaya ekstra Rp3.000 atas nama tanpa alasan jelas.,additional_fees
Aduh Pas scan QRIS-nya Identitas merchant berbeda dengan nama toko yang tertera apa mungkin QRIS-nya dipalsukan?.,identity_mismatch
Wah Feedback untuk toko: Produknya bagus tapi packaging kurang menarik.,other
Hmm Pas scan QRIS-nya Nama yang muncul saat scan jauh berbeda dari nama di spanduk ini fraud ya?.,identity_mismatch
"Transaksi selesai dengan aman, nama merchant sesuai dengan nama toko. Aman digunakan.",safe_confirmation
Diminta bayar tambahan Rp3.000 untuk biaya admin QRIS ini tidak boleh.,additional_fees
Loh Ada pungutan dua ribu rupiah sebagai ongkos pembayaran digital padahal seharusnya gratis.,additional_fees
"Berhasil bayar QRIS, nama merchant sesuai dengan nama toko. Pembayaran sukses tanpa masalah.",safe_confirmation
Hmm Diminta bayar tambahan Rp2.500 untuk biaya layanan apakah ini diperbolehkan?.,additional_fees
logo QRIS jelas dan nggak rusak dan Transaksi selesai dgn aman. Puas dengan layanannya.,safe_confirmation
Waktu mau bayar gw notice stiker QRIS baru menutupi QR code merchantnya di tempat pembayaran saya gak jadi bayar.,qr_replacement
Wah Alhamdulillah Pembayaran QRIS sukses. merchant terverifikasi. Aman digunakan.,safe_confirmation
"Wah Syukurlah Pembayaran sukses tanpa masalah, logo QRIS jelas dan enggak rusak. Puas dgn layanannya.",safe_confirmation
Sistem QRIS mengalami gangguan mencurigakan dan namun saldo berkurang pas gue scan QR-nya tolong segera ditangani.,suspicious_transaction
Ada pungutan Rp1.500 sebagai biaya admin QRIS saya komplain tapi diabaikan.,additional_fees
Aduh Pengalaman saya: AC di dalam toko terlalu dingin.,other
Eh Sudah coba berkali-kali tapi QRIS tidak bisa dipindai walaupun tidak ada notifikasi sukses dana saya hilang.,suspicious_transaction
Kelihatan ada stiker QRIS asing yang ditempel di atas QR asli.,qr_replacement
Feedback untuk toko: Harga dan kualitas sebanding tapi overall oke kok.,other
Loh Feedback untuk toko: Lokasi toko strategis banget secara keseluruhan lumayan.,other
Oh iya Lho kok Nama penerima asing dan tidak dikenal?,identity_mismatch
Oh iya Alhamdulillah Proses pembayaran mulus. QRIS terlihat asli dan resmi. Sangat mudah dan cepat.,safe_confirmation
Eh Waktu mau bayar gue notice kode QR yang mencurigakan menimpa QRIS original di tempat pembayaran tolong ditindaklanjuti.,qr_replacement
Wah Feedback untuk toko: Lokasi toko strategis banget tapi overall oke kok.,other
Eh Kayaknya ada stiker QRIS baru yang nempel di atas akrilik QRIS di akrilik stan saya foto dulu sebagai bukti.,qr_replacement
"Hmm Berhasil bayar QRIS, tidak ada biaya tambahan. Semua berjalan baik. Sangat mudah dan cepat.",safe_confirmation
Wah Ada pungutan seribu rupiah sebagai biaya sistem apakah ini diperbolehkan?.,additional_fees
Jam buka toko tidak konsisten perlu diperbaiki.,other
Saya dikenai biaya ekstra Rp500 atas nama biaya sistem BI melarang ini.,additional_fees
Pembayaran tidak berhasil dan tapi rekening sudah didebet ketika transaksi berlangsung ini sudah kedua kalinya.,suspicious_transaction
Aneh banget Identitas merchant berbeda dengan nama toko yang tertera tolong dicek.,identity_mismatch
Oh iya Kelihatan ada QR code palsu yang menutup QR code resmi saya curiga ini penipuan.,qr_replacement
Setelah scan Nama pemilik rekening beda sama nama yang ada di plang.,identity_mismatch
Oh iya Alhamdulillah Pembayaran sukses tanpa masalah. nama penerima cocok dengan tokonya. Terpercaya tokonya.,safe_confirmation
Feedback untuk toko: Pencahayaan toko kurang terang tidak masalah sih.,other
Hmm Ditagih Rp1.000 lagi dgn alasan biaya layanan gue komplain tapi diabaikan.,additional_fees
QRIS-nya tidak asli ada kode QR yang mencurigakan yang dipasang di atas QRIS toko ini pasti fraud.,qr_replacement
"Berhasil bayar QRIS, logo QRIS jelas dan tidak rusak. Transaksi selesai dengan aman.",safe_confirmation
Saya dikenai biaya ekstra 500 perak atas nama biaya admin QRIS gue merasa dirugikan.,additional_fees
Wah Ada stiker QRIS baru mencurigakan yang menutup QR code resmi di akrilik stan.,qr_replacement
Hmm Diminta bayar tambahan Rp1.000 untuk biaya layanan tanpa pemberitahuan sebelumnya.,additional_fees
Aduh QRIS-nya tidak asli ada QR code palsu yang ditempel di atas QR asli saya gak jadi bayar.,qr_replacement
QRIS enggak bisa dipindai pas saya scan QR-nya namun saldo berkurang ini sudah kedua kalinya.,suspicious_transaction
Wah Lho kok Nama penerima bukan nama tokonya sama sekali?,identity_mismatch
Toko agak kotor di bagian belakang semoga bisa lebih baik.,other
Loh Pengalaman saya: Antrian di kasir sangat panjang secara keseluruhan lumayan.,other
Ditagih Rp5.000 lagi dengan alasan biaya transaksi.,additional_fees
Loh Kayaknya ada stiker QRIS baru yang menimpa QRIS original di kasir toko.,qr_replacement
Aneh banget QRIS tidak bisa dipindai walaupun tidak ada notifikasi sukses saya minta refund.,suspicious_transaction
Feedback untuk toko: Produknya bagus tapi packaging kurang menarik.,other
Hmm Sudah coba berkali-kali tapi QRIS gak bisa dipindai walaupun tidak ada notifikasi sukses saya bingung harus lapor kemana.,suspicious_transaction
Loh Ditagih Rp3.000 lagi dengan alasan biaya sistem tanpa pemberitahuan sebelumnya.,additional_fees
Loh Saya dikenai biaya ekstra Rp1.000 atas nama ongkos pembayaran digital padahal seharusnya gratis.,additional_fees
Ditagih dua ribu rupiah lagi sama alasan biaya sistem ini jelas melanggar aturan.,additional_fees
Tempat parkir susah sekali.,other
Sudah coba berkali-kali tapi Pembayaran tidak berhasil namun saldo berkurang gue minta refund.,suspicious_transaction
Feedback untuk toko: Antrian di kasir sangat panjang tapi overall oke kok.,other
Hmm Lho kok Nama pemilik rekening beda sama nama yang ada di plang langsung gw laporin?,identity_mismatch
Catatan: Lokasi toko strategis banget semoga bisa lebih baik.,other
Hmm Pembayaran tidak berhasil waktu pembayaran diproses padahal uang sudah keluar saya bingung harus lapor kemana.,suspicious_transaction
Eh Setelah scan Nama pemilik rekening berbeda dengan nama toko yang tertera bikin curiga.,identity_mismatch
Aduh Alhamdulillah Proses pembayaran mulus. nama rekening tujuan sesuai. Sangat mudah dan cepat.,safe_confirmation
Hmm Catatan: Pelayanan kasirnya kurang ramah semoga bisa lebih baik.,other
Hmm Saya dikenai biaya ekstra dua ribu rupiah atas nama biaya sistem ini enggak boleh.,additional_fees
Eh Sudah coba berkali-kali tapi Pembayaran ga berhasil namun saldo berkurang ini banget merugikan.,suspicious_transaction
Loh Kenapa ya Nama di layar pembayaran beda sama nama yang ada di plang?,identity_mismatch
Oh iya Ditagih Rp3.000 lagi dengan alasan tanpa alasan jelas ini tidak boleh.,additional_fees
"Transaksi berhasil dan lancar, nama merchant sesuai sama nama toko. Terpercaya tokonya.",safe_confirmation
Loh Saya mau kasih masukan: Harganya mahal dibanding toko lain gak masalah sih.,other
"Transaksi berhasil dan lancar, QRIS terlihat asli dan resmi.",safe_confirmation
QRIS-nya nggak asli ada QR lain yang ditempel yang ditimpa di kode QR yang sah tolong ditindaklanjuti.,qr_replacement
Feedback untuk toko: Barang sering kehabisan stok semoga bisa lebih baik.,other
Catatan: AC di dalam toko terlalu dingin secara keseluruhan lumayan.,other
Aduh Pengalaman saya: Toko terlalu ramai dan sempit secara keseluruhan lumayan.,other
Kayaknya ada QR code palsu yang menutup QR code resmi di kasir toko.,qr_replacement
Nama akun tujuan tidak cocok dengan stiker toko apa ini aman?.,identity_mismatch
Hmm Catatan: AC di dalam toko terlalu dingin ga masalah sih.,other
Saya lihat ada QR code palsu yang menutupi QR code merchantnya di akrilik stan gue gak jadi bayar.,qr_replacement
Feedback untuk toko: Tempatnya bersih dan nyaman secara keseluruhan lumayan.,other
Feedback untuk toko: Toko terlalu ramai dan sempit secara keseluruhan lumayan.,other
Wah Tempatnya bersih dan nyaman tidak masalah sih.,other
"Aduh Syukurlah Semua berjalan baik, QR code tampak original.",safe_confirmation
"Syukurlah Pembayaran QRIS sukses, QR code tampak original. Aman digunakan.",safe_confirmation
Kayaknya ada stiker QR palsu yang menimpa QRIS original di tempat pembayaran saya curiga ini penipuan.,qr_replacement
Aduh QRIS-nya gak asli ada kode QR yang mencurigakan yang dipasang di atas QRIS toko saya gak jadi bayar.,qr_replacement
Pembayaran tidak berhasil dan tapi rekening sudah didebet ini sudah kedua kalinya.,suspicious_transaction
Aduh Feedback untuk toko: Lokasi toko strategis banget tapi overall oke kok.,other
Loh Waktu mau bayar aku notice stiker QRIS asing nempel di atas akrilik QRIS di meja kasir saya curiga ini penipuan.,qr_replacement
Pengalaman gue: Pencahayaan toko kurang terang secara keseluruhan lumayan.,other
Loh Pembayaran tidak berhasil pas saya scan QR-nya saldo terpotong ganda tolong segera ditangani.,suspicious_transaction
Eh Ada pungutan Rp3.000 sebagai biaya transaksi.,additional_fees
Eh QRIS gak bisa dipindai dan namun saldo berkurang .,suspicious_transaction
Oh iya Saya lihat ada QR lain yang ditempel yang menimpa QRIS original di depan toko gue foto dulu sebagai bukti.,qr_replacement
Transaksi QRIS gagal terus dan tapi rekening sudah didebet saat aku coba bayar mohon bantuan.,suspicious_transaction
Eh Kenapa ya Nama di layar pembayaran tidak sesuai dengan nama toko aku khawatir?,identity_mismatch
Oh iya Kelihatan ada kode QR yang mencurigakan yang dipasang di atas QRIS toko langsung saya laporkan.,qr_replacement
Eh Lho kok Nama yang muncul ketika scan tidak cocok dengan stiker toko langsung saya laporin?,identity_mismatch
Eh QR terbaca tapi transaksi gagal pas aku scan QR-nya saldo terpotong ganda saya minta refund.,suspicious_transaction
Loh Alhamdulillah Pembayaran sukses tanpa masalah. nama merchant sesuai dengan nama toko. Aman digunakan.,safe_confirmation
Wah Catatan: Kualitas produknya bagus sekali tidak masalah sih.,other
Feedback untuk toko: Tidak ada wifi di toko tapi overall oke kok.,other
Lho kok Nama merchant bukan nama tokonya sama sekali saya khawatir?,identity_mismatch
"Berhasil bayar QRIS, QR code tampak original. QRIS berjalan normal.",safe_confirmation
Hmm Saya mau kasih masukan: Lokasi toko strategis banget tidak masalah sih.,other
Kenapa ya Nama pemilik rekening jauh berbeda dari nama di spanduk saya batalin aja transaksinya?,identity_mismatch
Loh Kelihatan ada stiker QR palsu yang dipasang di atas QRIS toko saya curiga ini penipuan.,qr_replacement
Eh Pengalaman aku: Antrian di kasir sangat panjang semoga bisa lebih baik.,other
Transaksi error berkali-kali dan padahal uang sudah keluar pas gue coba bayar mohon bantuan.,suspicious_transaction
"Wah Berhasil bayar QRIS, QR code tampak original. Pembayaran sukses tanpa masalah. Puas dengan layanannya.",safe_confirmation
Eh Sistem QRIS mengalami gangguan mencurigakan dan walaupun tidak ada notifikasi sukses saat saya coba bayar ini sangat merugikan.,suspicious_transaction
Aduh Saya lihat ada QR code palsu yang menutupi QR code merchantnya di tempat pembayaran langsung saya laporkan.,qr_replacement
Toko agak kotor di bagian belakang.,other
Oh iya Pengalaman saya: Tempat parkir susah sekali tidak masalah sih.,other
Feedback untuk toko: Harganya mahal dibanding toko lain semoga bisa lebih baik.,other
Hmm Aneh banget Nama akun tujuan asing dan enggak dikenal apa mungkin QRIS-nya dipalsukan?.,identity_mismatch
Saya mau kasih masukan: Pelayanan kasirnya kurang ramah secara keseluruhan lumayan.,other
Hmm Saya lihat ada stiker QRIS asing yang nempel di atas akrilik QRIS di meja kasir saya curiga ini penipuan.,qr_replacement
"QRIS berjalan normal, tidak ada biaya tambahan. Tidak ada kendala sama sekali.",safe_confirmation
Wah Pengalaman saya: Harganya mahal dibanding toko lain secara keseluruhan lumayan.,other
Loh Lho kok Nama di layar pembayaran tidak sesuai dengan nama toko ini fraud ya??,identity_mismatch
Aduh QR terbaca tapi transaksi gagal saat saya coba bayar tapi rekening dah didebet tolong segera ditangani.,suspicious_transaction
Aduh Ada kode QR yang mencurigakan mencurigakan yang menutupi QR code merchantnya di tempat pembayaran.,qr_replacement
Catatan: Pelayanan kasirnya kurang ramah perlu diperbaiki.,other
Loh Ada stiker QRIS baru mencurigakan yang menutupi QR code merchantnya di depan toko ini pasti fraud.,qr_replacement
Oh iya Sudah coba berkali-kali tapi Pembayaran tidak berhasil saldo terpotong ganda dana gw hilang.,suspicious_transaction
Ada pungutan Rp2.500 sebagai biaya transaksi.,additional_fees
Wah Saya lihat ada kode QR yang mencurigakan yang menutupi QR code merchantnya di depan toko gw curiga ini penipuan.,qr_replacement
Sudah coba berkali-kali tapi QRIS tidak bisa dipindai namun saldo berkurang tolong segera ditangani.,suspicious_transaction
Oh iya Mbaknya minta Rp1.500 sebagai ongkos pembayaran digital ini tidak boleh.,additional_fees
Hmm Tiba-tiba ada tambahan Rp2.000 katanya biaya transaksi saya komplain tapi diabaikan.,additional_fees
Oh iya Pengalaman saya: Toko agak kotor di bagian belakang.,other
Hmm Kayaknya ada stiker QR palsu yang menimpa QRIS original di meja kasir.,qr_replacement
Pembayaran nggak berhasil dan tapi rekening sudah didebet ketika transaksi berlangsung tolong segera ditangani.,suspicious_transaction
Catatan: Antrian di kasir sangat panjang semoga bisa lebih baik.,other
Pas scan QRIS-nya Nama rekening tujuan nggak cocok dengan stiker toko apa mungkin QRIS-nya dipalsukan?.,identity_mismatch
Hmm Nama merchant gak cocok sama nama merchant resmi saya khawatir.,identity_mismatch
Eh Feedback untuk toko: Jam buka toko gak konsisten tidak masalah sih.,other
Kenapa ya Nama rekening tujuan nama orang bukan nama toko bikin curiga?,identity_mismatch
Produknya bagus tapi packaging kurang menarik secara keseluruhan lumayan.,other
Ada stiker QR palsu mencurigakan yang menutup QR code resmi di meja kasir ini pasti fraud.,qr_replacement
Aduh Sudah coba berkali-kali tapi QRIS tidak bisa dipindai walaupun tidak ada notifikasi sukses mohon bantuan.,suspicious_transaction
Feedback untuk toko: AC di dalam toko terlalu dingin tapi overall oke kok.,other
Eh Saya lihat ada stiker QRIS asing yang nempel di atas akrilik QRIS di tempat pembayaran ini pasti fraud.,qr_replacement
Aneh banget Nama akun tujuan nama orang bukan nama toko bikin curiga.,identity_mismatch
Transaksi error berkali-kali dan tapi rekening udah didebet waktu pembayaran diproses tolong segera ditangani.,suspicious_transaction
Kelihatan ada QR code palsu yang ditempel di atas QR asli langsung gue laporkan.,qr_replacement
Wah Alhamdulillah QRIS berjalan normal. QR code tampak original. Tidak ada kendala sama sekali.,safe_confirmation
Saya lihat ada kode QR yang mencurigakan yang ditimpa di kode QR yang sah di akrilik stan langsung saya laporkan.,qr_replacement
Loh Pas scan QRIS-nya Nama rekening tujuan gak cocok sama nama merchant resmi saya khawatir.,identity_mismatch
Aduh Sudah coba berkali-kali tapi Transaksi error berkali-kali padahal uang sudah keluar saya bingung harus lapor kemana.,suspicious_transaction
Sudah coba berkali-kali tapi Transaksi QRIS gagal terus tapi rekening sudah didebet ini sangat merugikan.,suspicious_transaction
Loh Waktu mau bayar saya notice QR lain yang ditempel dipasang di atas QRIS toko di akrilik stan saya curiga ini penipuan.,qr_replacement
Oh iya Penjual minta Rp1.500 sebagai tanpa alasan jelas gw merasa dirugikan.,additional_fees
Eh Saya dikenai biaya ekstra Rp1.000 atas nama biaya penggunaan QRIS.,additional_fees
Saya dikenai biaya ekstra 500 perak atas nama biaya sistem tanpa pemberitahuan sebelumnya.,additional_fees
Loh Aneh banget Nama rekening tujuan tidak sesuai dengan nama toko apa mungkin QRIS-nya dipalsukan?.,identity_mismatch
Sudah coba berkali-kali tapi Transaksi QRIS gagal terus saldo terpotong ganda ini sangat merugikan.,suspicious_transaction
Pengalaman saya: Tempatnya bersih dan nyaman perlu diperbaiki.,other
"Oh iya Pembayaran sukses tanpa masalah, nama penerima cocok dengan tokonya. Tidak ada kendala sama sekali.",safe_confirmation
Feedback untuk toko: Tempat parkir susah sekali.,other
Aneh banget Transaksi error berkali-kali saat gw coba bayar walaupun tidak ada notifikasi sukses dana saya hilang.,suspicious_transaction
Oh iya Ada pungutan Rp5.000 sebagai biaya penggunaan QRIS padahal seharusnya gratis.,additional_fees
Hmm QRIS-nya tidak asli ada kode QR yang mencurigakan yang ditempel di atas QR asli ini pasti fraud.,qr_replacement
Diminta bayar tambahan Rp2.500 untuk biaya transaksi gw merasa dirugikan.,additional_fees
Aduh Saya perhatikan Nama akun tujuan ga sesuai dgn nama toko apa mungkin QRIS-nya dipalsukan?.,identity_mismatch
Waktu mau bayar aku notice stiker QR palsu nempel di atas akrilik QRIS di akrilik stan saya gak jadi bayar.,qr_replacement
"Syukurlah Proses pembayaran mulus, QRIS terlihat asli dan resmi. Terpercaya tokonya.",safe_confirmation
Saya mau kasih masukan: AC di dalam toko terlalu dingin.,other
Wah Aneh banget Sistem QRIS mengalami gangguan mencurigakan ketika transaksi berlangsung tapi rekening sudah didebet ini amat merugikan.,suspicious_transaction
"Berhasil bayar QRIS, QRIS terlihat asli dan resmi. Pembayaran sukses tanpa masalah. Aman digunakan.",safe_confirmation
Eh Lho kok Nama rekening tujuan gak cocok sama nama merchant resmi saya khawatir?,identity_mismatch
Loh QR terbaca tapi transaksi gagal dan namun saldo berkurang ketika transaksi berlangsung mohon bantuan.,suspicious_transaction
Hmm Pas scan QRIS-nya Nama rekening tujuan nggak cocok dengan stiker toko.,identity_mismatch
Oh iya Lho kok Nama yang muncul pas scan beda banget dari nama tokonya apa ini aman??,identity_mismatch
Eh Catatan: Barang sering kehabisan stok secara keseluruhan lumayan.,other
"Wah Syukurlah Semua berjalan baik, nama rekening tujuan sesuai. Tidak ada kendala sama sekali.",safe_confirmation
Aduh Sudah coba berkali-kali tapi Sistem QRIS mengalami gangguan mencurigakan namun saldo berkurang ini sudah kedua kalinya.,suspicious_transaction
"Hmm Syukurlah Transaksi berhasil dan lancar, QR code tampak original. Terpercaya tokonya.",safe_confirmation
Tiba-tiba ada tambahan Rp1.500 katanya ongkos pembayaran digital BI melarang ini.,additional_fees
Aduh Ada kode QR yang mencurigakan mencurigakan yang ditempel di atas QR asli di tempat pembayaran saya curiga ini penipuan.,qr_replacement
Eh Sistem QRIS mengalami gangguan mencurigakan ketika transaksi berlangsung tapi saldo sudah terpotong ini sudah kedua kalinya.,suspicious_transaction
Aduh Saya mau kasih masukan: Pencahayaan toko kurang terang secara keseluruhan lumayan.,other
Wah Lho kok Nama akun tujuan beda banget dari nama tokonya ini fraud ya??,identity_mismatch
QRIS-nya ga asli ada stiker QRIS asing yang ditimpa di kode QR yang sah saya foto dulu sebagai bukti.,qr_replacement
Hmm Penjual minta seribu rupiah sebagai tanpa alasan jelas saya merasa dirugikan.,additional_fees
Aduh Saya perhatikan Nama rekening tujuan asing dan tidak dikenal langsung saya laporin.,identity_mismatch
Eh Ada pungutan Rp3.000 sebagai biaya penggunaan QRIS BI melarang ini.,additional_fees
Penjual minta Rp500 sebagai biaya sistem gw komplain tapi diabaikan.,additional_fees
Aduh Lho kok Nama merchant gak cocok sama nama merchant resmi?,identity_mismatch
Wah Saya dikenai biaya ekstra Rp2.000 atas nama biaya admin QRIS saya komplain tapi diabaikan.,additional_fees
QRIS-nya tidak asli ada stiker QRIS asing yang menutupi QR code merchantnya tolong ditindaklanjuti.,qr_replacement
"Proses pembayaran mulus, logo QRIS jelas dan tidak rusak. Aman digunakan.",safe_confirmation
Loh Ditagih dua ribu rupiah lagi dengan alasan biaya admin QRIS padahal seharusnya gratis.,additional_fees
Eh QRIS tidak bisa dipindai dan namun saldo berkurang dana aku hilang.,suspicious_transaction
"Aduh Berhasil bayar QRIS, QRIS terlihat asli dan resmi. Transaksi berhasil dan lancar. Recommended deh tokonya.",safe_confirmation
Lho kok Nama rekening tujuan beda sama nama yang ada di plang apa ini aman??,identity_mismatch
Transaksi QRIS gagal terus dan namun saldo berkurang saat aku coba bayar ini sangat merugikan.,suspicious_transaction
Hmm Saya dikenai biaya ekstra Rp5.000 atas nama biaya layanan ini nggak boleh.,additional_fees
Ditagih 500 perak lagi dgn alasan biaya admin QRIS saya merasa dirugikan.,additional_fees
Nama merchant gak cocok sama nama merchant resmi apa mungkin QRIS-nya dipalsukan?.,identity_mismatch
Aduh Pembayaran nggak berhasil dan padahal uang dah keluar ketika transaksi berlangsung tolong segera ditangani.,suspicious_transaction
Oh iya Tempatnya bersih dan nyaman semoga bisa lebih baik.,other
Oh iya Kenapa ya Nama merchant ga sama dengan nama usaha apa ini aman??,identity_mismatch
Wah Tiba-tiba ada tambahan Rp5.000 katanya biaya admin QRIS tanpa pemberitahuan sebelumnya.,additional_fees
Wah QR terbaca tapi transaksi gagal dan tapi saldo sudah terpotong ketika transaksi berlangsung mohon bantuan.,suspicious_transaction
"Berhasil bayar QRIS, nama merchant sesuai dengan nama toko. Pembayaran sukses tanpa masalah. Aman digunakan.",safe_confirmation
Eh Waktu mau bayar saya notice stiker QR palsu ditempel di atas QR asli di depan toko.,qr_replacement
Hmm Transaksi QRIS gagal terus ketika transaksi berlangsung tapi saldo udah terpotong tolong segera ditangani.,suspicious_transaction
Hmm Barang sering kehabisan stok semoga bisa lebih baik.,other
Sudah coba berkali-kali tapi Transaksi QRIS gagal terus namun saldo berkurang ini sangat merugikan.,suspicious_transaction
Loh Masnya minta seribu rupiah sebagai biaya admin QRIS aku merasa dirugikan.,additional_fees
"Wah Berhasil bayar QRIS, nama merchant sesuai sama nama toko. Transaksi selesai dengan aman. Puas dengan layanannya.",safe_confirmation
Pengalaman saya: Toko agak kotor di bagian belakang tapi overall oke kok.,other
Loh Aneh banget Transaksi error berkali-kali pas aku scan QR-nya walaupun gak ada notifikasi sukses tolong segera ditangani.,suspicious_transaction
Aneh banget Nama yang muncul saat scan nama orang bukan nama toko bikin curiga.,identity_mismatch
Oh iya Harganya mahal dibanding toko lain.,other
Saya lihat ada stiker QR palsu yang ditempel di atas QR asli di meja kasir langsung saya laporkan.,qr_replacement
Aduh Si penjualnya minta Rp3.000 sebagai tanpa alasan jelas BI melarang ini.,additional_fees
Diminta bayar tambahan Rp500 untuk biaya admin QRIS apakah ini diperbolehkan?.,additional_fees
Ada pungutan Rp2.500 sebagai biaya sistem saya merasa dirugikan.,additional_fees
Ada kode QR yang mencurigakan mencurigakan yang menutupi QR code merchantnya di meja kasir gue curiga ini penipuan.,qr_replacement
"Loh Berhasil bayar QRIS, QR code tampak original. Pembayaran QRIS sukses.",safe_confirmation
Oh iya Catatan: Harga dan kualitas sebanding semoga bisa lebih baik.,other
"Aduh Syukurlah Transaksi selesai dengan aman, QRIS terlihat asli dan resmi. Terpercaya tokonya.",safe_confirmation
Wah Transaksi QRIS gagal terus dan tapi saldo udah terpotong waktu pembayaran diproses mohon bantuan.,suspicious_transaction
Loh Transaksi error berkali-kali dan padahal uang sudah keluar waktu pembayaran diproses tolong segera ditangani.,suspicious_transaction
Loh Kelihatan ada QR code palsu yang dipasang di atas QRIS toko saya curiga ini penipuan.,qr_replacement
Saya dikenai biaya ekstra Rp2.500 atas nama biaya transaksi padahal seharusnya gratis.,additional_fees
Oh iya Kelihatan ada kode QR yang mencurigakan yang dipasang di atas QRIS toko langsung gue laporkan.,qr_replacement
Loh Kayaknya ada stiker QRIS baru yang menutup QR code resmi di depan toko tolong ditindaklanjuti.,qr_replacement
"Loh Berhasil bayar QRIS, nama rekening tujuan sesuai. Pembayaran QRIS sukses. Sangat mudah dan cepat.",safe_confirmation
Sudah coba berkali-kali tapi Transaksi QRIS gagal terus namun saldo berkurang saya minta refund.,suspicious_transaction
Setelah scan Nama pemilik rekening asing dan ga dikenal tolong dicek.,identity_mismatch
Sudah coba berkali-kali tapi QR terbaca tapi transaksi gagal namun saldo berkurang dana gw hilang.,suspicious_transaction
Ada stiker QRIS asing mencurigakan yang menutup QR code resmi di kasir toko aku foto dulu sebagai bukti.,qr_replacement
Pembayaran enggak berhasil saldo terpotong ganda aku bingung harus lapor kemana.,suspicious_transaction
Hmm Aneh banget QRIS tidak bisa dipindai saat saya coba bayar namun saldo berkurang ini amat merugikan.,suspicious_transaction
Eh Kayaknya ada stiker QRIS baru yang menutup QR code resmi di kasir toko saya foto dulu sebagai bukti.,qr_replacement
Saya perhatikan Nama di layar pembayaran nama orang bukan nama toko tolong dicek.,identity_mismatch
Aneh banget QRIS nggak bisa dipindai saat saya coba bayar namun saldo berkurang saya minta refund.,suspicious_transaction
"Aduh QRIS berjalan normal, QRIS terlihat asli dan resmi. Recommended deh tokonya.",safe_confirmation
Wah Waktu mau bayar saya notice QR lain yang ditempel nempel di atas akrilik QRIS di kasir toko saya gak jadi bayar.,qr_replacement
Aduh Ada stiker QRIS baru mencurigakan yang menutup QR code resmi di akrilik stan langsung saya laporkan.,qr_replacement
Saya perhatikan Nama merchant ga sama dengan nama usaha jadi saya ragu mau bayar.,identity_mismatch
Aduh Nama penerima jauh berbeda dari nama di spanduk saya khawatir.,identity_mismatch
Loh Pengalaman gue: Tidak ada wifi di toko tidak masalah sih.,other
Setelah scan Nama penerima asing dan gak dikenal apa ini aman?.,identity_mismatch
Wah logo QRIS jelas dan nggak rusak dan Pembayaran QRIS sukses. Terpercaya tokonya.,safe_confirmation
Hmm Aneh banget QR terbaca tapi transaksi gagal pas saya scan QR-nya padahal uang sudah keluar mohon bantuan.,suspicious_transaction
"Berhasil bayar QRIS, nama rekening tujuan sesuai. QRIS berjalan normal. Tidak ada kendala sama sekali.",safe_confirmation
Eh Sudah coba berkali-kali tapi QRIS tidak bisa dipindai namun saldo berkurang.,suspicious_transaction
Hmm Catatan: Antrian di kasir sangat panjang perlu diperbaiki.,other
Catatan: Kualitas produknya bagus sekali secara keseluruhan lumayan.,other
"Transaksi berhasil dan lancar, nama penerima cocok dengan tokonya. Terpercaya tokonya.",safe_confirmation
Tidak ada wifi di toko.,other
Saya dikenai biaya ekstra Rp500 atas nama biaya transaksi ini nggak boleh.,additional_fees
Catatan: Pencahayaan toko kurang terang tidak masalah sih.,other
Loh Lho kok Nama rekening tujuan tidak cocok dengan stiker toko langsung saya laporin?,identity_mismatch
Oh iya Aneh banget QR terbaca tapi transaksi gagal saat gw coba bayar padahal uang sudah keluar tolong segera ditangani.,suspicious_transaction
Hmm Saya dikenai biaya ekstra Rp2.500 atas nama ongkos pembayaran digital saya merasa dirugikan.,additional_fees
Lho kok Nama yang muncul saat scan nama orang bukan nama toko jadi saya ragu mau bayar?,identity_mismatch
Pengalaman aku: Tidak ada wifi di toko tapi overall oke kok.,other
Oh iya Setelah scan Nama penerima nggak sama dengan nama usaha.,identity_mismatch
Kelihatan ada QR lain yang ditempel yang ditempel di atas QR asli tolong ditindaklanjuti.,qr_replacement
Oh iya Aneh banget QRIS ga bisa dipindai ketika saya coba bayar walaupun tidak ada notifikasi sukses saya bingung harus lapor kemana.,suspicious_transaction
Saya mau kasih masukan: Pelayanan kasirnya kurang ramah semoga bisa lebih baik.,other
Waktu mau bayar saya notice stiker QRIS baru menimpa QRIS original di depan toko.,qr_replacement
Hmm logo QRIS jelas dan tidak rusak dan Pembayaran QRIS sukses. Recommended deh tokonya.,safe_confirmation
Sudah coba berkali-kali tapi Sistem QRIS mengalami gangguan mencurigakan tapi saldo sudah terpotong dana aku hilang.,suspicious_transaction
Pengalaman saya: Antrian di kasir banget panjang tapi overall oke kok.,other
Aneh banget Nama rekening tujuan berbeda dgn nama toko yang tertera ini fraud ya?.,identity_mismatch
Wah Ada stiker QRIS baru mencurigakan yang menutup QR code resmi di akrilik stan saya curiga ini penipuan.,qr_replacement
Sudah coba berkali-kali tapi Sistem QRIS mengalami gangguan mencurigakan namun saldo berkurang ini sangat merugikan.,suspicious_transaction
"Aduh Syukurlah Proses pembayaran mulus, nama penerima cocok dengan tokonya. Tidak ada kendala sama sekali.",safe_confirmation
Eh nama merchant sesuai dengan nama toko dan Semua berjalan baik. Puas dengan layanannya.,safe_confirmation
Aneh banget Sistem QRIS mengalami gangguan mencurigakan waktu pembayaran diproses walaupun tidak ada notifikasi sukses dana saya hilang.,suspicious_transaction
Oh iya Pembayaran tidak berhasil saat saya coba bayar tapi rekening sudah didebet dana saya hilang.,suspicious_transaction
merchant terverifikasi dan Semua berjalan baik.,safe_confirmation
Eh Saya perhatikan Nama merchant tidak cocok dengan stiker toko apa mungkin QRIS-nya dipalsukan?.,identity_mismatch
Feedback untuk toko: AC di dalam toko terlalu dingin tapi overall oke kok.,other
Penjual minta 500 perak sebagai ongkos pembayaran digital aku komplain tapi diabaikan.,additional_fees
"Hmm Proses pembayaran mulus, merchant terverifikasi. Tidak ada kendala sama sekali.",safe_confirmation
Kelihatan ada kode QR yang mencurigakan yang menutup QR code resmi saya foto dulu sebagai bukti.,qr_replacement
nama merchant sesuai dengan nama toko dan Pembayaran sukses tanpa masalah. Puas dengan layanannya.,safe_confirmation
Saya mau kasih masukan: Kualitas produknya bagus sekali perlu diperbaiki.,other
Catatan: Tempat parkir susah sekali tapi overall oke kok.,other
Eh Kayaknya ada kode QR yang mencurigakan yang menutupi QR code merchantnya di tempat pembayaran aku gak jadi bayar.,qr_replacement
Pengalaman gue: Pencahayaan toko kurang terang.,other
Hmm Sudah coba berkali-kali tapi Pembayaran ga berhasil saldo terpotong ganda.,suspicious_transaction
Pengalaman gw: Barang sering kehabisan stok nggak masalah sih.,other
"Loh QRIS berjalan normal, logo QRIS jelas dan gak rusak. Sangat mudah dan cepat.",safe_confirmation
Waktu mau bayar saya notice QR lain yang ditempel ditempel di atas QR asli di kasir toko saya curiga ini penipuan.,qr_replacement
Aduh Saya lihat ada QR lain yang ditempel yang dipasang di atas QRIS toko di kasir toko langsung saya laporkan.,qr_replacement
Oh iya Diminta bayar tambahan seribu rupiah untuk tanpa alasan jelas aku merasa dirugikan.,additional_fees
Ditagih seribu rupiah lagi dgn alasan biaya admin QRIS ini tidak boleh.,additional_fees
Alhamdulillah QRIS berjalan normal. logo QRIS jelas dan tidak rusak. Aman digunakan.,safe_confirmation
Aduh Tiba-tiba ada tambahan Rp2.500 katanya biaya admin QRIS BI melarang ini.,additional_fees
Aduh Transaksi error berkali-kali ketika transaksi berlangsung padahal uang udah keluar dana gue hilang.,suspicious_transaction
Oh iya Feedback untuk toko: Barang sering kehabisan stok semoga bisa lebih baik.,other
Aduh Saya perhatikan Nama yang muncul pas scan asing dan enggak dikenal saya khawatir.,identity_mismatch
Aneh banget Nama penerima beda banget dari nama tokonya tolong dicek.,identity_mismatch
Saya dikenai biaya ekstra Rp3.000 atas nama tanpa alasan jelas BI melarang ini.,additional_fees
Loh Transaksi error berkali-kali waktu pembayaran diproses saldo terpotong ganda saya minta refund.,suspicious_transaction
Oh iya Sudah coba berkali-kali tapi Sistem QRIS mengalami gangguan mencurigakan namun saldo berkurang saya bingung harus lapor kemana.,suspicious_transaction
Oh iya Saya mau kasih masukan: Tempat parkir susah sekali tapi overall oke kok.,other
QRIS terlihat asli dan resmi dan Pembayaran sukses tanpa masalah. Puas dengan layanannya.,safe_confirmation
Loh Saya perhatikan Nama yang muncul pas scan beda banget dari nama tokonya gw batalin aja transaksinya.,identity_mismatch
Aduh Feedback untuk toko: Toko terlalu ramai dan sempit perlu diperbaiki.,other
"Syukurlah QRIS berjalan normal, merchant terverifikasi. Recommended deh tokonya.",safe_confirmation
Aduh Sudah coba berkali-kali tapi Transaksi QRIS gagal terus tapi saldo dah terpotong saya minta refund.,suspicious_transaction
Wah Pembayaran nggak berhasil dan tapi rekening sudah didebet tolong segera ditangani.,suspicious_transaction
Waktu mau bayar saya notice QR lain yang ditempel ditimpa di kode QR yang sah di depan toko ini pasti fraud.,qr_replacement
Hmm Diminta bayar tambahan Rp5.000 untuk biaya sistem ini tidak boleh.,additional_fees
Aduh Kelihatan ada stiker QRIS asing yang ditempel di atas QR asli.,qr_replacement
Hmm Feedback untuk toko: Toko terlalu ramai dan sempit tapi overall oke kok.,other
Hmm Pembayaran gak berhasil dan saldo terpotong ganda waktu pembayaran diproses saya minta refund.,suspicious_transaction
Pembayaran tidak berhasil dan tapi rekening sudah didebet ini sudah kedua kalinya.,suspicious_transaction
Feedback untuk toko: Kualitas produknya bagus sekali secara keseluruhan lumayan.,other
Kelihatan ada stiker QR palsu yang ditimpa di kode QR yang sah saya curiga ini penipuan.,qr_replacement
Hmm Kayaknya ada QR code palsu yang ditimpa di kode QR yang sah di meja kasir saya gak jadi bayar.,qr_replacement
Eh Ditagih Rp2.000 lagi dengan alasan biaya layanan ini jelas melanggar aturan.,additional_fees
Alhamdulillah Proses pembayaran mulus. merchant terverifikasi. Recommended deh tokonya.,safe_confirmation
Wah Aneh banget Nama rekening tujuan asing dan ga dikenal ini fraud ya?.,identity_mismatch
Feedback untuk toko: Lokasi toko strategis banget semoga bisa lebih baik.,other
"Loh Berhasil bayar QRIS, nama merchant sesuai dengan nama toko. Transaksi berhasil dan lancar. Terpercaya tokonya.",safe_confirmation
Oh iya Sudah coba berkali-kali tapi Transaksi error berkali-kali namun saldo berkurang saya minta refund.,suspicious_transaction
Loh Ada QR lain yang ditempel mencurigakan yang menimpa QRIS original di tempat pembayaran aku curiga ini penipuan.,qr_replacement
Eh Lho kok Nama akun tujuan gak cocok sama nama merchant resmi saya khawatir?,identity_mismatch
Eh Aneh banget Transaksi error berkali-kali walaupun tidak ada notifikasi sukses dana saya hilang.,suspicious_transaction
"Wah Syukurlah Proses pembayaran mulus, tidak ada biaya tambahan. Sangat mudah dan cepat.",safe_confirmation
"Berhasil bayar QRIS, merchant terverifikasi. Proses pembayaran mulus. Recommended deh tokonya.",safe_confirmation
Wah Alhamdulillah Pembayaran sukses tanpa masalah. QRIS terlihat asli dan resmi. Sangat mudah dan cepat.,safe_confirmation
Aduh Pengalaman saya: Antrian di kasir sangat panjang secara keseluruhan lumayan.,other
Ditagih dua ribu rupiah lagi dengan alasan tanpa alasan jelas.,additional_fees
Sudah coba berkali-kali tapi Sistem QRIS mengalami gangguan mencurigakan tapi saldo dah terpotong ini sangat merugikan.,suspicious_transaction
Setelah scan Nama penerima beda banget dari nama tokonya tolong dicek.,identity_mismatch
Eh Kayaknya ada QR lain yang ditempel yang menutupi QR code merchantnya di akrilik stan saya foto dulu sebagai bukti.,qr_replacement
Tidak ada wifi di toko tidak masalah sih.,other
Saya dikenai biaya ekstra seribu rupiah atas nama biaya admin QRIS ini tidak boleh.,additional_fees
Loh Tiba-tiba ada tambahan Rp500 katanya biaya transaksi ini jelas melanggar aturan.,additional_fees
Eh Sudah coba berkali-kali tapi Transaksi error berkali-kali tapi saldo sudah terpotong saya bingung harus lapor kemana.,suspicious_transaction
Aduh Ada kode QR yang mencurigakan mencurigakan yang nempel di atas akrilik QRIS di akrilik stan.,qr_replacement
Aduh Toko terlalu ramai dan sempit tidak masalah sih.,other
Oh iya Toko agak kotor di bagian belakang tidak masalah sih.,other
Saya dikenai biaya ekstra Rp5.000 atas nama biaya sistem BI melarang ini.,additional_fees
Eh Saya dikenai biaya ekstra Rp1.500 atas nama biaya layanan ini gak boleh.,additional_fees
Ditagih 500 perak lagi dengan alasan biaya layanan apakah ini diperbolehkan?.,additional_fees
Wah Alhamdulillah Transaksi berhasil dan lancar. QR code tampak original. Recommended deh tokonya.,safe_confirmation
Eh Ditagih Rp1.500 lagi dengan alasan biaya admin QRIS tanpa pemberitahuan sebelumnya.,additional_fees
Eh Saya lihat ada kode QR yang mencurigakan yang ditempel di atas QR asli di akrilik stan ini pasti fraud.,qr_replacement
Oh iya Kayaknya ada QR code palsu yang nempel di atas akrilik QRIS di depan toko ini pasti fraud.,qr_replacement
Aduh Nama yang muncul saat scan beda sama nama yang ada di plang tolong dicek.,identity_mismatch
Eh Kayaknya ada stiker QR palsu yang menutup QR code resmi di kasir toko tolong ditindaklanjuti.,qr_replacement
Pembayaran tidak berhasil padahal uang udah keluar saya bingung harus lapor kemana.,suspicious_transaction
Loh Nama di layar pembayaran beda banget dari nama tokonya bikin curiga.,identity_mismatch
nama rekening tujuan sesuai dan Semua berjalan baik. Aman digunakan.,safe_confirmation
Kelihatan ada stiker QRIS baru yang menutup QR code resmi.,qr_replacement
Eh Saya dikenai biaya ekstra 500 perak atas nama biaya transaksi.,additional_fees
Wah Kenapa ya Nama rekening tujuan tidak cocok dengan stiker toko jadi aku ragu mau bayar?,identity_mismatch
QRIS-nya tidak asli ada QR code palsu yang nempel di atas akrilik QRIS ini pasti fraud.,qr_replacement
Kenapa ya Nama merchant tidak sama dengan nama usaha apa ini aman??,identity_mismatch
Pas scan QRIS-nya Identitas merchant berbeda dengan nama toko yang tertera apa ini aman?.,identity_mismatch
Tiba-tiba ada tambahan Rp2.500 katanya biaya transaksi padahal seharusnya gratis.,additional_fees
Eh Pengalaman saya: Produknya bagus tapi packaging kurang menarik secara keseluruhan lumayan.,other
Saya lihat ada QR lain yang ditempel yang menutup QR code resmi di akrilik stan aku gak jadi bayar.,qr_replacement
Oh iya Setelah scan Nama akun tujuan bukan nama tokonya sama sekali aku batalin aja transaksinya.,identity_mismatch
Transaksi error berkali-kali dan padahal uang sudah keluar waktu pembayaran diproses saya minta refund.,suspicious_transaction
Kelihatan ada stiker QRIS baru yang ditimpa di kode QR yang sah tolong ditindaklanjuti.,qr_replacement
Lho kok Nama penerima nama orang bukan nama toko jadi aku ragu mau bayar?,identity_mismatch
Eh QRIS-nya nggak asli ada QR code palsu yang nempel di atas akrilik QRIS ini pasti fraud.,qr_replacement
Wah Sistem QRIS mengalami gangguan mencurigakan pas saya scan QR-nya saldo terpotong ganda ini udah kedua kalinya.,suspicious_transaction
Kelihatan ada stiker QRIS baru yang dipasang di atas QRIS toko.,qr_replacement
Wah QRIS-nya tidak asli ada stiker QRIS asing yang nempel di atas akrilik QRIS.,qr_replacement
"Syukurlah QRIS berjalan normal, tidak ada biaya tambahan. Puas sama layanannya.",safe_confirmation
Eh Pengalaman saya: AC di dalam toko terlalu dingin.,other
"QRIS berjalan normal, logo QRIS jelas dan tidak rusak. Aman digunakan.",safe_confirmation
Si penjualnya minta seribu rupiah sebagai biaya layanan BI melarang ini.,additional_fees
Wah Saya perhatikan Nama rekening tujuan jauh berbeda dari nama di spanduk langsung saya laporin.,identity_mismatch
Oh iya QR terbaca tapi transaksi gagal walaupun tidak ada notifikasi sukses saya minta refund.,suspicious_transaction
Eh Feedback untuk toko: Barang sering kehabisan stok semoga bisa lebih baik.,other
"Berhasil bayar QRIS, tidak ada biaya tambahan. QRIS berjalan normal. Terpercaya tokonya.",safe_confirmation
Hmm Tiba-tiba ada tambahan Rp500 katanya biaya layanan ini jelas melanggar aturan.,additional_fees
Waktu mau bayar saya notice kode QR yang mencurigakan dipasang di atas QRIS toko di depan toko tolong ditindaklanjuti.,qr_replacement
Oh iya Aneh banget Nama penerima nggak sesuai dengan nama toko apa mungkin QRIS-nya dipalsukan?.,identity_mismatch
Aneh banget QRIS tidak bisa dipindai ketika transaksi berlangsung saldo terpotong ganda saya bingung harus lapor kemana.,suspicious_transaction
Setelah scan Nama rekening tujuan ga sesuai dengan nama toko.,identity_mismatch
"Berhasil bayar QRIS, QR code tampak original. Pembayaran sukses tanpa masalah. Recommended deh tokonya.",safe_confirmation
"Syukurlah Pembayaran sukses tanpa masalah, nama rekening tujuan sesuai. Puas dengan layanannya.",safe_confirmation
QRIS-nya tidak asli ada stiker QRIS baru yang menimpa QRIS original langsung saya laporkan.,qr_replacement
Saya perhatikan Nama pemilik rekening berbeda dgn nama toko yang tertera.,identity_mismatch
"Semua berjalan baik, nama rekening tujuan sesuai.",safe_confirmation
Wah Feedback untuk toko: Toko agak kotor di bagian belakang tidak masalah sih.,other
"Transaksi selesai dengan aman, nama merchant sesuai dengan nama toko. Recommended deh tokonya.",safe_confirmation
Wah Saya mau kasih masukan: Barang sering kehabisan stok tapi overall oke kok.,other
"Hmm Syukurlah Transaksi berhasil dan lancar, nama rekening tujuan sesuai. Terpercaya tokonya.",safe_confirmation
Catatan: Antrian di kasir banget panjang secara keseluruhan lumayan.,other
Oh iya Pengalaman saya: Toko terlalu ramai dan sempit semoga bisa lebih baik.,other
Hmm Diminta bayar tambahan Rp3.000 untuk biaya sistem ini jelas melanggar aturan.,additional_fees
Hmm Si penjualnya minta Rp1.500 sebagai biaya layanan tanpa pemberitahuan sebelumnya.,additional_fees
Alhamdulillah Transaksi berhasil dan lancar. nama rekening tujuan sesuai. Recommended deh tokonya.,safe_confirmation
Loh QRIS tidak bisa dipindai tapi rekening dah didebet gw bingung harus lapor kemana.,suspicious_transaction
Alhamdulillah QRIS berjalan normal. nama merchant sesuai sama nama toko. Terpercaya tokonya.,safe_confirmation
Nama akun tujuan gak sesuai dengan nama toko saya batalin aja transaksinya.,identity_mismatch
Oh iya Saya mau kasih masukan: Toko terlalu ramai dan sempit secara keseluruhan lumayan.,other
Hmm Saya dikenai biaya ekstra Rp2.500 atas nama biaya layanan BI melarang ini.,additional_fees
Hmm QRIS gak bisa dipindai dan namun saldo berkurang pas saya scan QR-nya dana saya hilang.,suspicious_transaction
Oh iya Aneh banget QR terbaca tapi transaksi gagal pas saya scan QR-nya padahal uang sudah keluar saya minta refund.,suspicious_transaction
Oh iya Pengalaman saya: Jam buka toko tidak konsisten perlu diperbaiki.,other
Saya perhatikan Nama di layar pembayaran bukan nama tokonya sama sekali ini fraud ya?.,identity_mismatch
Setelah scan Nama akun tujuan beda banget dari nama tokonya langsung saya laporin.,identity_mismatch
Alhamdulillah QRIS berjalan normal. merchant terverifikasi. Terpercaya tokonya.,safe_confirmation
Oh iya nama rekening tujuan sesuai dan QRIS berjalan normal. Aman digunakan.,safe_confirmation
Saya dikenai biaya ekstra Rp5.000 atas nama biaya admin QRIS gw merasa dirugikan.,additional_fees
Ada stiker QRIS baru mencurigakan yang ditimpa di kode QR yang sah di akrilik stan gw curiga ini penipuan.,qr_replacement
Wah Aneh banget Nama di layar pembayaran ga cocok dengan stiker toko ini fraud ya?.,identity_mismatch
Loh Ada pungutan Rp2.000 sebagai biaya sistem.,additional_fees
Kelihatan ada QR lain yang ditempel yang ditempel di atas QR asli langsung gw laporkan.,qr_replacement
QRIS tidak bisa dipindai dan padahal uang sudah keluar pas gue scan QR-nya tolong segera ditangani.,suspicious_transaction
Wah Kenapa ya Nama pemilik rekening beda banget dari nama tokonya bikin curiga?,identity_mismatch
Saya mau kasih masukan: Jam buka toko tidak konsisten tapi overall oke kok.,other
"Hmm Syukurlah Pembayaran sukses tanpa masalah, nama penerima cocok dengan tokonya. Tidak ada kendala sama sekali.",safe_confirmation
Kenapa ya Identitas merchant asing dan tidak dikenal saya khawatir?,identity_mismatch
Aduh Nama penerima berbeda dengan nama toko yang tertera apa ini aman?.,identity_mismatch
Tiba-tiba ada tambahan seribu rupiah katanya biaya transaksi saya komplain tapi diabaikan.,additional_fees
Hmm Feedback untuk toko: Pencahayaan toko kurang terang semoga bisa lebih baik.,other
"Syukurlah Pembayaran sukses tanpa masalah, merchant terverifikasi. Recommended deh tokonya.",safe_confirmation
Eh Saya mau kasih masukan: Barang sering kehabisan stok perlu diperbaiki.,other
Oh iya Ditagih Rp2.500 lagi dengan alasan biaya transaksi aku merasa dirugikan.,additional_fees
QRIS tidak bisa dipindai dan saldo terpotong ganda waktu pembayaran diproses ini sangat merugikan.,suspicious_transaction
Tiba-tiba ada tambahan Rp5.000 katanya tanpa alasan jelas.,additional_fees
"Eh Pembayaran QRIS sukses, logo QRIS jelas dan tidak rusak. Puas dengan layanannya.",safe_confirmation
Loh Aneh banget Transaksi QRIS gagal terus pas saya scan QR-nya walaupun ga ada notifikasi sukses.,suspicious_transaction
Loh Alhamdulillah Proses pembayaran mulus. QRIS terlihat asli dan resmi. Puas dengan layanannya.,safe_confirmation
Setelah scan Nama akun tujuan jauh berbeda dari nama di spanduk tolong dicek.,identity_mismatch
Loh Kelihatan ada QR code palsu yang dipasang di atas QRIS toko saya gak jadi bayar.,qr_replacement
Catatan: Toko terlalu ramai dan sempit perlu diperbaiki.,other
Pengalaman saya: Pelayanan kasirnya kurang ramah tidak masalah sih.,other
"Berhasil bayar QRIS, merchant terverifikasi. QRIS berjalan normal. Recommended deh tokonya.",safe_confirmation
Wah Saya perhatikan Identitas merchant bukan nama tokonya sama sekali apa ini aman?.,identity_mismatch
Catatan: Tempat parkir susah sekali perlu diperbaiki.,other
Diminta bayar tambahan Rp3.000 untuk ongkos pembayaran digital padahal seharusnya gratis.,additional_fees
Eh QRIS-nya tidak asli ada QR lain yang ditempel yang menimpa QRIS original gw curiga ini penipuan.,qr_replacement
Pelayanan kasirnya kurang ramah semoga bisa lebih baik.,other
Ada stiker QRIS baru mencurigakan yang dipasang di atas QRIS toko di tempat pembayaran ini pasti fraud.,qr_replacement
Loh Lho kok Nama rekening tujuan gak cocok sama nama merchant resmi tolong dicek?,identity_mismatch
Saya mau kasih masukan: Produknya bagus tapi packaging kurang menarik perlu diperbaiki.,other
Wah Saya dikenai biaya ekstra 500 perak atas nama biaya admin QRIS saya merasa dirugikan.,additional_fees
Aduh Transaksi QRIS gagal terus dan saldo terpotong ganda waktu pembayaran diproses ini udah kedua kalinya.,suspicious_transaction
Loh Saya dikenai biaya ekstra Rp5.000 atas nama biaya sistem saya komplain tapi diabaikan.,additional_fees
Aduh Kelihatan ada stiker QR palsu yang ditimpa di kode QR yang sah.,qr_replacement
Wah QRIS-nya tidak asli ada kode QR yang mencurigakan yang dipasang di atas QRIS toko.,qr_replacement
Wah Sistem QRIS mengalami gangguan mencurigakan dan tapi rekening sudah didebet pas saya coba bayar saya bingung harus lapor kemana.,suspicious_transaction
Alhamdulillah Pembayaran sukses tanpa masalah. logo QRIS jelas dan tidak rusak. Tidak ada kendala sama sekali.,safe_confirmation
Aduh Sistem QRIS mengalami gangguan mencurigakan pas saya scan QR-nya walaupun tidak ada notifikasi sukses tolong segera ditangani.,suspicious_transaction
Kelihatan ada QR lain yang ditempel yang menimpa QRIS original.,qr_replacement
Ada QR code palsu mencurigakan yang menutup QR code resmi di kasir toko ini pasti fraud.,qr_replacement
Aduh Saya mau kasih masukan: Harga dan kualitas sebanding secara keseluruhan lumayan.,other
Pas scan QRIS-nya Nama yang muncul saat scan tidak sesuai dengan nama toko tolong dicek.,identity_mismatch
Saya dikenai biaya ekstra Rp3.000 atas nama biaya penggunaan QRIS saya merasa dirugikan.,additional_fees
Ada stiker QRIS asing mencurigakan yang nempel di atas akrilik QRIS di tempat pembayaran saya curiga ini penipuan.,qr_replacement
Wah Sistem QRIS mengalami gangguan mencurigakan waktu gw coba bayar tapi rekening sudah didebet mohon bantuan.,suspicious_transaction
Alhamdulillah Transaksi berhasil dan lancar. nama merchant sesuai sama nama toko. Sangat mudah dan cepat.,safe_confirmation
Aduh Saya lihat ada stiker QRIS baru yang nempel di atas akrilik QRIS di akrilik stan gue foto dulu sebagai bukti.,qr_replacement
Masnya minta Rp500 sebagai biaya penggunaan QRIS saya merasa dirugikan.,additional_fees
Eh QRIS-nya tidak asli ada QR lain yang ditempel yang menutup QR code resmi aku curiga ini penipuan.,qr_replacement
Wah Waktu mau bayar saya notice stiker QRIS baru menimpa QRIS original di kasir toko saya foto dulu sebagai bukti.,qr_replacement
Wah Nama yang muncul ketika scan tidak sesuai dengan nama toko saya batalin aja transaksinya.,identity_mismatch
Loh Pas scan QRIS-nya Nama pemilik rekening berbeda dengan nama toko yang tertera langsung saya laporin.,identity_mismatch
Ada pungutan seribu rupiah sebagai biaya penggunaan QRIS saya komplain tapi diabaikan.,additional_fees
Lho kok Nama merchant nama orang bukan nama toko tolong dicek?,identity_mismatch
Saya lihat ada kode QR yang mencurigakan yang menutup QR code resmi di depan toko ini pasti fraud.,qr_replacement
Wah Waktu mau bayar saya notice stiker QR palsu menutup QR code resmi di akrilik stan tolong ditindaklanjuti.,qr_replacement
Wah tidak ada biaya tambahan dan Pembayaran QRIS sukses. Aman digunakan.,safe_confirmation
Setelah scan Identitas merchant bukan nama tokonya sama sekali langsung gw laporin.,identity_mismatch
Hmm QR terbaca tapi transaksi gagal pas gue scan QR-nya saldo terpotong ganda.,suspicious_transaction
Loh Alhamdulillah QRIS berjalan normal. merchant terverifikasi. Aman digunakan.,safe_confirmation
Catatan: Tempat parkir susah sekali.,other
Hmm Kayaknya ada stiker QR palsu yang dipasang di atas QRIS toko di kasir toko saya curiga ini penipuan.,qr_replacement
Aduh Tiba-tiba ada tambahan Rp5.000 katanya biaya admin QRIS aku komplain tapi diabaikan.,additional_fees
Wah Pas scan QRIS-nya Nama pemilik rekening tidak sama dengan nama usaha saya khawatir.,identity_mismatch
Nama merchant jauh berbeda dari nama di spanduk tolong dicek.,identity_mismatch
Aneh banget Transaksi QRIS gagal terus waktu pembayaran diproses saldo terpotong ganda tolong segera ditangani.,suspicious_transaction
Wah Saya dikenai biaya ekstra Rp2.000 atas nama biaya layanan saya komplain tapi diabaikan.,additional_fees
Lho kok Nama pemilik rekening gak cocok sama nama merchant resmi apa ini aman??,identity_mismatch
Aduh QRIS-nya tidak asli ada kode QR yang mencurigakan yang nempel di atas akrilik QRIS saya foto dulu sebagai bukti.,qr_replacement
Loh QRIS-nya tidak asli ada QR code palsu yang nempel di atas akrilik QRIS saya foto dulu sebagai bukti.,qr_replacement
Lho kok Nama merchant gak cocok sama nama merchant resmi saya batalin aja transaksinya?,identity_mismatch
Pengalaman saya: Harga dan kualitas sebanding tidak masalah sih.,other
Sudah coba berkali-kali tapi Transaksi error berkali-kali tapi saldo sudah terpotong ini sangat merugikan.,suspicious_transaction
QRIS-nya tidak asli ada stiker QR palsu yang menutupi QR code merchantnya ini pasti fraud.,qr_replacement
Eh Saya lihat ada QR lain yang ditempel yang menimpa QRIS original di depan toko tolong ditindaklanjuti.,qr_replacement
Aduh Setelah scan Nama di layar pembayaran tidak sama dengan nama usaha apa ini aman?.,identity_mismatch
"Oh iya Pembayaran QRIS sukses, tidak ada biaya tambahan. Sangat mudah dan cepat.",safe_confirmation
Pengalaman saya: Harga dan kualitas sebanding tapi overall oke kok.,other
Saya perhatikan Nama pemilik rekening tidak cocok dengan stiker toko apa ini aman?.,identity_mismatch
"Hmm Syukurlah Transaksi berhasil dan lancar, nama rekening tujuan sesuai. Tidak ada kendala sama sekali.",safe_confirmation
Hmm Toko agak kotor di bagian belakang tapi overall oke kok.,other
Loh Ditagih Rp2.500 lagi dengan alasan tanpa alasan jelas apakah ini diperbolehkan?.,additional_fees
"Oh iya Syukurlah QRIS berjalan normal, QR code tampak original.",safe_confirmation
Aduh Alhamdulillah QRIS berjalan normal. nama penerima cocok dengan tokonya. Aman digunakan.,safe_confirmation
Aduh Waktu mau bayar saya notice stiker QR palsu nempel di atas akrilik QRIS di depan toko saya foto dulu sebagai bukti.,qr_replacement
Diminta bayar tambahan seribu rupiah untuk tanpa alasan jelas ini jelas melanggar aturan.,additional_fees
QR terbaca tapi transaksi gagal ketika transaksi berlangsung padahal uang sudah keluar ini sudah kedua kalinya.,suspicious_transaction
Loh Sistem QRIS mengalami gangguan mencurigakan dan saldo terpotong ganda waktu pembayaran diproses saya bingung harus lapor kemana.,suspicious_transaction
Hmm Kayaknya ada stiker QRIS baru yang ditempel di atas QR asli di tempat pembayaran.,qr_replacement
Catatan: Toko agak kotor di bagian belakang semoga bisa lebih baik.,other
Wah Nama akun tujuan beda sama nama yang ada di plang apa mungkin QRIS-nya dipalsukan?.,identity_mismatch
Aneh banget Nama pemilik rekening jauh berbeda dari nama di spanduk ini fraud ya?.,identity_mismatch
Aduh Ada pungutan Rp2.500 sebagai biaya layanan saya merasa dirugikan.,additional_fees
Catatan: Produknya bagus tapi packaging kurang menarik semoga bisa lebih baik.,other
Hmm Saya mau kasih masukan: Barang sering kehabisan stok tapi overall oke kok.,other
Lho kok Nama rekening tujuan beda banget dari nama tokonya saya batalin aja transaksinya?,identity_mismatch
Eh Saya lihat ada stiker QR palsu yang menimpa QRIS original di meja kasir ini pasti fraud.,qr_replacement
"Aduh Syukurlah QRIS berjalan normal, logo QRIS jelas dan gak rusak. Sangat mudah dan cepat.",safe_confirmation
Kasir minta Rp5.000 sebagai tanpa alasan jelas BI melarang ini.,additional_fees
Aduh Aneh banget QRIS tidak bisa dipindai waktu pembayaran diproses namun saldo berkurang gw bingung harus lapor kemana.,suspicious_transaction
Catatan: Produknya bagus tapi packaging kurang menarik.,other
Hmm Aneh banget Transaksi error berkali-kali waktu pembayaran diproses saldo terpotong ganda.,suspicious_transaction
Pengalaman saya: Lokasi toko strategis banget.,other
Wah Ada QR lain yang ditempel mencurigakan yang ditimpa di kode QR yang sah di meja kasir.,qr_replacement
Aduh Aneh banget Transaksi error berkali-kali pas saya scan QR-nya namun saldo berkurang tolong segera ditangani.,suspicious_transaction
Oh iya Aneh banget Transaksi error berkali-kali waktu pembayaran diproses tapi rekening sudah didebet ini sangat merugikan.,suspicious_transaction
Mbaknya minta Rp2.500 sebagai biaya layanan.,additional_fees
Ada kode QR yang mencurigakan mencurigakan yang nempel di atas akrilik QRIS di meja kasir saya curiga ini penipuan.,qr_replacement
Eh Catatan: Jam buka toko tidak konsisten secara keseluruhan lumayan.,other
QR terbaca tapi transaksi gagal waktu pembayaran diproses saldo terpotong ganda tolong segera ditangani.,suspicious_transaction
Kayaknya ada QR lain yang ditempel yang ditempel di atas QR asli di kasir toko saya curiga ini penipuan.,qr_replacement
Ada stiker QRIS baru mencurigakan yang menimpa QRIS original di meja kasir langsung saya laporkan.,qr_replacement
Ada stiker QR palsu mencurigakan yang nempel di atas akrilik QRIS di tempat pembayaran saya gak jadi bayar.,qr_replacement
Hmm Barang sering kehabisan stok secara keseluruhan lumayan.,other
Wah Diminta bayar tambahan dua ribu rupiah untuk biaya penggunaan QRIS tanpa pemberitahuan sebelumnya.,additional_fees
Hmm Mbaknya minta Rp500 sebagai tanpa alasan jelas padahal seharusnya gratis.,additional_fees
Aduh Aneh banget Pembayaran tidak berhasil ketika transaksi berlangsung tapi saldo sudah terpotong mohon bantuan.,suspicious_transaction
Diminta bayar tambahan seribu rupiah untuk biaya layanan BI melarang ini.,additional_fees
Wah Ada kode QR yang mencurigakan mencurigakan yang menutup QR code resmi di depan toko tolong ditindaklanjuti.,qr_replacement
Diminta bayar tambahan seribu rupiah untuk ongkos pembayaran digital aku merasa dirugikan.,additional_fees
Eh Saya mau kasih masukan: Harganya mahal dibanding toko lain perlu diperbaiki.,other
Wah Waktu mau bayar gw notice stiker QRIS baru ditimpa di kode QR yang sah di kasir toko langsung saya laporkan.,qr_replacement
"Pembayaran sukses tanpa masalah, merchant terverifikasi. Tidak ada kendala sama sekali.",safe_confirmation
Eh Transaksi QRIS gagal terus waktu saya coba bayar walaupun tidak ada notifikasi sukses.,suspicious_transaction
Eh Masnya minta Rp5.000 sebagai biaya admin QRIS saya merasa dirugikan.,additional_fees
Sudah coba berkali-kali tapi QRIS tidak bisa dipindai saldo terpotong ganda tolong segera ditangani.,suspicious_transaction
Oh iya Mbaknya minta Rp2.500 sebagai biaya layanan apakah ini diperbolehkan?.,additional_fees
Tiba-tiba ada tambahan 500 perak katanya biaya penggunaan QRIS padahal seharusnya gratis.,additional_fees
Aduh Diminta bayar tambahan seribu rupiah untuk tanpa alasan jelas ini jelas melanggar aturan.,additional_fees
"Syukurlah Pembayaran QRIS sukses, QR code tampak original. Recommended deh tokonya.",safe_confirmation
Eh Waktu mau bayar saya notice stiker QR palsu dipasang di atas QRIS toko di tempat pembayaran saya foto dulu sebagai bukti.,qr_replacement
Aduh Saya mau kasih masukan: Pelayanan kasirnya kurang ramah semoga bisa lebih baik.,other
Wah Ada QR lain yang ditempel mencurigakan yang menimpa QRIS original di tempat pembayaran aku curiga ini penipuan.,qr_replacement
Wah Kayaknya ada stiker QRIS asing yang ditimpa di kode QR yang sah di depan toko tolong ditindaklanjuti.,qr_replacement
Waktu mau bayar saya notice stiker QR palsu ditimpa di kode QR yang sah di akrilik stan ini pasti fraud.,qr_replacement
Hmm Ditagih Rp2.000 lagi dengan alasan biaya sistem apakah ini diperbolehkan?.,additional_fees
Wah Diminta bayar tambahan Rp1.000 untuk biaya admin QRIS BI melarang ini.,additional_fees
Oh iya QRIS terlihat asli dan resmi dan Proses pembayaran mulus. Puas dengan layanannya.,safe_confirmation
Tiba-tiba ada tambahan dua ribu rupiah katanya ongkos pembayaran digital aku merasa dirugikan.,additional_fees
Hmm Diminta bayar tambahan 500 perak untuk biaya layanan ini tidak boleh.,additional_fees
Hmm Aneh banget QR terbaca tapi transaksi gagal padahal uang sudah keluar.,suspicious_transaction
Feedback untuk toko: Kualitas produknya bagus sekali semoga bisa lebih baik.,other
Kayaknya ada kode QR yang mencurigakan yang menimpa QRIS original di tempat pembayaran aku gak jadi bayar.,qr_replacement
"Syukurlah Semua berjalan baik, nama merchant sesuai sama nama toko. Recommended deh tokonya.",safe_confirmation
"Pembayaran QRIS sukses, nama penerima cocok dengan tokonya. Puas dengan layanannya.",safe_confirmation
Loh Diminta bayar tambahan Rp1.500 untuk ongkos pembayaran digital apakah ini diperbolehkan?.,additional_fees
QRIS-nya tidak asli ada kode QR yang mencurigakan yang ditempel di atas QR asli saya foto dulu sebagai bukti.,qr_replacement
Wah Pas scan QRIS-nya Nama merchant berbeda dengan nama toko yang tertera bikin curiga.,identity_mismatch
Pengalaman gw: Harganya mahal dibanding toko lain tidak masalah sih.,other
"Aduh Berhasil bayar QRIS, merchant terverifikasi. Pembayaran QRIS sukses. Aman digunakan.",safe_confirmation
Aduh nama penerima cocok dengan tokonya dan Transaksi berhasil dan lancar. Terpercaya tokonya.,safe_confirmation
Wah Sudah coba berkali-kali tapi QR terbaca tapi transaksi gagal padahal uang sudah keluar saya bingung harus lapor kemana.,suspicious_transaction
Aneh banget Transaksi error berkali-kali saldo terpotong ganda tolong segera ditangani.,suspicious_transaction
Aduh Transaksi QRIS gagal terus ketika transaksi berlangsung saldo terpotong ganda tolong segera ditangani.,suspicious_transaction
Kayaknya ada stiker QRIS asing yang menutupi QR code merchantnya di meja kasir tolong ditindaklanjuti.,qr_replacement
Identitas merchant tidak sesuai sama nama toko bikin curiga.,identity_mismatch
Aduh tidak ada biaya tambahan dan QRIS berjalan normal. Aman digunakan.,safe_confirmation
Ada stiker QRIS asing mencurigakan yang dipasang di atas QRIS toko di meja kasir saya gak jadi bayar.,qr_replacement
Setelah scan Identitas merchant nama orang bukan nama toko apa mungkin QRIS-nya dipalsukan?.,identity_mismatch
Hmm Ada pungutan 500 perak sebagai tanpa alasan jelas apakah ini diperbolehkan?.,additional_fees
Oh iya Pas scan QRIS-nya Nama yang muncul saat scan nama orang bukan nama toko jadi saya ragu mau bayar.,identity_mismatch
Tiba-tiba ada tambahan Rp3.000 katanya biaya admin QRIS ini jelas melanggar aturan.,additional_fees
"Oh iya Syukurlah Transaksi berhasil dan lancar, nggak ada biaya tambahan. Sangat mudah dan cepat.",safe_confirmation
Feedback untuk toko: Toko agak kotor di bagian belakang perlu diperbaiki.,other
"Syukurlah Transaksi berhasil dan lancar, tidak ada biaya tambahan. Terpercaya tokonya.",safe_confirmation
Hmm Kayaknya ada QR code palsu yang menutupi QR code merchantnya di akrilik stan.,qr_replacement
Wah Pemilik toko minta Rp3.000 sebagai biaya admin QRIS ini tidak boleh.,additional_fees
Wah Kayaknya ada stiker QR palsu yang ditimpa di kode QR yang sah di tempat pembayaran saya foto dulu sebagai bukti.,qr_replacement
Saya mau kasih masukan: Barang sering kehabisan stok perlu diperbaiki.,other
"Loh Pembayaran QRIS sukses, nama rekening tujuan sesuai. Terpercaya tokonya.",safe_confirmation
"Berhasil bayar QRIS, nama penerima cocok dengan tokonya. Pembayaran QRIS sukses. Puas dengan layanannya.",safe_confirmation
Saya lihat ada stiker QR palsu yang dipasang di atas QRIS toko di meja kasir saya gak jadi bayar.,qr_replacement
Aduh Sudah coba berkali-kali tapi Pembayaran tidak berhasil saldo terpotong ganda dana aku hilang.,suspicious_transaction
Pengalaman saya: Barang sering kehabisan stok perlu diperbaiki.,other
Alhamdulillah Proses pembayaran mulus. QR code tampak original. Terpercaya tokonya.,safe_confirmation
Lho kok Nama akun tujuan gak cocok sama nama merchant resmi gw batalin aja transaksinya?,identity_mismatch
Aduh Saya lihat ada stiker QRIS baru yang menimpa QRIS original di meja kasir gue foto dulu sebagai bukti.,qr_replacement
Wah Saya perhatikan Nama merchant nama orang bukan nama toko bikin curiga.,identity_mismatch
Ada QR lain yang ditempel mencurigakan yang menutup QR code resmi di kasir toko ini pasti fraud.,qr_replacement
Wah Alhamdulillah QRIS berjalan normal. nama merchant sesuai dgn nama toko. Terpercaya tokonya.,safe_confirmation
Diminta bayar tambahan Rp1.500 untuk ongkos pembayaran digital tanpa pemberitahuan sebelumnya.,additional_fees
Loh Waktu mau bayar aku notice QR code palsu menutup QR code resmi di kasir toko saya curiga ini penipuan.,qr_replacement
Hmm Kenapa ya Nama di layar pembayaran berbeda dengan nama toko yang tertera?,identity_mismatch
Oh iya Kelihatan ada stiker QRIS asing yang ditempel di atas QR asli gue foto dulu sebagai bukti.,qr_replacement
Loh Saya dikenai biaya ekstra Rp2.000 atas nama biaya layanan saya komplain tapi diabaikan.,additional_fees
Oh iya Pas scan QRIS-nya Nama penerima jauh berbeda dari nama di spanduk jadi saya ragu mau bayar.,identity_mismatch
Aduh Aneh banget Nama merchant bukan nama tokonya sama sekali apa mungkin QRIS-nya dipalsukan?.,identity_mismatch
Wah Transaksi QRIS gagal terus waktu pembayaran diproses namun saldo berkurang ini sangat merugikan.,suspicious_transaction
Wah Setelah scan Nama di layar pembayaran asing dan tidak dikenal langsung gw laporin.,identity_mismatch
Sudah coba berkali-kali tapi Sistem QRIS mengalami gangguan mencurigakan tapi rekening sudah didebet.,suspicious_transaction
Loh Feedback untuk toko: Pelayanan kasirnya kurang ramah.,other
Oh iya Diminta bayar tambahan Rp2.500 untuk biaya admin QRIS tanpa pemberitahuan sebelumnya.,additional_fees
Ditagih 500 perak lagi dengan alasan biaya layanan ini jelas melanggar aturan.,additional_fees
"Oh iya Berhasil bayar QRIS, tidak ada biaya tambahan. Pembayaran QRIS sukses.",safe_confirmation
Hmm Tiba-tiba ada tambahan Rp1.500 katanya biaya transaksi ini jelas melanggar aturan.,additional_fees
Wah Masnya minta Rp3.000 sebagai biaya sistem ini jelas melanggar aturan.,additional_fees
Wah Sudah coba berkali-kali tapi Transaksi error berkali-kali tapi saldo sudah terpotong saya bingung harus lapor kemana.,suspicious_transaction
Kelihatan ada stiker QR palsu yang menutup QR code resmi langsung saya laporkan.,qr_replacement
Eh Saya perhatikan Identitas merchant tidak sama dengan nama usaha apa mungkin QRIS-nya dipalsukan?.,identity_mismatch
nama merchant sesuai sama nama toko dan QRIS berjalan normal. Terpercaya tokonya.,safe_confirmation
Eh Waktu mau bayar saya notice stiker QRIS baru dipasang di atas QRIS toko di kasir toko.,qr_replacement
"Hmm Semua berjalan baik, nama rekening tujuan sesuai. Puas dgn layanannya.",safe_confirmation
Wah Kenapa ya Nama yang muncul ketika scan gak cocok sama nama merchant resmi langsung saya laporin?,identity_mismatch
Wah Waktu mau bayar saya notice kode QR yang mencurigakan dipasang di atas QRIS toko di akrilik stan saya foto dulu sebagai bukti.,qr_replacement
Hmm Setelah scan Nama merchant beda banget dari nama tokonya apa mungkin QRIS-nya dipalsukan?.,identity_mismatch
Eh Saya mau kasih masukan: Antrian di kasir sangat panjang tidak masalah sih.,other
"Oh iya Syukurlah Semua berjalan baik, tidak ada biaya tambahan. Aman digunakan.",safe_confirmation
Hmm Aneh banget Sistem QRIS mengalami gangguan mencurigakan ketika transaksi berlangsung namun saldo berkurang.,suspicious_transaction
"Wah Syukurlah Semua berjalan baik, QRIS terlihat asli dan resmi. Recommended deh tokonya.",safe_confirmation
Pas scan QRIS-nya Nama pemilik rekening beda sama nama yang ada di plang tolong dicek.,identity_mismatch
Saya perhatikan Nama penerima bukan nama tokonya sama sekali bikin curiga.,identity_mismatch
Si penjualnya minta Rp2.000 sebagai biaya penggunaan QRIS.,additional_fees
Diminta bayar tambahan Rp1.000 untuk tanpa alasan jelas gw merasa dirugikan.,additional_fees
Diminta bayar tambahan Rp2.500 untuk biaya transaksi ini jelas melanggar aturan.,additional_fees
Mbaknya minta Rp2.000 sebagai biaya admin QRIS BI melarang ini.,additional_fees
Oh iya Transaksi error berkali-kali dan tapi rekening sudah didebet pas gw coba bayar.,suspicious_transaction
Hmm QRIS-nya ga asli ada stiker QRIS baru yang dipasang di atas QRIS toko ini pasti fraud.,qr_replacement
Ada pungutan Rp2.000 sebagai tanpa alasan jelas apakah ini diperbolehkan?.,additional_fees
"Oh iya Transaksi berhasil dan lancar, nama rekening tujuan sesuai. Aman digunakan.",safe_confirmation
Hmm Pengalaman saya: Tidak ada wifi di toko tapi overall oke kok.,other
Pas scan QRIS-nya Nama pemilik rekening gak cocok sama nama merchant resmi apa mungkin QRIS-nya dipalsukan?.,identity_mismatch
Hmm Sudah coba berkali-kali tapi QRIS tidak bisa dipindai walaupun tidak ada notifikasi sukses saya bingung harus lapor kemana.,suspicious_transaction
Aduh Kayaknya ada QR lain yang ditempel yang ditimpa di kode QR yang sah di meja kasir ini pasti fraud.,qr_replacement
Tidak ada wifi di toko perlu diperbaiki.,other
Eh Ada pungutan seribu rupiah sebagai biaya transaksi.,additional_fees
Loh QR code tampak original dan Transaksi berhasil dan lancar. Terpercaya tokonya.,safe_confirmation
Oh iya Tiba-tiba ada tambahan Rp500 katanya biaya layanan BI melarang ini.,additional_fees
Wah Pengalaman aku: Barang sering kehabisan stok nggak masalah sih.,other
Aneh banget Nama akun tujuan enggak sama dengan nama usaha saya batalin aja transaksinya.,identity_mismatch
Wah Saya perhatikan Identitas merchant berbeda dgn nama toko yang tertera jadi saya ragu mau bayar.,identity_mismatch
Lho kok Nama akun tujuan tidak sama dgn nama usaha saya khawatir?,identity_mismatch
Diminta bayar tambahan 500 perak untuk biaya layanan saya komplain tapi diabaikan.,additional_fees
Wah Kayaknya ada QR code palsu yang menutupi QR code merchantnya di tempat pembayaran ini pasti fraud.,qr_replacement
Loh Sudah coba berkali-kali tapi QR terbaca tapi transaksi gagal namun saldo berkurang dana saya hilang.,suspicious_transaction
Transaksi QRIS gagal terus walaupun tidak ada notifikasi sukses ini sangat merugikan.,suspicious_transaction
"Aduh Syukurlah Pembayaran sukses tanpa masalah, merchant terverifikasi. Sangat mudah dan cepat.",safe_confirmation
Oh iya Ditagih Rp5.000 lagi sama alasan biaya layanan BI melarang ini.,additional_fees
Wah Transaksi QRIS gagal terus dan saldo terpotong ganda pas aku scan QR-nya mohon bantuan.,suspicious_transaction
Loh Kayaknya ada stiker QR palsu yang menutupi QR code merchantnya di kasir toko.,qr_replacement
Wah Transaksi QRIS gagal terus dan walaupun tidak ada notifikasi sukses ketika transaksi berlangsung.,suspicious_transaction
Transaksi error berkali-kali dan saldo terpotong ganda ketika transaksi berlangsung tolong segera ditangani.,suspicious_transaction
Ada kode QR yang mencurigakan mencurigakan yang ditimpa di kode QR yang sah di tempat pembayaran tolong ditindaklanjuti.,qr_replacement
Aneh banget Transaksi QRIS gagal terus waktu pembayaran diproses tapi rekening udah didebet.,suspicious_transaction
Loh Aneh banget Transaksi QRIS gagal terus waktu pembayaran diproses saldo terpotong ganda ini sangat merugikan.,suspicious_transaction
"Eh Berhasil bayar QRIS, tidak ada biaya tambahan. Transaksi berhasil dan lancar.",safe_confirmation
Nama yang muncul saat scan berbeda sama nama toko yang tertera tolong dicek.,identity_mismatch
Wah Catatan: Pencahayaan toko kurang terang.,other
"Syukurlah Proses pembayaran mulus, nama merchant sesuai sama nama toko. Puas dengan layanannya.",safe_confirmation
Eh Catatan: Tempat parkir susah sekali.,other
Loh Aneh banget Identitas merchant ga cocok dengan stiker toko langsung saya laporin.,identity_mismatch
Sistem QRIS mengalami gangguan mencurigakan saat saya coba bayar tapi saldo sudah terpotong.,suspicious_transaction
Eh Catatan: Barang sering kehabisan stok perlu diperbaiki.,other
Alhamdulillah Semua berjalan baik. nama rekening tujuan sesuai.,safe_confirmation
Alhamdulillah Proses pembayaran mulus. merchant terverifikasi. Recommended deh tokonya.,safe_confirmation
Catatan: Barang sering kehabisan stok secara keseluruhan lumayan.,other
Loh Waktu mau bayar gw notice kode QR yang mencurigakan dipasang di atas QRIS toko di depan toko saya gak jadi bayar.,qr_replacement
Eh Ada pungutan Rp5.000 sebagai ongkos pembayaran digital aku merasa dirugikan.,additional_fees
Ada pungutan Rp3.000 sebagai ongkos pembayaran digital saya komplain tapi diabaikan.,additional_fees
Ada stiker QRIS asing mencurigakan yang menimpa QRIS original di meja kasir.,qr_replacement
Kenapa ya Identitas merchant beda sama nama yang ada di plang apa ini aman??,identity_mismatch
Eh Kayaknya ada kode QR yang mencurigakan yang menutup QR code resmi di akrilik stan aku gak jadi bayar.,qr_replacement
Alhamdulillah Pembayaran QRIS sukses. logo QRIS jelas dan tidak rusak. Terpercaya tokonya.,safe_confirmation
Wah Transaksi QRIS gagal terus ketika transaksi berlangsung padahal uang sudah keluar gw bingung harus lapor kemana.,suspicious_transaction
Lho kok Nama pemilik rekening jauh berbeda dari nama di spanduk saya khawatir?,identity_mismatch
Eh Nama di layar pembayaran asing dan ga dikenal tolong dicek.,identity_mismatch
Pembayaran enggak berhasil ketika transaksi berlangsung walaupun tidak ada notifikasi sukses ini sangat merugikan.,suspicious_transaction
QRIS ga bisa dipindai pas saya scan QR-nya tapi saldo sudah terpotong.,suspicious_transaction
Setelah scan Nama di layar pembayaran gak cocok sama nama merchant resmi langsung gue laporin.,identity_mismatch
Oh iya Saya mau kasih masukan: Tempatnya bersih dan nyaman secara keseluruhan lumayan.,other
"Proses pembayaran mulus, QR code tampak original. Sangat mudah dan cepat.",safe_confirmation
Wah QRIS-nya tidak asli ada stiker QRIS asing yang ditempel di atas QR asli saya curiga ini penipuan.,qr_replacement
Loh Alhamdulillah QRIS berjalan normal. QR code tampak original. Aman digunakan.,safe_confirmation
Wah Feedback untuk toko: Harganya mahal dibanding toko lain perlu diperbaiki.,other
nama penerima cocok dengan tokonya dan Pembayaran sukses tanpa masalah.,safe_confirmation
Sudah coba berkali-kali tapi QRIS tidak bisa dipindai tapi rekening dah didebet.,suspicious_transaction
tidak ada biaya tambahan dan QRIS berjalan normal. Puas dengan layanannya.,safe_confirmation
Eh Setelah scan Identitas merchant asing dan ga dikenal saya khawatir.,identity_mismatch
Loh Aneh banget QRIS ga bisa dipindai saat saya coba bayar saldo terpotong ganda mohon bantuan.,suspicious_transaction
Eh Kasir minta Rp2.000 sebagai biaya admin QRIS BI melarang ini.,additional_fees
Oh iya Kelihatan ada kode QR yang mencurigakan yang dipasang di atas QRIS toko langsung gue laporkan.,qr_replacement
Oh iya Catatan: Barang sering kehabisan stok tidak masalah sih.,other
Transaksi error berkali-kali dan walaupun tidak ada notifikasi sukses ini sudah kedua kalinya.,suspicious_transaction
Oh iya Ditagih Rp1.500 lagi sama alasan biaya transaksi.,additional_fees
Aneh banget Nama penerima berbeda sama nama toko yang tertera apa mungkin QRIS-nya dipalsukan?.,identity_mismatch
Wah Ada pungutan Rp2.000 sebagai ongkos pembayaran digital padahal seharusnya gratis.,additional_fees
Ada stiker QRIS baru mencurigakan yang ditempel di atas QR asli di kasir toko ini pasti fraud.,qr_replacement
Eh QRIS-nya tidak asli ada QR lain yang ditempel yang ditimpa di kode QR yang sah.,qr_replacement
Eh Nama pemilik rekening asing dan tidak dikenal saya khawatir.,identity_mismatch
QRIS-nya tidak asli ada stiker QR palsu yang ditimpa di kode QR yang sah ini pasti fraud.,qr_replacement
Aneh banget Pembayaran nggak berhasil waktu pembayaran diproses saldo terpotong ganda saya bingung harus lapor kemana.,suspicious_transaction
Loh Pengalaman saya: Produknya bagus tapi packaging kurang menarik.,other
Hmm Saya perhatikan Nama yang muncul waktu scan bukan nama tokonya sama sekali saya khawatir.,identity_mismatch
Aduh nama merchant sesuai dgn nama toko dan Transaksi selesai dengan aman.,safe_confirmation
Loh Pengalaman saya: Harga dan kualitas sebanding.,other
Loh Pengalaman saya: Toko agak kotor di bagian belakang secara keseluruhan lumayan.,other
Wah Saya dikenai biaya ekstra Rp1.500 atas nama biaya transaksi tanpa pemberitahuan sebelumnya.,additional_fees
Ada pungutan Rp3.000 sebagai biaya sistem saya komplain tapi diabaikan.,additional_fees
QR terbaca tapi transaksi gagal dan saldo terpotong ganda saat aku coba bayar dana saya hilang.,suspicious_transaction
Oh iya Feedback untuk toko: Pencahayaan toko kurang terang secara keseluruhan lumayan.,other
Petugasnya minta 500 perak sebagai ongkos pembayaran digital apakah ini diperbolehkan?.,additional_fees
Ada pungutan 500 perak sebagai biaya sistem.,additional_fees
Pengalaman saya: Produknya bagus tapi packaging kurang menarik tidak masalah sih.,other
Wah Tiba-tiba ada tambahan seribu rupiah katanya biaya penggunaan QRIS ini jelas melanggar aturan.,additional_fees
Catatan: Harga dan kualitas sebanding.,other
Wah Saya lihat ada QR code palsu yang ditimpa di kode QR yang sah di tempat pembayaran gw curiga ini penipuan.,qr_replacement
Hmm Pas scan QRIS-nya Nama yang muncul saat scan berbeda dgn nama toko yang tertera jadi saya ragu mau bayar.,identity_mismatch
Alhamdulillah Transaksi berhasil dan lancar. merchant terverifikasi. Puas dengan layanannya.,safe_confirmation
Eh Transaksi error berkali-kali dan tapi rekening udah didebet waktu pembayaran diproses.,suspicious_transaction
Hmm Saya perhatikan Nama rekening tujuan beda banget dari nama tokonya apa ini aman?.,identity_mismatch
Aduh QRIS-nya tidak asli ada QR code palsu yang nempel di atas akrilik QRIS langsung gue laporkan.,qr_replacement
Wah Sistem QRIS mengalami gangguan mencurigakan dan tapi rekening dah didebet waktu pembayaran diproses aku bingung harus lapor kemana.,suspicious_transaction
Aduh Diminta bayar tambahan Rp2.500 untuk biaya layanan saya komplain tapi diabaikan.,additional_fees
Tiba-tiba ada tambahan Rp2.000 katanya biaya layanan ini nggak boleh.,additional_fees
Aduh QRIS terlihat asli dan resmi dan QRIS berjalan normal. Recommended deh tokonya.,safe_confirmation
Oh iya Barang sering kehabisan stok nggak masalah sih.,other
"Berhasil bayar QRIS, merchant terverifikasi. Proses pembayaran mulus. Terpercaya tokonya.",safe_confirmation
Hmm Tiba-tiba ada tambahan Rp5.000 katanya biaya layanan tanpa pemberitahuan sebelumnya.,additional_fees
Pembayaran tidak berhasil saat aku coba bayar tapi rekening dah didebet ini sangat merugikan.,suspicious_transaction
Aneh banget Nama pemilik rekening beda sama nama yang ada di plang tolong dicek.,identity_mismatch
Loh QR code tampak original dan Transaksi selesai sama aman. Aman digunakan.,safe_confirmation
"Hmm Pembayaran QRIS sukses, nama merchant sesuai sama nama toko. Aman digunakan.",safe_confirmation
Oh iya Ditagih Rp3.000 lagi dengan alasan biaya penggunaan QRIS ini tidak boleh.,additional_fees
Wah QRIS tidak bisa dipindai dan tapi rekening sudah didebet ketika transaksi berlangsung mohon bantuan.,suspicious_transaction
Aduh Pengalaman saya: AC di dalam toko terlalu dingin semoga bisa lebih baik.,other
Identitas merchant tidak sesuai dengan nama toko apa ini aman?.,identity_mismatch
"Oh iya Proses pembayaran mulus, nama penerima cocok dgn tokonya. Puas dengan layanannya.",safe_confirmation
Tiba-tiba ada tambahan Rp500 katanya biaya layanan ini jelas melanggar aturan.,additional_fees
Pengalaman saya: Barang sering kehabisan stok tidak masalah sih.,other
Eh Pas scan QRIS-nya Nama penerima bukan nama tokonya sama sekali langsung gw laporin.,identity_mismatch
Loh Aneh banget QR terbaca tapi transaksi gagal tapi rekening sudah didebet ini banget merugikan.,suspicious_transaction
Aneh banget QR terbaca tapi transaksi gagal pas aku scan QR-nya tapi saldo sudah terpotong mohon bantuan.,suspicious_transaction
Loh Sudah coba berkali-kali tapi Transaksi error berkali-kali tapi saldo sudah terpotong.,suspicious_transaction
Hmm Setelah scan Identitas merchant nama orang bukan nama toko jadi saya ragu mau bayar.,identity_mismatch
Aduh Aneh banget Transaksi QRIS gagal terus saldo terpotong ganda.,suspicious_transaction
Ada QR lain yang ditempel mencurigakan yang ditimpa di kode QR yang sah di akrilik stan gw gak jadi bayar.,qr_replacement
Pelayanan kasirnya kurang ramah enggak masalah sih.,other
Sudah coba berkali-kali tapi Transaksi QRIS gagal terus saldo terpotong ganda aku minta refund.,suspicious_transaction
Eh QRIS-nya enggak asli ada QR code palsu yang menutupi QR code merchantnya tolong ditindaklanjuti.,qr_replacement
Diminta bayar tambahan dua ribu rupiah untuk biaya transaksi.,additional_fees
Diminta bayar tambahan Rp2.500 untuk biaya layanan padahal seharusnya gratis.,additional_fees
Sudah coba berkali-kali tapi Transaksi QRIS gagal terus saldo terpotong ganda saya minta refund.,suspicious_transaction
Alhamdulillah Pembayaran QRIS sukses. QRIS terlihat asli dan resmi. Recommended deh tokonya.,safe_confirmation
Aduh Pengalaman gw: Barang sering kehabisan stok tapi overall oke kok.,other
Aduh Kayaknya ada stiker QRIS asing yang menutupi QR code merchantnya di akrilik stan.,qr_replacement
Wah Aneh banget Transaksi QRIS gagal terus saat gw coba bayar namun saldo berkurang saya minta refund.,suspicious_transaction
"Oh iya Syukurlah QRIS berjalan normal, logo QRIS jelas dan tidak rusak. Sangat mudah dan cepat.",safe_confirmation
Wah Saya lihat ada QR lain yang ditempel yang menutup QR code resmi di akrilik stan saya foto dulu sebagai bukti.,qr_replacement
QRIS tidak bisa dipindai dan walaupun tidak ada notifikasi sukses pas saya scan QR-nya ini amat merugikan.,suspicious_transaction
QRIS-nya tidak asli ada QR lain yang ditempel yang menimpa QRIS original langsung aku laporkan.,qr_replacement
Oh iya Kelihatan ada stiker QR palsu yang ditimpa di kode QR yang sah ini pasti fraud.,qr_replacement
Feedback untuk toko: Tidak ada wifi di toko tapi overall oke kok.,other
"Wah Berhasil bayar QRIS, QRIS terlihat asli dan resmi. Semua berjalan baik. Puas dengan layanannya.",safe_confirmation
Ada pungutan seribu rupiah sebagai biaya sistem BI melarang ini.,additional_fees
Oh iya Ada QR code palsu mencurigakan yang ditempel di atas QR asli di depan toko tolong ditindaklanjuti.,qr_replacement
Alhamdulillah Pembayaran QRIS sukses. QRIS terlihat asli dan resmi.,safe_confirmation
"Aduh Syukurlah Proses pembayaran mulus, nama rekening tujuan sesuai. Terpercaya tokonya.",safe_confirmation
Aduh Transaksi error berkali-kali saat saya coba bayar tapi saldo sudah terpotong mohon bantuan.,suspicious_transaction
Wah QR terbaca tapi transaksi gagal waktu pembayaran diproses namun saldo berkurang dana saya hilang.,suspicious_transaction
Oh iya Kelihatan ada stiker QRIS asing yang ditempel di atas QR asli gw curiga ini penipuan.,qr_replacement
Aduh Feedback untuk toko: Tidak ada wifi di toko secara keseluruhan lumayan.,other
Oh iya Aneh banget QRIS tidak bisa dipindai pas aku scan QR-nya padahal uang sudah keluar.,suspicious_transaction
Eh Sudah coba berkali-kali tapi Transaksi error berkali-kali padahal uang sudah keluar saya minta refund.,suspicious_transaction
Ada pungutan seribu rupiah sebagai tanpa alasan jelas tanpa pemberitahuan sebelumnya.,additional_fees
Oh iya Saya perhatikan Nama penerima asing dan enggak dikenal saya batalin aja transaksinya.,identity_mismatch
"QRIS berjalan normal, logo QRIS jelas dan tidak rusak.",safe_confirmation
Loh Sudah coba berkali-kali tapi Sistem QRIS mengalami gangguan mencurigakan tapi saldo udah terpotong saya bingung harus lapor kemana.,suspicious_transaction
"Syukurlah Transaksi selesai dengan aman, QRIS terlihat asli dan resmi. Puas dengan layanannya.",safe_confirmation
Aneh banget Transaksi QRIS gagal terus ketika transaksi berlangsung padahal uang dah keluar mohon bantuan.,suspicious_transaction
"Eh Syukurlah Semua berjalan baik, nama rekening tujuan sesuai.",safe_confirmation
Setelah scan Nama penerima beda sama nama yang ada di plang saya khawatir.,identity_mismatch
Kayaknya ada QR code palsu yang menimpa QRIS original di akrilik stan.,qr_replacement
Kayaknya ada QR lain yang ditempel yang menimpa QRIS original di meja kasir saya foto dulu sebagai bukti.,qr_replacement
Transaksi QRIS gagal terus ketika transaksi berlangsung walaupun tidak ada notifikasi sukses ini udah kedua kalinya.,suspicious_transaction
Loh nama rekening tujuan sesuai dan Transaksi selesai dengan aman. Recommended deh tokonya.,safe_confirmation
Saya perhatikan Nama di layar pembayaran berbeda sama nama toko yang tertera apa mungkin QRIS-nya dipalsukan?.,identity_mismatch
Loh Kelihatan ada QR lain yang ditempel yang menutup QR code resmi saya curiga ini penipuan.,qr_replacement
Aduh Diminta bayar tambahan seribu rupiah untuk ongkos pembayaran digital tanpa pemberitahuan sebelumnya.,additional_fees
Hmm Petugasnya minta Rp2.000 sebagai biaya transaksi tanpa pemberitahuan sebelumnya.,additional_fees
"Pembayaran sukses tanpa masalah, merchant terverifikasi. Aman digunakan.",safe_confirmation
Oh iya nama rekening tujuan sesuai dan Transaksi berhasil dan lancar. Terpercaya tokonya.,safe_confirmation
Sudah coba berkali-kali tapi Transaksi QRIS gagal terus walaupun gak ada notifikasi sukses mohon bantuan.,suspicious_transaction
Wah Saya lihat ada stiker QR palsu yang menutupi QR code merchantnya di kasir toko langsung saya laporkan.,qr_replacement
Nama di layar pembayaran beda banget dari nama tokonya bikin curiga.,identity_mismatch
Ada stiker QRIS baru mencurigakan yang menutupi QR code merchantnya di tempat pembayaran.,qr_replacement
"Hmm Pembayaran QRIS sukses, nama rekening tujuan sesuai.",safe_confirmation
Loh QRIS-nya nggak asli ada kode QR yang mencurigakan yang ditimpa di kode QR yang sah langsung gue laporkan.,qr_replacement
Wah Saya perhatikan Nama penerima gak cocok sama nama merchant resmi jadi saya ragu mau bayar.,identity_mismatch
Eh QR terbaca tapi transaksi gagal waktu saya coba bayar saldo terpotong ganda tolong segera ditangani.,suspicious_transaction
Oh iya Kelihatan ada stiker QRIS baru yang nempel di atas akrilik QRIS ini pasti fraud.,qr_replacement
Waktu mau bayar saya notice kode QR yang mencurigakan ditempel di atas QR asli di tempat pembayaran saya curiga ini penipuan.,qr_replacement
"Loh Berhasil bayar QRIS, tidak ada biaya tambahan. Pembayaran sukses tanpa masalah. Aman digunakan.",safe_confirmation
Sistem QRIS mengalami gangguan mencurigakan walaupun tidak ada notifikasi sukses ini sangat merugikan.,suspicious_transaction
Hmm Ada pungutan Rp2.000 sebagai biaya admin QRIS ini tidak boleh.,additional_fees
Saya lihat ada stiker QRIS asing yang menutupi QR code merchantnya di depan toko langsung saya laporkan.,qr_replacement
Saya perhatikan Nama akun tujuan tidak cocok dengan stiker toko apa mungkin QRIS-nya dipalsukan?.,identity_mismatch
Loh Sudah coba berkali-kali tapi QR terbaca tapi transaksi gagal tapi saldo sudah terpotong ini banget merugikan.,suspicious_transaction
Waktu mau bayar gw notice kode QR yang mencurigakan menimpa QRIS original di kasir toko.,qr_replacement
"Proses pembayaran mulus, nama merchant sesuai dgn nama toko. Recommended deh tokonya.",safe_confirmation
Wah Kenapa ya Identitas merchant tidak cocok dengan stiker toko ini fraud ya??,identity_mismatch
Pengalaman saya: Produknya bagus tapi packaging kurang menarik.,other
nama merchant sesuai dengan nama toko dan Semua berjalan baik. Tidak ada kendala sama sekali.,safe_confirmation
Eh Nama pemilik rekening enggak cocok dengan stiker toko jadi saya ragu mau bayar.,identity_mismatch
Wah Aneh banget Nama yang muncul ketika scan nama orang bukan nama toko ini fraud ya?.,identity_mismatch
"Transaksi selesai dengan aman, nama penerima cocok dengan tokonya. Puas dengan layanannya.",safe_confirmation
Wah Aneh banget Sistem QRIS mengalami gangguan mencurigakan pas saya scan QR-nya padahal uang sudah keluar saya bingung harus lapor kemana.,suspicious_transaction
Hmm QRIS-nya tidak asli ada stiker QR palsu yang menutup QR code resmi.,qr_replacement
Oh iya Saya perhatikan Nama penerima gak cocok sama nama merchant resmi.,identity_mismatch
Kayaknya ada stiker QRIS asing yang ditimpa di kode QR yang sah di akrilik stan saya gak jadi bayar.,qr_replacement
Oh iya Lho kok Nama akun tujuan tidak sesuai dengan nama toko tolong dicek?,identity_mismatch
Aduh Saya mau kasih masukan: Toko agak kotor di bagian belakang semoga bisa lebih baik.,other
Loh Waktu mau bayar saya notice QR lain yang ditempel menutup QR code resmi di kasir toko tolong ditindaklanjuti.,qr_replacement
Kelihatan ada QR code palsu yang menimpa QRIS original tolong ditindaklanjuti.,qr_replacement
Loh Aneh banget QRIS nggak bisa dipindai ketika transaksi berlangsung tapi saldo udah terpotong ini sudah kedua kalinya.,suspicious_transaction
Kenapa ya Nama rekening tujuan jauh berbeda dari nama di spanduk apa mungkin QRIS-nya dipalsukan??,identity_mismatch
Saya mau kasih masukan: Barang sering kehabisan stok perlu diperbaiki.,other
Kayaknya ada kode QR yang mencurigakan yang menimpa QRIS original di meja kasir ini pasti fraud.,qr_replacement
Eh Waktu mau bayar saya notice QR lain yang ditempel menutup QR code resmi di akrilik stan saya foto dulu sebagai bukti.,qr_replacement
Eh Saya dikenai biaya ekstra Rp2.000 atas nama biaya penggunaan QRIS apakah ini diperbolehkan?.,additional_fees
Wah Pengalaman gw: Tempatnya bersih dan nyaman secara keseluruhan lumayan.,other
"Syukurlah Proses pembayaran mulus, merchant terverifikasi. Aman digunakan.",safe_confirmation
"Aduh Berhasil bayar QRIS, merchant terverifikasi. Transaksi berhasil dan lancar. Recommended deh tokonya.",safe_confirmation
"Eh Berhasil bayar QRIS, logo QRIS jelas dan tidak rusak. Transaksi berhasil dan lancar. Recommended deh tokonya.",safe_confirmation
Loh Sistem QRIS mengalami gangguan mencurigakan dan walaupun ga ada notifikasi sukses waktu pembayaran diproses saya bingung harus lapor kemana.,suspicious_transaction
Hmm Pengalaman gue: Toko terlalu ramai dan sempit tidak masalah sih.,other
Hmm Alhamdulillah Semua berjalan baik. QRIS terlihat asli dan resmi. Recommended deh tokonya.,safe_confirmation
"Aduh Syukurlah Transaksi berhasil dan lancar, nama merchant sesuai dengan nama toko.",safe_confirmation
Saya lihat ada stiker QRIS asing yang ditempel di atas QR asli di kasir toko tolong ditindaklanjuti.,qr_replacement
Wah Feedback untuk toko: Toko terlalu ramai dan sempit.,other
Hmm Feedback untuk toko: Harganya mahal dibanding toko lain tapi overall oke kok.,other
Oh iya Aneh banget QRIS gak bisa dipindai pas aku scan QR-nya walaupun tidak ada notifikasi sukses saya minta refund.,suspicious_transaction
Hmm Nama di layar pembayaran bukan nama tokonya sama sekali.,identity_mismatch
Hmm Ditagih Rp1.500 lagi dgn alasan ongkos pembayaran digital saya komplain tapi diabaikan.,additional_fees
Wah Pembayaran ga berhasil dan namun saldo berkurang pas gw scan QR-nya saya bingung harus lapor kemana.,suspicious_transaction
Oh iya nama penerima cocok dgn tokonya dan Transaksi berhasil dan lancar. Aman digunakan.,safe_confirmation
Oh iya Saya lihat ada stiker QR palsu yang ditempel di atas QR asli di meja kasir saya gak jadi bayar.,qr_replacement
Wah Tiba-tiba ada tambahan Rp2.500 katanya ongkos pembayaran digital tanpa pemberitahuan sebelumnya.,additional_fees
Eh merchant terverifikasi dan Pembayaran sukses tanpa masalah.,safe_confirmation
"Eh QRIS berjalan normal, nama penerima cocok dengan tokonya. Puas dengan layanannya.",safe_confirmation
Eh Saya lihat ada stiker QR palsu yang menutup QR code resmi di meja kasir langsung saya laporkan.,qr_replacement
"Proses pembayaran mulus, nama penerima cocok dengan tokonya. Terpercaya tokonya.",safe_confirmation
Hmm QRIS-nya tidak asli ada QR lain yang ditempel yang ditimpa di kode QR yang sah saya gak jadi bayar.,qr_replacement
Loh QRIS-nya gak asli ada stiker QRIS baru yang menutupi QR code merchantnya saya curiga ini penipuan.,qr_replacement
Kayaknya ada stiker QR palsu yang ditempel di atas QR asli di tempat pembayaran ini pasti fraud.,qr_replacement
Oh iya QR terbaca tapi transaksi gagal dan tapi rekening udah didebet ini sudah kedua kalinya.,suspicious_transaction
Oh iya Tiba-tiba ada tambahan Rp1.500 katanya biaya penggunaan QRIS saya komplain tapi diabaikan.,additional_fees
Saya dikenai biaya ekstra Rp2.000 atas nama tanpa alasan jelas saya komplain tapi diabaikan.,additional_fees
Feedback untuk toko: Lokasi toko strategis banget tapi overall oke kok.,other
Oh iya Alhamdulillah Transaksi berhasil dan lancar. tidak ada biaya tambahan. Sangat mudah dan cepat.,safe_confirmation
Hmm Ditagih Rp500 lagi sama alasan biaya admin QRIS ini jelas melanggar aturan.,additional_fees
Loh Aneh banget QRIS tidak bisa dipindai pas saya scan QR-nya namun saldo berkurang mohon bantuan.,suspicious_transaction
Ditagih Rp2.500 lagi dengan alasan biaya layanan tanpa pemberitahuan sebelumnya.,additional_fees
Aneh banget Transaksi error berkali-kali waktu pembayaran diproses namun saldo berkurang gue bingung harus lapor kemana.,suspicious_transaction
Aneh banget Nama pemilik rekening beda sama nama yang ada di plang saya khawatir.,identity_mismatch
Wah Saya dikenai biaya ekstra 500 perak atas nama tanpa alasan jelas ini jelas melanggar aturan.,additional_fees
Aduh Aneh banget Nama di layar pembayaran bukan nama tokonya sama sekali ini fraud ya?.,identity_mismatch
Loh Waktu mau bayar saya notice QR lain yang ditempel menutupi QR code merchantnya di kasir toko ini pasti fraud.,qr_replacement
Wah Tiba-tiba ada tambahan dua ribu rupiah katanya biaya penggunaan QRIS apakah ini diperbolehkan?.,additional_fees
Oh iya Pembayaran tidak berhasil waktu pembayaran diproses namun saldo berkurang.,suspicious_transaction
Nama akun tujuan jauh berbeda dari nama di spanduk bikin curiga.,identity_mismatch
Catatan: Harganya mahal dibanding toko lain semoga bisa lebih baik.,other
Oh iya Ada pungutan Rp2.000 sebagai biaya layanan saya komplain tapi diabaikan.,additional_fees
Feedback untuk toko: AC di dalam toko terlalu dingin perlu diperbaiki.,other
Eh Ditagih Rp2.000 lagi dengan alasan tanpa alasan jelas.,additional_fees
"Eh Syukurlah QRIS berjalan normal, merchant terverifikasi. Aman digunakan.",safe_confirmation
Aduh Ada pungutan Rp2.000 sebagai biaya admin QRIS ini tidak boleh.,additional_fees
Wah Aneh banget QRIS tidak bisa dipindai pas gue scan QR-nya walaupun tidak ada notifikasi sukses.,suspicious_transaction
Aduh Kenapa ya Identitas merchant gak cocok sama nama merchant resmi bikin curiga?,identity_mismatch
Loh Kasir minta Rp500 sebagai biaya transaksi ini jelas melanggar aturan.,additional_fees
Ada pungutan Rp5.000 sebagai biaya transaksi apakah ini diperbolehkan?.,additional_fees
Pas scan QRIS-nya Nama akun tujuan bukan nama tokonya sama sekali apa ini aman?.,identity_mismatch
Eh Waktu mau bayar saya notice kode QR yang mencurigakan menimpa QRIS original di tempat pembayaran tolong ditindaklanjuti.,qr_replacement
Saya perhatikan Nama pemilik rekening beda banget dari nama tokonya apa mungkin QRIS-nya dipalsukan?.,identity_mismatch
"Wah Syukurlah QRIS berjalan normal, nama penerima cocok dengan tokonya. Sangat mudah dan cepat.",safe_confirmation
Oh iya QR terbaca tapi transaksi gagal dan tapi saldo sudah terpotong waktu pembayaran diproses.,suspicious_transaction
Saya mau kasih masukan: Lokasi toko strategis banget ga masalah sih.,other
Waktu mau bayar saya notice QR lain yang ditempel ditimpa di kode QR yang sah di meja kasir.,qr_replacement
Oh iya logo QRIS jelas dan tidak rusak dan Transaksi berhasil dan lancar. Tidak ada kendala sama sekali.,safe_confirmation
Eh Waktu mau bayar saya notice kode QR yang mencurigakan dipasang di atas QRIS toko di meja kasir saya foto dulu sebagai bukti.,qr_replacement
"Transaksi selesai dengan aman, nama merchant sesuai dengan nama toko. Terpercaya tokonya.",safe_confirmation
Oh iya Sudah coba berkali-kali tapi Transaksi QRIS gagal terus tapi rekening dah didebet tolong segera ditangani.,suspicious_transaction
Oh iya Diminta bayar tambahan Rp1.000 untuk tanpa alasan jelas gue komplain tapi diabaikan.,additional_fees
Kelihatan ada stiker QRIS asing yang menimpa QRIS original.,qr_replacement
Oh iya Ada pungutan Rp1.500 sebagai biaya transaksi saya komplain tapi diabaikan.,additional_fees
Aneh banget Nama yang muncul saat scan jauh berbeda dari nama di spanduk aku batalin aja transaksinya.,identity_mismatch
Oh iya Saya dikenai biaya ekstra Rp500 atas nama tanpa alasan jelas saya merasa dirugikan.,additional_fees
Eh Diminta bayar tambahan Rp2.500 untuk biaya penggunaan QRIS gw merasa dirugikan.,additional_fees
Wah Sistem QRIS mengalami gangguan mencurigakan dan namun saldo berkurang saat saya coba bayar saya minta refund.,suspicious_transaction
Tiba-tiba ada tambahan 500 perak katanya tanpa alasan jelas.,additional_fees
Transaksi error berkali-kali waktu pembayaran diproses tapi saldo sudah terpotong saya bingung harus lapor kemana.,suspicious_transaction
Eh Tidak ada wifi di toko secara keseluruhan lumayan.,other
"Syukurlah QRIS berjalan normal, logo QRIS jelas dan tidak rusak. Recommended deh tokonya.",safe_confirmation
Wah Saya perhatikan Nama akun tujuan nama orang bukan nama toko apa ini aman?.,identity_mismatch
Eh Saya dikenai biaya ekstra Rp1.500 atas nama biaya sistem ini tidak boleh.,additional_fees
QRIS gak bisa dipindai dan tapi rekening dah didebet ketika transaksi berlangsung tolong segera ditangani.,suspicious_transaction
Wah Saya mau kasih masukan: Kualitas produknya bagus sekali secara keseluruhan lumayan.,other
Eh Saya perhatikan Nama yang muncul saat scan tidak sesuai dgn nama toko apa mungkin QRIS-nya dipalsukan?.,identity_mismatch
"Transaksi selesai dengan aman, QRIS terlihat asli dan resmi. Aman digunakan.",safe_confirmation
Waktu mau bayar saya notice QR lain yang ditempel nempel di atas akrilik QRIS di tempat pembayaran saya curiga ini penipuan.,qr_replacement
Oh iya QRIS-nya tidak asli ada stiker QR palsu yang dipasang di atas QRIS toko.,qr_replacement
Saya mau kasih masukan: Antrian di kasir sangat panjang tapi overall oke kok.,other
Ditagih 500 perak lagi sama alasan ongkos pembayaran digital apakah ini diperbolehkan?.,additional_fees
"Syukurlah QRIS berjalan normal, nama rekening tujuan sesuai. Tidak ada kendala sama sekali.",safe_confirmation
Oh iya Waktu mau bayar saya notice QR lain yang ditempel nempel di atas akrilik QRIS di kasir toko saya curiga ini penipuan.,qr_replacement
Aneh banget Nama merchant tidak sama dengan nama usaha apa mungkin QRIS-nya dipalsukan?.,identity_mismatch
Aduh Ada QR lain yang ditempel mencurigakan yang menutup QR code resmi di tempat pembayaran langsung saya laporkan.,qr_replacement
Hmm Tiba-tiba ada tambahan Rp500 katanya biaya layanan BI melarang ini.,additional_fees
Waktu mau bayar gue notice QR lain yang ditempel dipasang di atas QRIS toko di tempat pembayaran.,qr_replacement
Saya perhatikan Nama rekening tujuan berbeda dengan nama toko yang tertera apa ini aman?.,identity_mismatch
Oh iya Saya dikenai biaya ekstra dua ribu rupiah atas nama ongkos pembayaran digital apakah ini diperbolehkan?.,additional_fees
Loh Saya perhatikan Nama rekening tujuan tidak sesuai dengan nama toko tolong dicek.,identity_mismatch
Diminta bayar tambahan seribu rupiah untuk biaya penggunaan QRIS ini nggak boleh.,additional_fees
Oh iya Nama yang muncul saat scan jauh berbeda dari nama di spanduk tolong dicek.,identity_mismatch
Aneh banget Nama akun tujuan jauh berbeda dari nama di spanduk apa mungkin QRIS-nya dipalsukan?.,identity_mismatch
Pas scan QRIS-nya Nama akun tujuan bukan nama tokonya sama sekali bikin curiga.,identity_mismatch
Saya lihat ada QR lain yang ditempel yang menutup QR code resmi di kasir toko saya curiga ini penipuan.,qr_replacement
"Oh iya Syukurlah Pembayaran QRIS sukses, QR code tampak original. Terpercaya tokonya.",safe_confirmation
Harganya mahal dibanding toko lain secara keseluruhan lumayan.,other
Aduh Waktu mau bayar gue notice stiker QRIS baru nempel di atas akrilik QRIS di kasir toko ini pasti fraud.,qr_replacement
QRIS-nya gak asli ada QR lain yang ditempel yang dipasang di atas QRIS toko saya gak jadi bayar.,qr_replacement
"Aduh QRIS berjalan normal, nama penerima cocok sama tokonya.",safe_confirmation
Aneh banget Pembayaran tidak berhasil ketika transaksi berlangsung saldo terpotong ganda tolong segera ditangani.,suspicious_transaction
Eh Pengalaman saya: Tempatnya bersih dan nyaman semoga bisa lebih baik.,other
Sudah coba berkali-kali tapi QRIS ga bisa dipindai tapi saldo sudah terpotong dana saya hilang.,suspicious_transaction
Petugasnya minta Rp2.000 sebagai biaya admin QRIS tanpa pemberitahuan sebelumnya.,additional_fees
Loh Pas scan QRIS-nya Nama rekening tujuan bukan nama tokonya sama sekali saya batalin aja transaksinya.,identity_mismatch
Aneh banget Sistem QRIS mengalami gangguan mencurigakan waktu pembayaran diproses tapi rekening sudah didebet ini amat merugikan.,suspicious_transaction
Saya perhatikan Nama akun tujuan tidak sesuai dengan nama toko tolong dicek.,identity_mismatch
merchant terverifikasi dan Proses pembayaran mulus. Recommended deh tokonya.,safe_confirmation
QRIS-nya gak asli ada kode QR yang mencurigakan yang menimpa QRIS original tolong ditindaklanjuti.,qr_replacement
"Eh Syukurlah Transaksi selesai dengan aman, logo QRIS jelas dan nggak rusak. Sangat mudah dan cepat.",safe_confirmation
Feedback untuk toko: Toko terlalu ramai dan sempit semoga bisa lebih baik.,other
Hmm Pengalaman gue: Pelayanan kasirnya kurang ramah.,other
Loh Ada kode QR yang mencurigakan mencurigakan yang dipasang di atas QRIS toko di kasir toko ini pasti fraud.,qr_replacement
Wah Tiba-tiba ada tambahan Rp2.000 katanya biaya penggunaan QRIS ini jelas melanggar aturan.,additional_fees
Lho kok Nama yang muncul saat scan tidak sesuai dengan nama toko?,identity_mismatch
"Eh Syukurlah Transaksi berhasil dan lancar, merchant terverifikasi. Puas dgn layanannya.",safe_confirmation
Wah Pengalaman saya: Toko agak kotor di bagian belakang tidak masalah sih.,other
Loh Kayaknya ada stiker QRIS baru yang ditimpa di kode QR yang sah di depan toko saya foto dulu sebagai bukti.,qr_replacement
Kelihatan ada stiker QR palsu yang ditimpa di kode QR yang sah saya foto dulu sebagai bukti.,qr_replacement
Loh Si penjualnya minta seribu rupiah sebagai biaya transaksi saya komplain tapi diabaikan.,additional_fees
Eh Tempatnya bersih dan nyaman tapi overall oke kok.,other
Kelihatan ada QR code palsu yang dipasang di atas QRIS toko langsung saya laporkan.,qr_replacement
Tiba-tiba ada tambahan Rp2.000 katanya biaya sistem apakah ini diperbolehkan?.,additional_fees
Eh Aneh banget Pembayaran tidak berhasil ketika transaksi berlangsung padahal uang sudah keluar.,suspicious_transaction
Sudah coba berkali-kali tapi Sistem QRIS mengalami gangguan mencurigakan walaupun tidak ada notifikasi sukses saya bingung harus lapor kemana.,suspicious_transaction
Lho kok Nama penerima jauh berbeda dari nama di spanduk apa mungkin QRIS-nya dipalsukan??,identity_mismatch
Aduh Setelah scan Nama merchant tidak sesuai sama nama toko bikin curiga.,identity_mismatch
AC di dalam toko terlalu dingin perlu diperbaiki.,other
Eh Ditagih Rp2.500 lagi dengan alasan biaya penggunaan QRIS saya komplain tapi diabaikan.,additional_fees
Feedback untuk toko: Harga dan kualitas sebanding.,other
Wah Diminta bayar tambahan dua ribu rupiah untuk ongkos pembayaran digital.,additional_fees
Pengalaman saya: Lokasi toko strategis banget tidak masalah sih.,other
Antrian di kasir sangat panjang secara keseluruhan lumayan.,other
Oh iya Saya lihat ada QR lain yang ditempel yang dipasang di atas QRIS toko di depan toko saya curiga ini penipuan.,qr_replacement
Saya mau kasih masukan: Barang sering kehabisan stok.,other
Hmm Alhamdulillah Transaksi selesai dengan aman. logo QRIS jelas dan gak rusak. Tidak ada kendala sama sekali.,safe_confirmation
Tiba-tiba ada tambahan Rp2.500 katanya biaya layanan gw merasa dirugikan.,additional_fees
Wah Kayaknya ada stiker QRIS asing yang ditempel di atas QR asli di tempat pembayaran.,qr_replacement
Feedback untuk toko: Lokasi toko strategis banget semoga bisa lebih baik.,other
Loh QRIS-nya tidak asli ada stiker QRIS asing yang nempel di atas akrilik QRIS gw foto dulu sebagai bukti.,qr_replacement
Pas scan QRIS-nya Nama di layar pembayaran bukan nama tokonya sama sekali apa mungkin QRIS-nya dipalsukan?.,identity_mismatch
Aneh banget QRIS tidak bisa dipindai waktu pembayaran diproses tapi rekening udah didebet dana saya hilang.,suspicious_transaction
Loh Ditagih Rp2.500 lagi sama alasan biaya sistem saya komplain tapi diabaikan.,additional_fees
merchant terverifikasi dan Pembayaran sukses tanpa masalah. Puas dengan layanannya.,safe_confirmation
Aduh Harganya mahal dibanding toko lain semoga bisa lebih baik.,other
"Aduh Syukurlah Pembayaran QRIS sukses, tidak ada biaya tambahan.",safe_confirmation
Transaksi QRIS gagal terus dan namun saldo berkurang ketika transaksi berlangsung ini sangat merugikan.,suspicious_transaction
"Oh iya Syukurlah QRIS berjalan normal, nama penerima cocok dengan tokonya. Tidak ada kendala sama sekali.",safe_confirmation
Hmm ga ada biaya tambahan dan Transaksi selesai dengan aman. Puas dengan layanannya.,safe_confirmation
Oh iya Tiba-tiba ada tambahan dua ribu rupiah katanya tanpa alasan jelas ini jelas melanggar aturan.,additional_fees
Eh Mbaknya minta seribu rupiah sebagai biaya admin QRIS BI melarang ini.,additional_fees
Saya perhatikan Nama pemilik rekening jauh berbeda dari nama di spanduk jadi saya ragu mau bayar.,identity_mismatch
Eh Ada stiker QRIS asing mencurigakan yang ditempel di atas QR asli di tempat pembayaran tolong ditindaklanjuti.,qr_replacement
"Wah Syukurlah Pembayaran sukses tanpa masalah, QR code tampak original. Aman digunakan.",safe_confirmation
Eh Saya dikenai biaya ekstra Rp2.000 atas nama biaya admin QRIS apakah ini diperbolehkan?.,additional_fees
Aduh Kelihatan ada kode QR yang mencurigakan yang ditempel di atas QR asli tolong ditindaklanjuti.,qr_replacement
Aduh Ditagih Rp2.500 lagi dengan alasan biaya layanan apakah ini diperbolehkan?.,additional_fees
Saya lihat ada QR code palsu yang menutup QR code resmi di depan toko ini pasti fraud.,qr_replacement
Wah QRIS-nya tidak asli ada kode QR yang mencurigakan yang menimpa QRIS original gw curiga ini penipuan.,qr_replacement
Saya mau kasih masukan: Pencahayaan toko kurang terang perlu diperbaiki.,other
Oh iya Saya mau kasih masukan: Produknya bagus tapi packaging kurang menarik semoga bisa lebih baik.,other
Loh Waktu mau bayar aku notice stiker QR palsu ditimpa di kode QR yang sah di meja kasir saya gak jadi bayar.,qr_replacement
Wah Saya dikenai biaya ekstra seribu rupiah atas nama biaya penggunaan QRIS ini jelas melanggar aturan.,additional_fees
"Berhasil bayar QRIS, merchant terverifikasi. Transaksi selesai dengan aman. Sangat mudah dan cepat.",safe_confirmation
Aduh Pengalaman aku: Toko terlalu ramai dan sempit tapi overall oke kok.,other
Hmm Saya mau kasih masukan: AC di dalam toko terlalu dingin tapi overall oke kok.,other
Oh iya Tiba-tiba ada tambahan Rp3.000 katanya ongkos pembayaran digital ini tidak boleh.,additional_fees
Aduh Pengalaman saya: Tempat parkir susah sekali tidak masalah sih.,other
"Aduh Pembayaran QRIS sukses, QR code tampak original. Tidak ada kendala sama sekali.",safe_confirmation
Aduh Sistem QRIS mengalami gangguan mencurigakan dan saldo terpotong ganda ketika transaksi berlangsung gue bingung harus lapor kemana.,suspicious_transaction
Diminta bayar tambahan Rp3.000 untuk tanpa alasan jelas aku merasa dirugikan.,additional_fees
Feedback untuk toko: Harganya mahal dibanding toko lain secara keseluruhan lumayan.,other
"Wah Syukurlah Transaksi selesai dengan aman, tidak ada biaya tambahan. Terpercaya tokonya.",safe_confirmation
Wah Diminta bayar tambahan seribu rupiah untuk tanpa alasan jelas tanpa pemberitahuan sebelumnya.,additional_fees
Oh iya Saya mau kasih masukan: Harga dan kualitas sebanding perlu diperbaiki.,other
Hmm Lho kok Nama di layar pembayaran jauh berbeda dari nama di spanduk jadi gue ragu mau bayar?,identity_mismatch
Wah Catatan: Produknya bagus tapi packaging kurang menarik secara keseluruhan lumayan.,other
Saya lihat ada stiker QRIS asing yang nempel di atas akrilik QRIS di akrilik stan saya curiga ini penipuan.,qr_replacement
"Semua berjalan baik, tidak ada biaya tambahan. Terpercaya tokonya.",safe_confirmation
QRIS-nya tidak asli ada stiker QRIS baru yang dipasang di atas QRIS toko aku foto dulu sebagai bukti.,qr_replacement
Loh Aneh banget Transaksi error berkali-kali ketika transaksi berlangsung padahal uang sudah keluar aku minta refund.,suspicious_transaction
Pas scan QRIS-nya Nama di layar pembayaran beda sama nama yang ada di plang gw khawatir.,identity_mismatch
Sudah coba berkali-kali tapi Pembayaran tidak berhasil namun saldo berkurang aku bingung harus lapor kemana.,suspicious_transaction
Transaksi QRIS gagal terus waktu pembayaran diproses namun saldo berkurang.,suspicious_transaction
Eh Ditagih Rp2.000 lagi dengan alasan ongkos pembayaran digital padahal seharusnya gratis.,additional_fees
Saya dikenai biaya ekstra Rp3.000 atas nama biaya transaksi tanpa pemberitahuan sebelumnya.,additional_fees
"Berhasil bayar QRIS, merchant terverifikasi. Transaksi selesai dengan aman. Tidak ada kendala sama sekali.",safe_confirmation
"Pembayaran QRIS sukses, QRIS terlihat asli dan resmi. Puas sama layanannya.",safe_confirmation
Pengalaman saya: Tidak ada wifi di toko tapi overall oke kok.,other
Feedback untuk toko: Barang sering kehabisan stok tapi overall oke kok.,other
Saya perhatikan Nama akun tujuan gak cocok sama nama merchant resmi apa mungkin QRIS-nya dipalsukan?.,identity_mismatch
Oh iya Sudah coba berkali-kali tapi Pembayaran tidak berhasil tapi saldo sudah terpotong dana saya hilang.,suspicious_transaction
Aduh QR terbaca tapi transaksi gagal ketika transaksi berlangsung walaupun tidak ada notifikasi sukses mohon bantuan.,suspicious_transaction
Oh iya Catatan: Produknya bagus tapi packaging kurang menarik tapi overall oke kok.,other
Saya perhatikan Nama rekening tujuan gak cocok sama nama merchant resmi apa ini aman?.,identity_mismatch
Aduh Saya perhatikan Identitas merchant tidak sama sama nama usaha apa ini aman?.,identity_mismatch
Aduh Catatan: Lokasi toko strategis banget semoga bisa lebih baik.,other
Hmm Transaksi error berkali-kali dan tapi rekening sudah didebet waktu pembayaran diproses gw bingung harus lapor kemana.,suspicious_transaction
Pengalaman saya: Kualitas produknya bagus sekali tapi overall oke kok.,other
Hmm Lho kok Nama di layar pembayaran asing dan ga dikenal jadi saya ragu mau bayar?,identity_mismatch
Aduh Transaksi QRIS gagal terus pas saya scan QR-nya tapi rekening sudah didebet saya minta refund.,suspicious_transaction
Oh iya Aneh banget Transaksi error berkali-kali ketika transaksi berlangsung tapi rekening sudah didebet ini sangat merugikan.,suspicious_transaction
Oh iya Sudah coba berkali-kali tapi QR terbaca tapi transaksi gagal saldo terpotong ganda tolong segera ditangani.,suspicious_transaction
Wah Setelah scan Nama penerima nama orang bukan nama toko.,identity_mismatch
Oh iya Alhamdulillah Transaksi berhasil dan lancar. merchant terverifikasi. Sangat mudah dan cepat.,safe_confirmation
"Loh Syukurlah Pembayaran QRIS sukses, QRIS terlihat asli dan resmi. Puas dengan layanannya.",safe_confirmation
Lho kok Nama penerima berbeda dengan nama toko yang tertera saya khawatir?,identity_mismatch
Saya perhatikan Nama pemilik rekening beda sama nama yang ada di plang tolong dicek.,identity_mismatch
Catatan: Produknya bagus tapi packaging kurang menarik semoga bisa lebih baik.,other
"Loh Berhasil bayar QRIS, enggak ada biaya tambahan. Semua berjalan baik. Tidak ada kendala sama sekali.",safe_confirmation
Oh iya Saya mau kasih masukan: Toko agak kotor di bagian belakang semoga bisa lebih baik.,other
Hmm Saya perhatikan Nama pemilik rekening nama orang bukan nama toko saya khawatir.,identity_mismatch
Aduh Ditagih 500 perak lagi dgn alasan biaya layanan BI melarang ini.,additional_fees
Pembayaran tidak berhasil walaupun tidak ada notifikasi sukses mohon bantuan.,suspicious_transaction
Wah Waktu mau bayar saya notice stiker QR palsu ditempel di atas QR asli di kasir toko ini pasti fraud.,qr_replacement
Wah Sudah coba berkali-kali tapi Pembayaran nggak berhasil namun saldo berkurang dana gue hilang.,suspicious_transaction
Wah QRIS tidak bisa dipindai dan padahal uang dah keluar .,suspicious_transaction
Loh Kelihatan ada QR code palsu yang ditimpa di kode QR yang sah saya curiga ini penipuan.,qr_replacement
Aneh banget Nama rekening tujuan beda banget dari nama tokonya bikin curiga.,identity_mismatch
QRIS-nya ga asli ada QR lain yang ditempel yang menutupi QR code merchantnya saya gak jadi bayar.,qr_replacement
Feedback untuk toko: AC di dalam toko terlalu dingin.,other
Penjual minta seribu rupiah sebagai biaya layanan apakah ini diperbolehkan?.,additional_fees
Nama rekening tujuan enggak sama dengan nama usaha.,identity_mismatch
Oh iya Sudah coba berkali-kali tapi Transaksi QRIS gagal terus tapi rekening sudah didebet gw minta refund.,suspicious_transaction
"Aduh Berhasil bayar QRIS, logo QRIS jelas dan gak rusak. Pembayaran sukses tanpa masalah. Terpercaya tokonya.",safe_confirmation
Saya lihat ada kode QR yang mencurigakan yang ditimpa di kode QR yang sah di akrilik stan tolong ditindaklanjuti.,qr_replacement
Kayaknya ada kode QR yang mencurigakan yang nempel di atas akrilik QRIS di tempat pembayaran ini pasti fraud.,qr_replacement
Hmm Feedback untuk toko: Tempatnya bersih dan nyaman.,other
Hmm Alhamdulillah Pembayaran sukses tanpa masalah. nama penerima cocok dengan tokonya.,safe_confirmation
Kelihatan ada QR code palsu yang menimpa QRIS original langsung saya laporkan.,qr_replacement
Aduh Setelah scan Nama di layar pembayaran tidak sesuai dengan nama toko saya batalin aja transaksinya.,identity_mismatch
Feedback untuk toko: Harganya mahal dibanding toko lain.,other
Eh Ditagih Rp1.000 lagi dengan alasan biaya penggunaan QRIS padahal seharusnya gratis.,additional_fees
Ada stiker QRIS asing mencurigakan yang nempel di atas akrilik QRIS di akrilik stan tolong ditindaklanjuti.,qr_replacement
Eh Kelihatan ada kode QR yang mencurigakan yang menutup QR code resmi ini pasti fraud.,qr_replacement
Hmm Lokasi toko strategis banget.,other
Aduh Catatan: Jam buka toko tidak konsisten secara keseluruhan lumayan.,other
"Loh Syukurlah QRIS berjalan normal, QR code tampak original. Sangat mudah dan cepat.",safe_confirmation
Pengalaman saya: Harga dan kualitas sebanding.,other
Aduh Saya dikenai biaya ekstra Rp2.000 atas nama biaya sistem ini tidak boleh.,additional_fees
Aduh Ada pungutan Rp3.000 sebagai biaya penggunaan QRIS saya merasa dirugikan.,additional_fees
Wah Diminta bayar tambahan Rp5.000 untuk biaya transaksi.,additional_fees
Loh Aneh banget Pembayaran enggak berhasil pas aku scan QR-nya namun saldo berkurang saya minta refund.,suspicious_transaction
Hmm Aneh banget QR terbaca tapi transaksi gagal ketika transaksi berlangsung tapi saldo sudah terpotong ini sudah kedua kalinya.,suspicious_transaction
Loh Saya perhatikan Nama penerima gak cocok dengan stiker toko ini fraud ya?.,identity_mismatch
Diminta bayar tambahan Rp500 untuk biaya transaksi apakah ini diperbolehkan?.,additional_fees
Aduh Aneh banget Transaksi error berkali-kali pas saya scan QR-nya namun saldo berkurang dana saya hilang.,suspicious_transaction
"Loh Berhasil bayar QRIS, nama rekening tujuan sesuai. Transaksi berhasil dan lancar. Aman digunakan.",safe_confirmation
"Wah QRIS berjalan normal, tidak ada biaya tambahan. Tidak ada kendala sama sekali.",safe_confirmation
Hmm Aneh banget Transaksi QRIS gagal terus waktu pembayaran diproses padahal uang sudah keluar saya minta refund.,suspicious_transaction
Eh nama merchant sesuai dengan nama toko dan Pembayaran QRIS sukses.,safe_confirmation
Tiba-tiba ada tambahan Rp5.000 katanya biaya penggunaan QRIS BI melarang ini.,additional_fees
Hmm Aneh banget Nama rekening tujuan berbeda sama nama toko yang tertera apa mungkin QRIS-nya dipalsukan?.,identity_mismatch
Oh iya Lho kok Nama penerima beda banget dari nama tokonya langsung gw laporin?,identity_mismatch
Oh iya Feedback untuk toko: Tempatnya bersih dan nyaman secara keseluruhan lumayan.,other
Saya dikenai biaya ekstra Rp2.500 atas nama biaya transaksi padahal seharusnya gratis.,additional_fees
Eh Sudah coba berkali-kali tapi Pembayaran tidak berhasil saldo terpotong ganda.,suspicious_transaction
QRIS tidak bisa dipindai dan padahal uang sudah keluar saat gue coba bayar saya bingung harus lapor kemana.,suspicious_transaction
Loh Tiba-tiba ada tambahan 500 perak katanya tanpa alasan jelas apakah ini diperbolehkan?.,additional_fees
Harga dan kualitas sebanding.,other
"Eh Syukurlah QRIS berjalan normal, nama rekening tujuan sesuai. Aman digunakan.",safe_confirmation
Aduh Ditagih Rp500 lagi dengan alasan ongkos pembayaran digital BI melarang ini.,additional_fees
Wah Pengalaman saya: Tempat parkir susah sekali.,other
Oh iya Ada pungutan 500 perak sebagai biaya layanan ini jelas melanggar aturan.,additional_fees
Wah Setelah scan Nama yang muncul saat scan gak cocok sama nama merchant resmi tolong dicek.,identity_mismatch
Aduh Transaksi error berkali-kali dan tapi saldo sudah terpotong gue minta refund.,suspicious_transaction
Pelayanan kasirnya kurang ramah semoga bisa lebih baik.,other
Ada stiker QRIS baru mencurigakan yang dipasang di atas QRIS toko di depan toko gw gak jadi bayar.,qr_replacement
nama merchant sesuai dengan nama toko dan Proses pembayaran mulus. Puas dengan layanannya.,safe_confirmation
Oh iya Catatan: Tidak ada wifi di toko semoga bisa lebih baik.,other
Diminta bayar tambahan Rp2.500 untuk tanpa alasan jelas.,additional_fees
"Proses pembayaran mulus, QRIS terlihat asli dan resmi.",safe_confirmation
Aneh banget Nama di layar pembayaran nama orang bukan nama toko ini fraud ya?.,identity_mismatch
Wah Kayaknya ada stiker QR palsu yang ditimpa di kode QR yang sah di depan toko saya foto dulu sebagai bukti.,qr_replacement
Wah Aneh banget QR terbaca tapi transaksi gagal ketika transaksi berlangsung tapi saldo udah terpotong mohon bantuan.,suspicious_transaction
Aduh Petugasnya minta Rp3.000 sebagai biaya penggunaan QRIS BI melarang ini.,additional_fees
Aduh Alhamdulillah QRIS berjalan normal. nama penerima cocok dengan tokonya. Terpercaya tokonya.,safe_confirmation
"Semua berjalan baik, QRIS terlihat asli dan resmi.",safe_confirmation
Sudah coba berkali-kali tapi Transaksi error berkali-kali tapi saldo udah terpotong gw bingung harus lapor kemana.,suspicious_transaction
Loh Lho kok Nama di layar pembayaran berbeda dengan nama toko yang tertera bikin curiga?,identity_mismatch
Hmm Aneh banget Transaksi QRIS gagal terus pas aku scan QR-nya walaupun nggak ada notifikasi sukses ini sudah kedua kalinya.,suspicious_transaction
Loh Ada stiker QR palsu mencurigakan yang dipasang di atas QRIS toko di tempat pembayaran saya gak jadi bayar.,qr_replacement
Aduh Pengalaman gw: Lokasi toko strategis banget tapi overall oke kok.,other
Loh Pemilik toko minta Rp3.000 sebagai biaya admin QRIS apakah ini diperbolehkan?.,additional_fees
"Aduh Berhasil bayar QRIS, logo QRIS jelas dan tidak rusak. Proses pembayaran mulus. Terpercaya tokonya.",safe_confirmation
Waktu mau bayar saya notice stiker QRIS baru menimpa QRIS original di tempat pembayaran tolong ditindaklanjuti.,qr_replacement
Aneh banget Pembayaran tidak berhasil waktu pembayaran diproses padahal uang sudah keluar mohon bantuan.,suspicious_transaction
QRIS-nya tidak asli ada QR code palsu yang menimpa QRIS original langsung aku laporkan.,qr_replacement
Aduh Lho kok Identitas merchant nama orang bukan nama toko tolong dicek?,identity_mismatch
Saya mau kasih masukan: Produknya bagus tapi packaging kurang menarik tapi overall oke kok.,other
Saya dikenai biaya ekstra 500 perak atas nama ongkos pembayaran digital BI melarang ini.,additional_fees
Aduh Tiba-tiba ada tambahan Rp2.500 katanya biaya sistem tanpa pemberitahuan sebelumnya.,additional_fees
Toko agak kotor di bagian belakang.,other
Wah Lho kok Nama penerima nama orang bukan nama toko tolong dicek?,identity_mismatch
Oh iya nama penerima cocok dengan tokonya dan Proses pembayaran mulus. Terpercaya tokonya.,safe_confirmation
Aduh Nama rekening tujuan tidak cocok dengan stiker toko apa ini aman?.,identity_mismatch
Loh Aneh banget Transaksi QRIS gagal terus ketika transaksi berlangsung saldo terpotong ganda aku bingung harus lapor kemana.,suspicious_transaction
Loh Pelayanan kasirnya kurang ramah semoga bisa lebih baik.,other
Waktu mau bayar saya notice stiker QRIS baru ditimpa di kode QR yang sah di kasir toko saya gak jadi bayar.,qr_replacement
Oh iya Waktu mau bayar saya notice QR lain yang ditempel menimpa QRIS original di akrilik stan ini pasti fraud.,qr_replacement
Wah Pembayaran tidak berhasil dan walaupun tidak ada notifikasi sukses ketika transaksi berlangsung saya bingung harus lapor kemana.,suspicious_transaction
gak ada biaya tambahan dan Proses pembayaran mulus. Sangat mudah dan cepat.,safe_confirmation
Wah Alhamdulillah Transaksi berhasil dan lancar. nama rekening tujuan sesuai. Puas dengan layanannya.,safe_confirmation
Kelihatan ada QR lain yang ditempel yang ditimpa di kode QR yang sah saya foto dulu sebagai bukti.,qr_replacement
Aduh Sudah coba berkali-kali tapi Pembayaran tidak berhasil saldo terpotong ganda aku bingung harus lapor kemana.,suspicious_transaction
"Hmm Proses pembayaran mulus, QRIS terlihat asli dan resmi. Terpercaya tokonya.",safe_confirmation
"Aduh Syukurlah Transaksi selesai dengan aman, nama rekening tujuan sesuai.",safe_confirmation
Oh iya QRIS gak bisa dipindai dan padahal uang sudah keluar saat saya coba bayar.,suspicious_transaction
Wah Feedback untuk toko: Harga dan kualitas sebanding secara keseluruhan lumayan.,other
Loh Lho kok Nama merchant tidak sama dgn nama usaha bikin curiga?,identity_mismatch
Aneh banget Nama pemilik rekening asing dan tidak dikenal gue khawatir.,identity_mismatch
Ada pungutan Rp1.500 sebagai ongkos pembayaran digital saya komplain tapi diabaikan.,additional_fees
Pas scan QRIS-nya Identitas merchant gak cocok sama nama merchant resmi saya batalin aja transaksinya.,identity_mismatch
Oh iya Sudah coba berkali-kali tapi QR terbaca tapi transaksi gagal tapi saldo sudah terpotong ini sudah kedua kalinya.,suspicious_transaction
Eh Kayaknya ada QR code palsu yang menutupi QR code merchantnya di meja kasir.,qr_replacement
Eh Tiba-tiba ada tambahan Rp1.500 katanya ongkos pembayaran digital ini tidak boleh.,additional_fees
Wah Feedback untuk toko: Pelayanan kasirnya kurang ramah secara keseluruhan lumayan.,other
Wah Kayaknya ada kode QR yang mencurigakan yang menutup QR code resmi di tempat pembayaran saya foto dulu sebagai bukti.,qr_replacement
Hmm Pengalaman saya: Toko terlalu ramai dan sempit semoga bisa lebih baik.,other
Wah Saya perhatikan Nama merchant gak cocok sama nama merchant resmi tolong dicek.,identity_mismatch
Loh Aneh banget Nama rekening tujuan beda sama nama yang ada di plang.,identity_mismatch
Oh iya Sudah coba berkali-kali tapi QRIS gak bisa dipindai namun saldo berkurang aku bingung harus lapor kemana.,suspicious_transaction
"Oh iya Pembayaran QRIS sukses, QR code tampak original. Recommended deh tokonya.",safe_confirmation
Wah QRIS-nya enggak asli ada stiker QRIS baru yang ditempel di atas QR asli ini pasti fraud.,qr_replacement
Eh Saya mau kasih masukan: Jam buka toko enggak konsisten semoga bisa lebih baik.,other
Aneh banget QR terbaca tapi transaksi gagal tapi rekening sudah didebet dana saya hilang.,suspicious_transaction
Loh Alhamdulillah Transaksi berhasil dan lancar. nama penerima cocok dengan tokonya. Tidak ada kendala sama sekali.,safe_confirmation
Oh iya Pengalaman aku: Harga dan kualitas sebanding tapi overall oke kok.,other
Loh Setelah scan Nama di layar pembayaran asing dan tidak dikenal.,identity_mismatch
Aduh Tiba-tiba ada tambahan 500 perak katanya biaya sistem saya merasa dirugikan.,additional_fees
Transaksi QRIS gagal terus dan walaupun ga ada notifikasi sukses ini sudah kedua kalinya.,suspicious_transaction
Eh Sistem QRIS mengalami gangguan mencurigakan dan walaupun tidak ada notifikasi sukses waktu pembayaran diproses gw bingung harus lapor kemana.,suspicious_transaction
Aduh Pengalaman saya: Harga dan kualitas sebanding tapi overall oke kok.,other
Aduh QRIS gak bisa dipindai namun saldo berkurang ini sangat merugikan.,suspicious_transaction
"Berhasil bayar QRIS, QRIS terlihat asli dan resmi. Pembayaran sukses tanpa masalah. Recommended deh tokonya.",safe_confirmation
Wah Alhamdulillah Transaksi berhasil dan lancar. nama merchant sesuai sama nama toko. Recommended deh tokonya.,safe_confirmation
Oh iya Alhamdulillah Pembayaran QRIS sukses. logo QRIS jelas dan tidak rusak. Tidak ada kendala sama sekali.,safe_confirmation
Hmm QR terbaca tapi transaksi gagal dan tapi saldo sudah terpotong ketika aku coba bayar saya bingung harus lapor kemana.,suspicious_transaction
Saya dikenai biaya ekstra seribu rupiah atas nama biaya layanan ini jelas melanggar aturan.,additional_fees
Oh iya Saya mau kasih masukan: AC di dalam toko terlalu dingin.,other
Aduh Saya dikenai biaya ekstra 500 perak atas nama tanpa alasan jelas apakah ini diperbolehkan?.,additional_fees
QR terbaca tapi transaksi gagal dan walaupun enggak ada notifikasi sukses waktu pembayaran diproses tolong segera ditangani.,suspicious_transaction
"Loh Syukurlah Pembayaran QRIS sukses, logo QRIS jelas dan ga rusak. Aman digunakan.",safe_confirmation
Pas scan QRIS-nya Nama penerima tidak sama dengan nama usaha saya khawatir.,identity_mismatch
Eh Setelah scan Nama merchant beda banget dari nama tokonya apa ini aman?.,identity_mismatch
Sistem QRIS mengalami gangguan mencurigakan tapi saldo sudah terpotong ini sudah kedua kalinya.,suspicious_transaction
Hmm Catatan: Harganya mahal dibanding toko lain tapi overall oke kok.,other
Eh Pas scan QRIS-nya Nama merchant berbeda dengan nama toko yang tertera saya khawatir.,identity_mismatch
Alhamdulillah Transaksi selesai dengan aman. tidak ada biaya tambahan. Terpercaya tokonya.,safe_confirmation
"Wah Berhasil bayar QRIS, nama rekening tujuan sesuai. Semua berjalan baik. Tidak ada kendala sama sekali.",safe_confirmation
Saya perhatikan Nama di layar pembayaran jauh berbeda dari nama di spanduk bikin curiga.,identity_mismatch
Hmm QR terbaca tapi transaksi gagal dan namun saldo berkurang ketika transaksi berlangsung ini sangat merugikan.,suspicious_transaction
Pelayanan kasirnya kurang ramah perlu diperbaiki.,other
Wah Ada kode QR yang mencurigakan mencurigakan yang menutup QR code resmi di akrilik stan saya foto dulu sebagai bukti.,qr_replacement
Eh Waktu mau bayar saya notice kode QR yang mencurigakan menutupi QR code merchantnya di akrilik stan tolong ditindaklanjuti.,qr_replacement
Tiba-tiba ada tambahan 500 perak katanya ongkos pembayaran digital tanpa pemberitahuan sebelumnya.,additional_fees
Transaksi error berkali-kali pas saya coba bayar padahal uang sudah keluar mohon bantuan.,suspicious_transaction
Loh Kelihatan ada stiker QR palsu yang menimpa QRIS original ini pasti fraud.,qr_replacement
Aduh nama penerima cocok dengan tokonya dan QRIS berjalan normal. Puas dengan layanannya.,safe_confirmation
Transaksi error berkali-kali saat saya coba bayar saldo terpotong ganda.,suspicious_transaction
Alhamdulillah Transaksi selesai dengan aman. QR code tampak original. Puas dengan layanannya.,safe_confirmation
"Oh iya Semua berjalan baik, QRIS terlihat asli dan resmi.",safe_confirmation
Oh iya Saya perhatikan Nama pemilik rekening tidak sama dengan nama usaha apa ini aman?.,identity_mismatch
"Loh Berhasil bayar QRIS, QR code tampak original. Semua berjalan baik. Sangat mudah dan cepat.",safe_confirmation
Loh Lho kok Identitas merchant gak cocok sama nama merchant resmi gue khawatir?,identity_mismatch
Loh Tempatnya bersih dan nyaman tapi overall oke kok.,other
Oh iya Kelihatan ada kode QR yang mencurigakan yang menimpa QRIS original tolong ditindaklanjuti.,qr_replacement
Oh iya Alhamdulillah Transaksi selesai sama aman. merchant terverifikasi.,safe_confirmation
Eh Saya perhatikan Nama di layar pembayaran jauh berbeda dari nama di spanduk jadi gw ragu mau bayar.,identity_mismatch
Hmm Tiba-tiba ada tambahan Rp1.000 katanya biaya penggunaan QRIS ini jelas melanggar aturan.,additional_fees
Saya dikenai biaya ekstra dua ribu rupiah atas nama tanpa alasan jelas ini tidak boleh.,additional_fees
Wah Lokasi toko strategis banget semoga bisa lebih baik.,other
Saya perhatikan Nama akun tujuan tidak sama dengan nama usaha jadi gw ragu mau bayar.,identity_mismatch
Loh Aneh banget Pembayaran tidak berhasil waktu pembayaran diproses saldo terpotong ganda ini udah kedua kalinya.,suspicious_transaction
Oh iya Saya mau kasih masukan: Jam buka toko tidak konsisten perlu diperbaiki.,other
Eh Diminta bayar tambahan seribu rupiah untuk tanpa alasan jelas tanpa pemberitahuan sebelumnya.,additional_fees
Oh iya Saya lihat ada stiker QRIS asing yang ditimpa di kode QR yang sah di depan toko ini pasti fraud.,qr_replacement
Pas scan QRIS-nya Nama di layar pembayaran tidak sesuai dengan nama toko tolong dicek.,identity_mismatch
Aneh banget Sistem QRIS mengalami gangguan mencurigakan walaupun tidak ada notifikasi sukses ini banget merugikan.,suspicious_transaction
Oh iya Harganya mahal dibanding toko lain nggak masalah sih.,other
Pembayaran tidak berhasil dan namun saldo berkurang pas saya scan QR-nya.,suspicious_transaction
Hmm Feedback untuk toko: Toko terlalu ramai dan sempit.,other
Wah Tiba-tiba ada tambahan Rp1.000 katanya biaya admin QRIS ini jelas melanggar aturan.,additional_fees
Loh Alhamdulillah Semua berjalan baik. tidak ada biaya tambahan. Aman digunakan.,safe_confirmation
Eh Saya dikenai biaya ekstra dua ribu rupiah atas nama ongkos pembayaran digital gue komplain tapi diabaikan.,additional_fees
Pembayaran tidak berhasil dan tapi rekening dah didebet waktu pembayaran diproses ini amat merugikan.,suspicious_transaction
Aduh Kayaknya ada stiker QRIS baru yang dipasang di atas QRIS toko di akrilik stan gue foto dulu sebagai bukti.,qr_replacement
Loh Lho kok Nama merchant jauh berbeda dari nama di spanduk apa mungkin QRIS-nya dipalsukan??,identity_mismatch
Loh Diminta bayar tambahan Rp1.500 untuk biaya transaksi saya merasa dirugikan.,additional_fees
Wah Sistem QRIS mengalami gangguan mencurigakan saldo terpotong ganda ini sudah kedua kalinya.,suspicious_transaction
"Eh Syukurlah Pembayaran QRIS sukses, nama rekening tujuan sesuai. Puas dengan layanannya.",safe_confirmation
Oh iya Ditagih seribu rupiah lagi dengan alasan biaya layanan saya komplain tapi diabaikan.,additional_fees
Pembayaran tidak berhasil dan padahal uang sudah keluar mohon bantuan.,suspicious_transaction
Eh Pengalaman gue: Kualitas produknya bagus sekali tapi overall oke kok.,other
Hmm Tiba-tiba ada tambahan Rp1.000 katanya ongkos pembayaran digital apakah ini diperbolehkan?.,additional_fees
Hmm Aneh banget Nama merchant beda sama nama yang ada di plang apa ini aman?.,identity_mismatch
Loh Ada pungutan Rp2.500 sebagai biaya transaksi BI melarang ini.,additional_fees
Lho kok Nama rekening tujuan tidak sama dgn nama usaha apa mungkin QRIS-nya dipalsukan??,identity_mismatch
Saya perhatikan Nama yang muncul pas scan beda sama nama yang ada di plang saya batalin aja transaksinya.,identity_mismatch
Eh Catatan: Pencahayaan toko kurang terang.,other
Wah Setelah scan Nama akun tujuan jauh berbeda dari nama di spanduk bikin curiga.,identity_mismatch
Oh iya Pengalaman saya: Produknya bagus tapi packaging kurang menarik tidak masalah sih.,other
Loh Tiba-tiba ada tambahan Rp1.000 katanya biaya transaksi saya merasa dirugikan.,additional_fees
Aduh Catatan: Lokasi toko strategis banget perlu diperbaiki.,other
Kelihatan ada stiker QRIS baru yang ditimpa di kode QR yang sah.,qr_replacement
Kenapa ya Nama rekening tujuan beda sama nama yang ada di plang saya batalin aja transaksinya?,identity_mismatch
Aduh Aneh banget Nama rekening tujuan bukan nama tokonya sama sekali saya khawatir.,identity_mismatch
Aduh Kelihatan ada stiker QRIS baru yang menimpa QRIS original tolong ditindaklanjuti.,qr_replacement
Wah Feedback untuk toko: Toko agak kotor di bagian belakang secara keseluruhan lumayan.,other
Aduh Pembayaran enggak berhasil dan tapi rekening sudah didebet ketika transaksi berlangsung.,suspicious_transaction
"Berhasil bayar QRIS, nama penerima cocok dengan tokonya. Pembayaran QRIS sukses. Tidak ada kendala sama sekali.",safe_confirmation
Loh Aneh banget Nama di layar pembayaran tidak sama dengan nama usaha gw khawatir.,identity_mismatch
Feedback untuk toko: Harganya mahal dibanding toko lain secara keseluruhan lumayan.,other
Loh Ada kode QR yang mencurigakan mencurigakan yang menimpa QRIS original di meja kasir saya gak jadi bayar.,qr_replacement
Sudah coba berkali-kali tapi Sistem QRIS mengalami gangguan mencurigakan tapi rekening dah didebet tolong segera ditangani.,suspicious_transaction
Loh Setelah scan Nama akun tujuan gak cocok sama nama merchant resmi.,identity_mismatch
Aneh banget Pembayaran tidak berhasil ketika transaksi berlangsung padahal uang sudah keluar saya bingung harus lapor kemana.,suspicious_transaction
Feedback untuk toko: Toko terlalu ramai dan sempit secara keseluruhan lumayan.,other
Wah Saya lihat ada stiker QR palsu yang nempel di atas akrilik QRIS di tempat pembayaran langsung saya laporkan.,qr_replacement
Loh Ada pungutan Rp500 sebagai tanpa alasan jelas ini tidak boleh.,additional_fees
Ada pungutan Rp1.500 sebagai biaya layanan tanpa pemberitahuan sebelumnya.,additional_fees
Eh Transaksi error berkali-kali saat saya coba bayar padahal uang sudah keluar saya minta refund.,suspicious_transaction
Hmm Aneh banget Pembayaran tidak berhasil waktu pembayaran diproses namun saldo berkurang ini sudah kedua kalinya.,suspicious_transaction
Setelah scan Nama merchant gak cocok sama nama merchant resmi ini fraud ya?.,identity_mismatch
Waktu mau bayar gue notice stiker QRIS baru menimpa QRIS original di akrilik stan saya foto dulu sebagai bukti.,qr_replacement
Hmm Catatan: Kualitas produknya bagus sekali semoga bisa lebih baik.,other
Hmm merchant terverifikasi dan Proses pembayaran mulus. Recommended deh tokonya.,safe_confirmation
"Syukurlah Pembayaran QRIS sukses, QRIS terlihat asli dan resmi. Recommended deh tokonya.",safe_confirmation
Oh iya Diminta bayar tambahan Rp5.000 untuk biaya sistem BI melarang ini.,additional_fees
Feedback untuk toko: Produknya bagus tapi packaging kurang menarik tidak masalah sih.,other
Pas scan QRIS-nya Identitas merchant asing dan tidak dikenal bikin curiga.,identity_mismatch
"Oh iya Syukurlah Transaksi berhasil dan lancar, nama merchant sesuai sama nama toko. Sangat mudah dan cepat.",safe_confirmation
Eh Saya perhatikan Nama di layar pembayaran berbeda dengan nama toko yang tertera langsung aku laporin.,identity_mismatch
Catatan: Barang sering kehabisan stok tapi overall oke kok.,other
Sistem QRIS mengalami gangguan mencurigakan waktu pembayaran diproses tapi rekening dah didebet tolong segera ditangani.,suspicious_transaction
Eh Aneh banget Transaksi error berkali-kali waktu pembayaran diproses namun saldo berkurang gw bingung harus lapor kemana.,suspicious_transaction
Kenapa ya Nama pemilik rekening jauh berbeda dari nama di spanduk aku batalin aja transaksinya?,identity_mismatch
"Eh Syukurlah Semua berjalan baik, merchant terverifikasi. Sangat mudah dan cepat.",safe_confirmation
Aduh Aneh banget Transaksi QRIS gagal terus pas saya scan QR-nya tapi rekening sudah didebet saya minta refund.,suspicious_transaction
Hmm Pelayanan kasirnya kurang ramah semoga bisa lebih baik.,other
Kayaknya ada QR lain yang ditempel yang menutupi QR code merchantnya di tempat pembayaran langsung saya laporkan.,qr_replacement
Oh iya Kayaknya ada stiker QR palsu yang dipasang di atas QRIS toko di meja kasir langsung aku laporkan.,qr_replacement
Setelah scan Nama rekening tujuan jauh berbeda dari nama di spanduk tolong dicek.,identity_mismatch
Aduh QR code tampak original dan QRIS berjalan normal. Puas dgn layanannya.,safe_confirmation
Loh QRIS tidak bisa dipindai dan padahal uang sudah keluar ketika transaksi berlangsung saya minta refund.,suspicious_transaction
Tiba-tiba ada tambahan dua ribu rupiah katanya biaya sistem apakah ini diperbolehkan?.,additional_fees
Eh Diminta bayar tambahan Rp1.000 untuk biaya layanan ini jelas melanggar aturan.,additional_fees
Hmm Diminta bayar tambahan seribu rupiah untuk tanpa alasan jelas BI melarang ini.,additional_fees
Loh Pas scan QRIS-nya Nama yang muncul saat scan nggak sama dengan nama usaha ini fraud ya?.,identity_mismatch
Aduh Tiba-tiba ada tambahan Rp1.000 katanya biaya admin QRIS ini tidak boleh.,additional_fees
Lho kok Nama pemilik rekening berbeda dengan nama toko yang tertera bikin curiga?,identity_mismatch
Wah nama rekening tujuan sesuai dan Pembayaran QRIS sukses.,safe_confirmation
Hmm Nama penerima jauh berbeda dari nama di spanduk jadi saya ragu mau bayar.,identity_mismatch
logo QRIS jelas dan tidak rusak dan Pembayaran sukses tanpa masalah. Sangat mudah dan cepat.,safe_confirmation
nama rekening tujuan sesuai dan Pembayaran QRIS sukses. Recommended deh tokonya.,safe_confirmation
Wah Tiba-tiba ada tambahan Rp1.500 katanya ongkos pembayaran digital apakah ini diperbolehkan?.,additional_fees
Loh Ditagih dua ribu rupiah lagi dengan alasan tanpa alasan jelas ini tidak boleh.,additional_fees
Kelihatan ada QR lain yang ditempel yang menutup QR code resmi saya gak jadi bayar.,qr_replacement
merchant terverifikasi dan Pembayaran QRIS sukses. Sangat mudah dan cepat.,safe_confirmation
Oh iya Petugasnya minta Rp5.000 sebagai biaya transaksi.,additional_fees
QRIS-nya tidak asli ada QR lain yang ditempel yang nempel di atas akrilik QRIS ini pasti fraud.,qr_replacement
QRIS-nya enggak asli ada stiker QRIS baru yang dipasang di atas QRIS toko aku curiga ini penipuan.,qr_replacement
Sistem QRIS mengalami gangguan mencurigakan waktu pembayaran diproses tapi saldo sudah terpotong.,suspicious_transaction
Hmm Diminta bayar tambahan Rp2.000 untuk ongkos pembayaran digital.,additional_fees
Hmm Saya perhatikan Nama akun tujuan jauh berbeda dari nama di spanduk langsung aku laporin.,identity_mismatch
Oh iya Pembayaran tidak berhasil dan walaupun tidak ada notifikasi sukses waktu pembayaran diproses tolong segera ditangani.,suspicious_transaction
Saya mau kasih masukan: Harga dan kualitas sebanding tidak masalah sih.,other
Oh iya Diminta bayar tambahan Rp3.000 untuk ongkos pembayaran digital ini tidak boleh.,additional_fees
Oh iya Catatan: Kualitas produknya bagus sekali perlu diperbaiki.,other
Hmm Ada pungutan Rp500 sebagai biaya admin QRIS ini jelas melanggar aturan.,additional_fees
Lho kok Nama akun tujuan beda banget dari nama tokonya aku khawatir?,identity_mismatch
Eh Lho kok Identitas merchant gak cocok sama nama merchant resmi jadi saya ragu mau bayar?,identity_mismatch
Wah Aneh banget Nama rekening tujuan gak cocok sama nama merchant resmi jadi saya ragu mau bayar.,identity_mismatch
Kenapa ya Nama merchant bukan nama tokonya sama sekali ini fraud ya??,identity_mismatch
Toko terlalu ramai dan sempit perlu diperbaiki.,other
Waktu mau bayar aku notice stiker QR palsu dipasang di atas QRIS toko di akrilik stan.,qr_replacement
Aduh Ada pungutan dua ribu rupiah sebagai biaya admin QRIS tanpa pemberitahuan sebelumnya.,additional_fees
Si penjualnya minta 500 perak sebagai biaya sistem BI melarang ini.,additional_fees
Oh iya Aneh banget Nama rekening tujuan berbeda sama nama toko yang tertera jadi aku ragu mau bayar.,identity_mismatch
Kelihatan ada stiker QR palsu yang menutupi QR code merchantnya ini pasti fraud.,qr_replacement
Aduh Lho kok Nama yang muncul saat scan tidak sama dengan nama usaha tolong dicek?,identity_mismatch
Wah Saya perhatikan Nama merchant berbeda dengan nama toko yang tertera apa mungkin QRIS-nya dipalsukan?.,identity_mismatch
Ada QR code palsu mencurigakan yang dipasang di atas QRIS toko di tempat pembayaran tolong ditindaklanjuti.,qr_replacement
Oh iya Kenapa ya Nama merchant ga sama sama nama usaha bikin curiga?,identity_mismatch
Loh Pengalaman saya: Tidak ada wifi di toko semoga bisa lebih baik.,other
Eh Pembayaran ga berhasil saat saya coba bayar padahal uang dah keluar mohon bantuan.,suspicious_transaction
Wah Diminta bayar tambahan Rp3.000 untuk biaya sistem gw merasa dirugikan.,additional_fees
Pemilik toko minta 500 perak sebagai biaya transaksi saya komplain tapi diabaikan.,additional_fees
Oh iya Pembayaran tidak berhasil waktu pembayaran diproses padahal uang sudah keluar dana gue hilang.,suspicious_transaction
Sudah coba berkali-kali tapi QRIS tidak bisa dipindai tapi saldo sudah terpotong mohon bantuan.,suspicious_transaction
Ada QR code palsu mencurigakan yang ditimpa di kode QR yang sah di depan toko ini pasti fraud.,qr_replacement
Eh Lho kok Nama di layar pembayaran tidak cocok dengan stiker toko apa ini aman??,identity_mismatch
Oh iya Saya dikenai biaya ekstra Rp2.500 atas nama biaya sistem saya komplain tapi diabaikan.,additional_fees
"Aduh Berhasil bayar QRIS, QR code tampak original. Pembayaran sukses tanpa masalah. Puas dengan layanannya.",safe_confirmation
Eh Diminta bayar tambahan Rp1.000 untuk biaya penggunaan QRIS saya komplain tapi diabaikan.,additional_fees
Hmm Feedback untuk toko: Pelayanan kasirnya kurang ramah perlu diperbaiki.,other
Aduh Saya dikenai biaya ekstra Rp500 atas nama biaya admin QRIS apakah ini diperbolehkan?.,additional_fees
Hmm Kelihatan ada kode QR yang mencurigakan yang nempel di atas akrilik QRIS saya gak jadi bayar.,qr_replacement
Hmm Aneh banget Transaksi QRIS gagal terus pas saya coba bayar walaupun nggak ada notifikasi sukses mohon bantuan.,suspicious_transaction
Aduh QR terbaca tapi transaksi gagal pas gue scan QR-nya padahal uang sudah keluar saya bingung harus lapor kemana.,suspicious_transaction
"Berhasil bayar QRIS, QR code tampak original. Pembayaran sukses tanpa masalah. Recommended deh tokonya.",safe_confirmation
Oh iya Nama akun tujuan berbeda dengan nama toko yang tertera.,identity_mismatch
Eh Aneh banget Nama merchant bukan nama tokonya sama sekali apa mungkin QRIS-nya dipalsukan?.,identity_mismatch
Hmm Catatan: Pencahayaan toko kurang terang tapi overall oke kok.,other
Oh iya Setelah scan Nama penerima gak cocok sama nama merchant resmi langsung gw laporin.,identity_mismatch
Waktu mau bayar saya notice QR lain yang ditempel menutupi QR code merchantnya di akrilik stan saya foto dulu sebagai bukti.,qr_replacement
Aneh banget Nama akun tujuan asing dan tidak dikenal apa mungkin QRIS-nya dipalsukan?.,identity_mismatch
Oh iya Sistem QRIS mengalami gangguan mencurigakan tapi rekening udah didebet ini sangat merugikan.,suspicious_transaction
Wah Lho kok Nama yang muncul saat scan jauh berbeda dari nama di spanduk tolong dicek?,identity_mismatch
Aduh Aneh banget Nama pemilik rekening jauh berbeda dari nama di spanduk jadi saya ragu mau bayar.,identity_mismatch
Wah Saya dikenai biaya ekstra 500 perak atas nama biaya admin QRIS saya komplain tapi diabaikan.,additional_fees
merchant terverifikasi dan QRIS berjalan normal. Terpercaya tokonya.,safe_confirmation
Eh Lokasi toko strategis banget secara keseluruhan lumayan.,other
Pas scan QRIS-nya Nama rekening tujuan beda sama nama yang ada di plang jadi saya ragu mau bayar.,identity_mismatch
Oh iya Saya lihat ada stiker QRIS asing yang ditimpa di kode QR yang sah di depan toko saya gak jadi bayar.,qr_replacement
Aduh Sudah coba berkali-kali tapi Sistem QRIS mengalami gangguan mencurigakan padahal uang sudah keluar ini sudah kedua kalinya.,suspicious_transaction
Ada pungutan Rp1.500 sebagai biaya layanan BI melarang ini.,additional_fees
Wah Lho kok Nama akun tujuan beda sama nama yang ada di plang?,identity_mismatch
Pas scan QRIS-nya Nama di layar pembayaran bukan nama tokonya sama sekali ini fraud ya?.,identity_mismatch
Lokasi toko strategis banget.,other
Hmm Saya perhatikan Nama yang muncul pas scan berbeda dgn nama toko yang tertera tolong dicek.,identity_mismatch
Hmm Sudah coba berkali-kali tapi QRIS tidak bisa dipindai tapi saldo udah terpotong ini sangat merugikan.,suspicious_transaction
Hmm Sudah coba berkali-kali tapi Sistem QRIS mengalami gangguan mencurigakan namun saldo berkurang dana saya hilang.,suspicious_transaction
Saya perhatikan Nama penerima beda sama nama yang ada di plang bikin curiga.,identity_mismatch
Loh Kenapa ya Nama yang muncul saat scan bukan nama tokonya sama sekali apa mungkin QRIS-nya dipalsukan??,identity_mismatch
Aduh Aneh banget Transaksi QRIS gagal terus namun saldo berkurang saya bingung harus lapor kemana.,suspicious_transaction
QRIS tidak bisa dipindai dan walaupun tidak ada notifikasi sukses ketika transaksi berlangsung tolong segera ditangani.,suspicious_transaction
Aduh Aneh banget Nama merchant nama orang bukan nama toko aku khawatir.,identity_mismatch
Eh Nama pemilik rekening beda sama nama yang ada di plang gue batalin aja transaksinya.,identity_mismatch
Eh QRIS tidak bisa dipindai dan padahal uang sudah keluar waktu pembayaran diproses tolong segera ditangani.,suspicious_transaction
"Hmm Berhasil bayar QRIS, nama penerima cocok dengan tokonya. Transaksi selesai dengan aman. Recommended deh tokonya.",safe_confirmation
tidak ada biaya tambahan dan Proses pembayaran mulus. Puas sama layanannya.,safe_confirmation
Pemilik toko minta 500 perak sebagai biaya sistem.,additional_fees
Wah Aneh banget QRIS enggak bisa dipindai saat gw coba bayar saldo terpotong ganda tolong segera ditangani.,suspicious_transaction
Hmm Sudah coba berkali-kali tapi Transaksi error berkali-kali padahal uang sudah keluar.,suspicious_transaction
Aduh Diminta bayar tambahan Rp5.000 untuk biaya penggunaan QRIS BI melarang ini.,additional_fees
"Oh iya Berhasil bayar QRIS, nama merchant sesuai dengan nama toko. Transaksi selesai dengan aman.",safe_confirmation
Oh iya Ditagih Rp2.500 lagi sama alasan biaya admin QRIS.,additional_fees
Aduh Feedback untuk toko: Pelayanan kasirnya kurang ramah perlu diperbaiki.,other
Oh iya Aneh banget Transaksi error berkali-kali ketika saya coba bayar walaupun tidak ada notifikasi sukses ini sudah kedua kalinya.,suspicious_transaction
Oh iya Saya mau kasih masukan: Kualitas produknya bagus sekali tapi overall oke kok.,other
Hmm Sudah coba berkali-kali tapi Transaksi error berkali-kali walaupun tidak ada notifikasi sukses dana saya hilang.,suspicious_transaction
Loh Setelah scan Identitas merchant nama orang bukan nama toko jadi saya ragu mau bayar.,identity_mismatch
Loh Pembayaran tidak berhasil ketika transaksi berlangsung tapi saldo sudah terpotong mohon bantuan.,suspicious_transaction
Saya perhatikan Nama rekening tujuan tidak cocok sama stiker toko saya khawatir.,identity_mismatch
Eh Alhamdulillah Transaksi selesai dengan aman. nama penerima cocok dengan tokonya. Aman digunakan.,safe_confirmation
Kayaknya ada stiker QRIS baru yang ditimpa di kode QR yang sah di kasir toko saya gak jadi bayar.,qr_replacement
Pengalaman gue: Produknya bagus tapi packaging kurang menarik tidak masalah sih.,other
Eh Saya lihat ada stiker QRIS asing yang menutup QR code resmi di meja kasir ini pasti fraud.,qr_replacement
Oh iya Setelah scan Nama merchant enggak sama dengan nama usaha.,identity_mismatch
"Oh iya Syukurlah QRIS berjalan normal, nama rekening tujuan sesuai. Recommended deh tokonya.",safe_confirmation
Alhamdulillah QRIS berjalan normal. merchant terverifikasi. Aman digunakan.,safe_confirmation
Hmm Feedback untuk toko: Pelayanan kasirnya kurang ramah.,other
Hmm Aneh banget Nama di layar pembayaran tidak sama dgn nama usaha tolong dicek.,identity_mismatch
"Berhasil bayar QRIS, nama rekening tujuan sesuai. Pembayaran QRIS sukses. Recommended deh tokonya.",safe_confirmation
Pembayaran tidak berhasil tapi rekening sudah didebet.,suspicious_transaction
Waktu mau bayar saya notice stiker QRIS baru ditempel di atas QR asli di akrilik stan langsung saya laporkan.,qr_replacement
Loh Diminta bayar tambahan Rp1.500 untuk biaya sistem BI melarang ini.,additional_fees
Wah AC di dalam toko terlalu dingin gak masalah sih.,other
Oh iya Saya perhatikan Nama akun tujuan bukan nama tokonya sama sekali tolong dicek.,identity_mismatch
Oh iya Tiba-tiba ada tambahan Rp3.000 katanya biaya admin QRIS padahal seharusnya gratis.,additional_fees
Hmm Sudah coba berkali-kali tapi QR terbaca tapi transaksi gagal walaupun tidak ada notifikasi sukses dana gue hilang.,suspicious_transaction
Aduh Saya perhatikan Nama di layar pembayaran tidak sesuai dengan nama toko bikin curiga.,identity_mismatch
"Wah Berhasil bayar QRIS, merchant terverifikasi. QRIS berjalan normal. Sangat mudah dan cepat.",safe_confirmation
Hmm Mbaknya minta Rp1.000 sebagai tanpa alasan jelas apakah ini diperbolehkan?.,additional_fees
Oh iya Catatan: Antrian di kasir sangat panjang tapi overall oke kok.,other
Hmm Aneh banget Transaksi error berkali-kali ketika transaksi berlangsung tapi saldo sudah terpotong dana saya hilang.,suspicious_transaction
Wah Kelihatan ada kode QR yang mencurigakan yang menutupi QR code merchantnya aku foto dulu sebagai bukti.,qr_replacement
Transaksi QRIS gagal terus pas saya scan QR-nya padahal uang sudah keluar.,suspicious_transaction
Eh Kenapa ya Identitas merchant nama orang bukan nama toko saya batalin aja transaksinya?,identity_mismatch
Catatan: Harga dan kualitas sebanding.,other
Hmm Transaksi error berkali-kali walaupun tidak ada notifikasi sukses gue minta refund.,suspicious_transaction
Eh Saya lihat ada kode QR yang mencurigakan yang ditempel di atas QR asli di kasir toko.,qr_replacement
Aduh Kelihatan ada QR lain yang ditempel yang ditempel di atas QR asli langsung gw laporkan.,qr_replacement
nama merchant sesuai dengan nama toko dan Transaksi berhasil dan lancar. Tidak ada kendala sama sekali.,safe_confirmation
Wah Alhamdulillah Pembayaran QRIS sukses. tidak ada biaya tambahan. Tidak ada kendala sama sekali.,safe_confirmation
Wah Tempatnya bersih dan nyaman semoga bisa lebih baik.,other
Loh Si penjualnya minta Rp500 sebagai ongkos pembayaran digital tanpa pemberitahuan sebelumnya.,additional_fees
Pengalaman saya: Tidak ada wifi di toko semoga bisa lebih baik.,other
Ada QR code palsu mencurigakan yang dipasang di atas QRIS toko di meja kasir ini pasti fraud.,qr_replacement
"Eh Berhasil bayar QRIS, QR code tampak original. Proses pembayaran mulus. Tidak ada kendala sama sekali.",safe_confirmation
Saya mau kasih masukan: Tempat parkir susah sekali tapi overall oke kok.,other
"Loh Syukurlah QRIS berjalan normal, nama merchant sesuai sama nama toko. Tidak ada kendala sama sekali.",safe_confirmation
Aduh Aneh banget Pembayaran tidak berhasil saat gw coba bayar namun saldo berkurang saya bingung harus lapor kemana.,suspicious_transaction
Aneh banget Pembayaran tidak berhasil waktu pembayaran diproses tapi rekening sudah didebet gw bingung harus lapor kemana.,suspicious_transaction
Eh Tiba-tiba ada tambahan Rp500 katanya biaya transaksi apakah ini diperbolehkan?.,additional_fees
Saya mau kasih masukan: Harganya mahal dibanding toko lain tapi overall oke kok.,other
Pembayaran tidak berhasil pas gw coba bayar saldo terpotong ganda ini banget merugikan.,suspicious_transaction
Saya perhatikan Nama rekening tujuan tidak sama dengan nama usaha saya batalin aja transaksinya.,identity_mismatch
Alhamdulillah Transaksi selesai dengan aman. QR code tampak original. Puas dengan layanannya.,safe_confirmation
Tiba-tiba ada tambahan Rp3.000 katanya biaya penggunaan QRIS saya merasa dirugikan.,additional_fees
Saya mau kasih masukan: Antrian di kasir banget panjang.,other
Catatan: Harga dan kualitas sebanding perlu diperbaiki.,other
Loh Setelah scan Nama yang muncul ketika scan tidak sama dengan nama usaha langsung aku laporin.,identity_mismatch
Oh iya Petugasnya minta seribu rupiah sebagai biaya admin QRIS ini ga boleh.,additional_fees
Hmm Waktu mau bayar saya notice QR lain yang ditempel ditimpa di kode QR yang sah di tempat pembayaran saya curiga ini penipuan.,qr_replacement
Hmm Mbaknya minta dua ribu rupiah sebagai biaya layanan.,additional_fees
Penjual minta Rp2.000 sebagai biaya transaksi ini tidak boleh.,additional_fees
Tiba-tiba ada tambahan Rp2.500 katanya biaya sistem tanpa pemberitahuan sebelumnya.,additional_fees
"Eh Pembayaran sukses tanpa masalah, logo QRIS jelas dan gak rusak. Tidak ada kendala sama sekali.",safe_confirmation
Catatan: Barang sering kehabisan stok.,other
QR terbaca tapi transaksi gagal dan walaupun tidak ada notifikasi sukses ini sangat merugikan.,suspicious_transaction
"Loh Berhasil bayar QRIS, merchant terverifikasi. Transaksi berhasil dan lancar.",safe_confirmation
Hmm Tiba-tiba ada tambahan Rp2.000 katanya biaya sistem BI melarang ini.,additional_fees
Transaksi error berkali-kali namun saldo berkurang ini sudah kedua kalinya.,suspicious_transaction
Ada pungutan Rp2.500 sebagai biaya penggunaan QRIS ini jelas melanggar aturan.,additional_fees
Pas scan QRIS-nya Nama akun tujuan nama orang bukan nama toko saya batalin aja transaksinya.,identity_mismatch
Pembayaran tidak berhasil saat gue coba bayar tapi rekening udah didebet mohon bantuan.,suspicious_transaction
Loh Diminta bayar tambahan Rp2.000 untuk biaya transaksi ini gak boleh.,additional_fees
Aneh banget Transaksi QRIS gagal terus walaupun tidak ada notifikasi sukses ini amat merugikan.,suspicious_transaction
Harganya mahal dibanding toko lain perlu diperbaiki.,other
Hmm Saya mau kasih masukan: Tempatnya bersih dan nyaman secara keseluruhan lumayan.,other
QR code tampak original dan QRIS berjalan normal. Terpercaya tokonya.,safe_confirmation
Kayaknya ada kode QR yang mencurigakan yang dipasang di atas QRIS toko di tempat pembayaran.,qr_replacement
Alhamdulillah Proses pembayaran mulus. QR code tampak original. Sangat mudah dan cepat.,safe_confirmation
Aduh Pembayaran nggak berhasil dan tapi saldo sudah terpotong waktu pembayaran diproses ini sudah kedua kalinya.,suspicious_transaction
Aduh Transaksi error berkali-kali saat aku coba bayar namun saldo berkurang ini sudah kedua kalinya.,suspicious_transaction
Waktu mau bayar gw notice stiker QR palsu ditempel di atas QR asli di akrilik stan saya foto dulu sebagai bukti.,qr_replacement
Oh iya Pas scan QRIS-nya Nama penerima bukan nama tokonya sama sekali saya batalin aja transaksinya.,identity_mismatch
Hmm Waktu mau bayar saya notice kode QR yang mencurigakan nempel di atas akrilik QRIS di kasir toko tolong ditindaklanjuti.,qr_replacement
Oh iya Feedback untuk toko: Tidak ada wifi di toko tapi overall oke kok.,other
Saya perhatikan Nama akun tujuan asing dan tidak dikenal apa mungkin QRIS-nya dipalsukan?.,identity_mismatch
"Oh iya Syukurlah Pembayaran QRIS sukses, nama penerima cocok dengan tokonya. Aman digunakan.",safe_confirmation
Loh QRIS-nya tidak asli ada stiker QR palsu yang menutupi QR code merchantnya tolong ditindaklanjuti.,qr_replacement
Saya lihat ada QR lain yang ditempel yang menutup QR code resmi di akrilik stan tolong ditindaklanjuti.,qr_replacement
Hmm Sudah coba berkali-kali tapi QR terbaca tapi transaksi gagal tapi saldo sudah terpotong tolong segera ditangani.,suspicious_transaction
Aduh Aneh banget Transaksi error berkali-kali pas saya scan QR-nya saldo terpotong ganda saya bingung harus lapor kemana.,suspicious_transaction
Oh iya Ada kode QR yang mencurigakan mencurigakan yang dipasang di atas QRIS toko di kasir toko.,qr_replacement
Wah Lho kok Nama penerima beda banget dari nama tokonya gw khawatir?,identity_mismatch
Aneh banget QR terbaca tapi transaksi gagal walaupun nggak ada notifikasi sukses.,suspicious_transaction
Eh Tiba-tiba ada tambahan Rp5.000 katanya biaya admin QRIS ini jelas melanggar aturan.,additional_fees
Wah Aneh banget Transaksi QRIS gagal terus saat saya coba bayar saldo terpotong ganda ini amat merugikan.,suspicious_transaction
"QRIS berjalan normal, tidak ada biaya tambahan. Sangat mudah dan cepat.",safe_confirmation
Eh Pas scan QRIS-nya Nama penerima jauh berbeda dari nama di spanduk saya khawatir.,identity_mismatch
QRIS-nya nggak asli ada stiker QRIS asing yang menimpa QRIS original saya foto dulu sebagai bukti.,qr_replacement
Loh Saya lihat ada QR lain yang ditempel yang menutup QR code resmi di kasir toko ini pasti fraud.,qr_replacement
Wah Diminta bayar tambahan Rp2.500 untuk tanpa alasan jelas apakah ini diperbolehkan?.,additional_fees
Ada pungutan Rp1.000 sebagai ongkos pembayaran digital.,additional_fees
Aneh banget Nama di layar pembayaran tidak cocok sama stiker toko ini fraud ya?.,identity_mismatch
Eh QRIS-nya tidak asli ada kode QR yang mencurigakan yang menutupi QR code merchantnya saya curiga ini penipuan.,qr_replacement
Loh Catatan: Harganya mahal dibanding toko lain semoga bisa lebih baik.,other
Saya dikenai biaya ekstra Rp1.500 atas nama tanpa alasan jelas BI melarang ini.,additional_fees
Si penjualnya minta Rp5.000 sebagai biaya admin QRIS tanpa pemberitahuan sebelumnya.,additional_fees
Saya dikenai biaya ekstra seribu rupiah atas nama biaya admin QRIS saya komplain tapi diabaikan.,additional_fees
Eh Sistem QRIS mengalami gangguan mencurigakan dan walaupun tidak ada notifikasi sukses pas aku scan QR-nya tolong segera ditangani.,suspicious_transaction
Oh iya Aneh banget Transaksi error berkali-kali saat aku coba bayar tapi saldo sudah terpotong.,suspicious_transaction
Eh Ada QR lain yang ditempel mencurigakan yang menutupi QR code merchantnya di depan toko.,qr_replacement
Transaksi QRIS gagal terus dan walaupun gak ada notifikasi sukses pas saya scan QR-nya ini sudah kedua kalinya.,suspicious_transaction
Aduh Pembayaran tidak berhasil padahal uang dah keluar.,suspicious_transaction
Eh Kayaknya ada stiker QR palsu yang nempel di atas akrilik QRIS di tempat pembayaran ini pasti fraud.,qr_replacement
Loh Pengalaman gue: Kualitas produknya bagus sekali tapi overall oke kok.,other
Waktu mau bayar saya notice kode QR yang mencurigakan menutup QR code resmi di meja kasir langsung saya laporkan.,qr_replacement
Oh iya Ada stiker QR palsu mencurigakan yang menimpa QRIS original di akrilik stan saya foto dulu sebagai bukti.,qr_replacement
Eh QR terbaca tapi transaksi gagal saat saya coba bayar tapi rekening sudah didebet ini sudah kedua kalinya.,suspicious_transaction
Feedback untuk toko: Barang sering kehabisan stok.,other
Tidak ada wifi di toko semoga bisa lebih baik.,other
Ada stiker QRIS asing mencurigakan yang dipasang di atas QRIS toko di meja kasir gue foto dulu sebagai bukti.,qr_replacement
Waktu mau bayar saya notice stiker QR palsu menimpa QRIS original di akrilik stan saya curiga ini penipuan.,qr_replacement
Eh QRIS terlihat asli dan resmi dan Pembayaran sukses tanpa masalah. Aman digunakan.,safe_confirmation
Loh Pengalaman gue: Tempatnya bersih dan nyaman tapi overall oke kok.,other
Eh Sudah coba berkali-kali tapi Transaksi QRIS gagal terus tapi rekening sudah didebet saya minta refund.,suspicious_transaction
Aduh Pengalaman saya: Produknya bagus tapi packaging kurang menarik gak masalah sih.,other
"Eh Syukurlah Transaksi berhasil dan lancar, QRIS terlihat asli dan resmi. Recommended deh tokonya.",safe_confirmation
Aneh banget QR terbaca tapi transaksi gagal tapi saldo sudah terpotong saya bingung harus lapor kemana.,suspicious_transaction
Hmm Sudah coba berkali-kali tapi QRIS gak bisa dipindai padahal uang sudah keluar gue bingung harus lapor kemana.,suspicious_transaction
Wah Diminta bayar tambahan 500 perak untuk biaya layanan saya komplain tapi diabaikan.,additional_fees
Oh iya Saya lihat ada kode QR yang mencurigakan yang menimpa QRIS original di akrilik stan.,qr_replacement
Kelihatan ada kode QR yang mencurigakan yang dipasang di atas QRIS toko langsung gw laporkan.,qr_replacement
Nama akun tujuan bukan nama tokonya sama sekali tolong dicek.,identity_mismatch
Eh Sudah coba berkali-kali tapi Pembayaran tidak berhasil padahal uang sudah keluar ini sangat merugikan.,suspicious_transaction
Loh Alhamdulillah Transaksi berhasil dan lancar. QRIS terlihat asli dan resmi. Aman digunakan.,safe_confirmation
Oh iya Tiba-tiba ada tambahan Rp500 katanya biaya sistem ini tidak boleh.,additional_fees
Hmm Sudah coba berkali-kali tapi Pembayaran tidak berhasil saldo terpotong ganda saya bingung harus lapor kemana.,suspicious_transaction
Aduh Saya lihat ada stiker QRIS asing yang menimpa QRIS original di kasir toko ini pasti fraud.,qr_replacement
Loh Pemilik toko minta 500 perak sebagai biaya layanan padahal seharusnya gratis.,additional_fees
Loh QRIS tidak bisa dipindai pas gw scan QR-nya padahal uang udah keluar saya minta refund.,suspicious_transaction
Loh Saya mau kasih masukan: Tempatnya bersih dan nyaman semoga bisa lebih baik.,other
"Eh Berhasil bayar QRIS, QRIS terlihat asli dan resmi. Pembayaran QRIS sukses. Puas dengan layanannya.",safe_confirmation
Eh Tiba-tiba ada tambahan 500 perak katanya biaya admin QRIS BI melarang ini.,additional_fees
Wah Kayaknya ada stiker QRIS asing yang ditempel di atas QR asli di meja kasir tolong ditindaklanjuti.,qr_replacement
Wah Kayaknya ada stiker QRIS asing yang menutupi QR code merchantnya di akrilik stan.,qr_replacement
Masnya minta Rp5.000 sebagai ongkos pembayaran digital BI melarang ini.,additional_fees
Setelah scan Nama penerima beda banget dari nama tokonya.,identity_mismatch
Pemilik toko minta Rp2.000 sebagai biaya penggunaan QRIS.,additional_fees
"Syukurlah Semua berjalan baik, logo QRIS jelas dan tidak rusak. Puas sama layanannya.",safe_confirmation
Saya mau kasih masukan: Harga dan kualitas sebanding secara keseluruhan lumayan.,other
Hmm Saya dikenai biaya ekstra Rp500 atas nama tanpa alasan jelas BI melarang ini.,additional_fees
"Oh iya Pembayaran sukses tanpa masalah, nama rekening tujuan sesuai. Aman digunakan.",safe_confirmation
Aduh merchant terverifikasi dan QRIS berjalan normal. Tidak ada kendala sama sekali.,safe_confirmation
Saya dikenai biaya ekstra Rp1.000 atas nama biaya transaksi apakah ini diperbolehkan?.,additional_fees
Waktu mau bayar saya notice stiker QR palsu dipasang di atas QRIS toko di depan toko saya gak jadi bayar.,qr_replacement
Hmm Ditagih Rp500 lagi dengan alasan tanpa alasan jelas saya komplain tapi diabaikan.,additional_fees
Wah Transaksi QRIS gagal terus saat saya coba bayar tapi rekening sudah didebet dana saya hilang.,suspicious_transaction
Alhamdulillah Transaksi berhasil dan lancar. QRIS terlihat asli dan resmi. Recommended deh tokonya.,safe_confirmation
Hmm Saya dikenai biaya ekstra Rp1.500 atas nama biaya admin QRIS saya komplain tapi diabaikan.,additional_fees
"Hmm Syukurlah Pembayaran sukses tanpa masalah, logo QRIS jelas dan tidak rusak.",safe_confirmation
Wah Si penjualnya minta Rp5.000 sebagai biaya transaksi tanpa pemberitahuan sebelumnya.,additional_fees
Wah Lho kok Nama di layar pembayaran asing dan tidak dikenal?,identity_mismatch
Aduh Toko agak kotor di bagian belakang ga masalah sih.,other
Aduh Ditagih Rp3.000 lagi dengan alasan biaya admin QRIS apakah ini diperbolehkan?.,additional_fees
QRIS-nya ga asli ada stiker QRIS baru yang nempel di atas akrilik QRIS gue curiga ini penipuan.,qr_replacement
Wah Lho kok Nama yang muncul saat scan enggak sama dengan nama usaha jadi saya ragu mau bayar?,identity_mismatch
Oh iya Petugasnya minta Rp2.000 sebagai biaya sistem ini tidak boleh.,additional_fees
Eh Masnya minta Rp5.000 sebagai biaya admin QRIS gue komplain tapi diabaikan.,additional_fees
tidak ada biaya tambahan dan Pembayaran QRIS sukses. Sangat mudah dan cepat.,safe_confirmation
Loh Saya dikenai biaya ekstra Rp2.000 atas nama biaya sistem ini jelas melanggar aturan.,additional_fees
Loh Alhamdulillah Pembayaran sukses tanpa masalah. nama rekening tujuan sesuai. Recommended deh tokonya.,safe_confirmation
"Aduh Pembayaran QRIS sukses, nama merchant sesuai dengan nama toko. Tidak ada kendala sama sekali.",safe_confirmation
Eh QRIS-nya tidak asli ada QR code palsu yang nempel di atas akrilik QRIS saya foto dulu sebagai bukti.,qr_replacement
Loh Ada kode QR yang mencurigakan mencurigakan yang menimpa QRIS original di tempat pembayaran tolong ditindaklanjuti.,qr_replacement
Eh Saya lihat ada stiker QR palsu yang dipasang di atas QRIS toko di depan toko ini pasti fraud.,qr_replacement
"Transaksi selesai sama aman, QR code tampak original.",safe_confirmation
Hmm Lho kok Nama akun tujuan nama orang bukan nama toko apa mungkin QRIS-nya dipalsukan??,identity_mismatch
"Loh Berhasil bayar QRIS, logo QRIS jelas dan ga rusak. Proses pembayaran mulus. Recommended deh tokonya.",safe_confirmation
Oh iya Saya lihat ada kode QR yang mencurigakan yang nempel di atas akrilik QRIS di akrilik stan langsung saya laporkan.,qr_replacement
Pas scan QRIS-nya Nama di layar pembayaran enggak cocok dengan stiker toko bikin curiga.,identity_mismatch
"Aduh Syukurlah Proses pembayaran mulus, tidak ada biaya tambahan. Sangat mudah dan cepat.",safe_confirmation
Ada pungutan Rp2.000 sebagai biaya layanan padahal seharusnya gratis.,additional_fees
Aduh Harga dan kualitas sebanding semoga bisa lebih baik.,other
Loh QRIS-nya tidak asli ada QR code palsu yang nempel di atas akrilik QRIS tolong ditindaklanjuti.,qr_replacement
Loh Ada stiker QRIS baru mencurigakan yang ditimpa di kode QR yang sah di tempat pembayaran.,qr_replacement
Feedback untuk toko: Antrian di kasir sangat panjang perlu diperbaiki.,other
Sudah coba berkali-kali tapi Transaksi error berkali-kali padahal uang sudah keluar ini sudah kedua kalinya.,suspicious_transaction
Waktu mau bayar saya notice QR lain yang ditempel dipasang di atas QRIS toko di tempat pembayaran saya foto dulu sebagai bukti.,qr_replacement
"Semua berjalan baik, logo QRIS jelas dan tidak rusak. Tidak ada kendala sama sekali.",safe_confirmation
Wah Petugasnya minta Rp3.000 sebagai ongkos pembayaran digital tanpa pemberitahuan sebelumnya.,additional_fees
Nama rekening tujuan ga sama dengan nama usaha bikin curiga.,identity_mismatch
Wah Diminta bayar tambahan Rp500 untuk biaya transaksi saya komplain tapi diabaikan.,additional_fees
Feedback untuk toko: Kualitas produknya bagus sekali tidak masalah sih.,other
"Oh iya QRIS berjalan normal, logo QRIS jelas dan tidak rusak.",safe_confirmation
Saya perhatikan Nama rekening tujuan berbeda dengan nama toko yang tertera langsung saya laporin.,identity_mismatch
Aduh Diminta bayar tambahan 500 perak untuk tanpa alasan jelas padahal seharusnya gratis.,additional_fees
Oh iya Kenapa ya Nama akun tujuan beda sama nama yang ada di plang ini fraud ya??,identity_mismatch
QRIS-nya tidak asli ada stiker QRIS baru yang menimpa QRIS original gw foto dulu sebagai bukti.,qr_replacement
Aduh Sudah coba berkali-kali tapi QR terbaca tapi transaksi gagal walaupun ga ada notifikasi sukses mohon bantuan.,suspicious_transaction
Aduh Alhamdulillah Transaksi selesai dengan aman. nama merchant sesuai dengan nama toko. Recommended deh tokonya.,safe_confirmation
Oh iya Tiba-tiba ada tambahan Rp2.000 katanya biaya transaksi padahal seharusnya gratis.,additional_fees
"Eh Syukurlah Transaksi selesai dengan aman, tidak ada biaya tambahan. Puas dengan layanannya.",safe_confirmation
Ada pungutan Rp5.000 sebagai biaya penggunaan QRIS ini jelas melanggar aturan.,additional_fees
Oh iya Waktu mau bayar saya notice stiker QRIS baru menutup QR code resmi di akrilik stan langsung saya laporkan.,qr_replacement
Wah Pengalaman gue: Harga dan kualitas sebanding semoga bisa lebih baik.,other
Catatan: Harganya mahal dibanding toko lain secara keseluruhan lumayan.,other
Oh iya Aneh banget Nama akun tujuan bukan nama tokonya sama sekali tolong dicek.,identity_mismatch
Hmm nama merchant sesuai dengan nama toko dan Proses pembayaran mulus. Puas dengan layanannya.,safe_confirmation
Ada pungutan Rp500 sebagai biaya penggunaan QRIS.,additional_fees
Oh iya Pas scan QRIS-nya Nama merchant bukan nama tokonya sama sekali tolong dicek.,identity_mismatch
Wah Feedback untuk toko: Pencahayaan toko kurang terang semoga bisa lebih baik.,other
"Semua berjalan baik, enggak ada biaya tambahan. Tidak ada kendala sama sekali.",safe_confirmation
Aduh Kelihatan ada stiker QR palsu yang nempel di atas akrilik QRIS saya gak jadi bayar.,qr_replacement
Ditagih Rp2.500 lagi dengan alasan biaya sistem saya komplain tapi diabaikan.,additional_fees
Loh Si penjualnya minta dua ribu rupiah sebagai biaya admin QRIS ini tidak boleh.,additional_fees
Oh iya Alhamdulillah Pembayaran QRIS sukses. QR code tampak original. Sangat mudah dan cepat.,safe_confirmation
Wah Catatan: Tempat parkir susah sekali semoga bisa lebih baik.,other
Lho kok Nama akun tujuan nama orang bukan nama toko langsung saya laporin?,identity_mismatch
merchant terverifikasi dan Transaksi berhasil dan lancar. Sangat mudah dan cepat.,safe_confirmation
Wah Pengalaman saya: Harganya mahal dibanding toko lain semoga bisa lebih baik.,other
"Wah Syukurlah Proses pembayaran mulus, nama merchant sesuai dengan nama toko. Terpercaya tokonya.",safe_confirmation
Aduh Lho kok Nama pemilik rekening tidak cocok dengan stiker toko jadi saya ragu mau bayar?,identity_mismatch
Kenapa ya Nama rekening tujuan tidak sesuai dengan nama toko apa ini aman??,identity_mismatch
Hmm Mbaknya minta Rp1.000 sebagai biaya sistem padahal seharusnya gratis.,additional_fees
Oh iya Pengalaman saya: Barang sering kehabisan stok tapi overall oke kok.,other
Loh Diminta bayar tambahan Rp1.500 untuk biaya admin QRIS ini jelas melanggar aturan.,additional_fees
Wah QRIS tidak bisa dipindai saldo terpotong ganda.,suspicious_transaction
"QRIS berjalan normal, merchant terverifikasi. Terpercaya tokonya.",safe_confirmation
Setelah scan Nama yang muncul pas scan berbeda dengan nama toko yang tertera jadi saya ragu mau bayar.,identity_mismatch
Wah Sistem QRIS mengalami gangguan mencurigakan pas saya scan QR-nya saldo terpotong ganda saya minta refund.,suspicious_transaction
Hmm Ada pungutan Rp3.000 sebagai tanpa alasan jelas.,additional_fees
tidak ada biaya tambahan dan Transaksi berhasil dan lancar. Terpercaya tokonya.,safe_confirmation
Wah Pas scan QRIS-nya Nama rekening tujuan enggak sesuai sama nama toko langsung aku laporin.,identity_mismatch
QRIS tidak bisa dipindai pas aku scan QR-nya tapi saldo sudah terpotong dana saya hilang.,suspicious_transaction
Diminta bayar tambahan Rp3.000 untuk biaya penggunaan QRIS tanpa pemberitahuan sebelumnya.,additional_fees
Loh Lho kok Nama rekening tujuan beda banget dari nama tokonya ini fraud ya??,identity_mismatch
Wah Setelah scan Nama merchant tidak sesuai dengan nama toko saya batalin aja transaksinya.,identity_mismatch
Aduh Pas scan QRIS-nya Nama yang muncul saat scan berbeda dengan nama toko yang tertera jadi saya ragu mau bayar.,identity_mismatch
Alhamdulillah Transaksi selesai dengan aman. QRIS terlihat asli dan resmi.,safe_confirmation
Loh Ada pungutan dua ribu rupiah sebagai biaya layanan saya komplain tapi diabaikan.,additional_fees
Loh Nama di layar pembayaran beda sama nama yang ada di plang saya batalin aja transaksinya.,identity_mismatch
Catatan: Lokasi toko strategis banget semoga bisa lebih baik.,other
Kayaknya ada stiker QR palsu yang ditempel di atas QR asli di meja kasir langsung saya laporkan.,qr_replacement
Feedback untuk toko: Toko agak kotor di bagian belakang secara keseluruhan lumayan.,other
Eh Alhamdulillah QRIS berjalan normal. nama penerima cocok dengan tokonya.,safe_confirmation
Hmm Pengalaman gw: Toko terlalu ramai dan sempit enggak masalah sih.,other
Hmm Saya dikenai biaya ekstra 500 perak atas nama biaya transaksi ini tidak boleh.,additional_fees
Oh iya Lho kok Nama rekening tujuan beda sama nama yang ada di plang langsung saya laporin?,identity_mismatch
Oh iya Kayaknya ada QR code palsu yang ditimpa di kode QR yang sah di tempat pembayaran saya foto dulu sebagai bukti.,qr_replacement
"Aduh Berhasil bayar QRIS, nama rekening tujuan sesuai. Pembayaran sukses tanpa masalah. Aman digunakan.",safe_confirmation
Eh QR code tampak original dan Transaksi berhasil dan lancar. Puas dengan layanannya.,safe_confirmation
Loh Catatan: Jam buka toko tidak konsisten tidak masalah sih.,other
Eh Nama akun tujuan asing dan nggak dikenal bikin curiga.,identity_mismatch
Wah Harganya mahal dibanding toko lain.,other
"Syukurlah Transaksi berhasil dan lancar, QRIS terlihat asli dan resmi. Sangat mudah dan cepat.",safe_confirmation
Waktu mau bayar saya notice QR lain yang ditempel ditimpa di kode QR yang sah di kasir toko langsung saya laporkan.,qr_replacement
Hmm Setelah scan Nama merchant beda sama nama yang ada di plang saya batalin aja transaksinya.,identity_mismatch
Aduh Catatan: Produknya bagus tapi packaging kurang menarik tidak masalah sih.,other
Aduh Nama yang muncul saat scan gak cocok sama nama merchant resmi langsung gw laporin.,identity_mismatch
Aduh Kayaknya ada stiker QRIS asing yang menimpa QRIS original di kasir toko tolong ditindaklanjuti.,qr_replacement
Loh Nama pemilik rekening bukan nama tokonya sama sekali saya khawatir.,identity_mismatch
Loh merchant terverifikasi dan Pembayaran QRIS sukses. Aman digunakan.,safe_confirmation
Wah Saya lihat ada stiker QRIS asing yang dipasang di atas QRIS toko di kasir toko ini pasti fraud.,qr_replacement
Kelihatan ada QR code palsu yang menutupi QR code merchantnya gw curiga ini penipuan.,qr_replacement
"Hmm Syukurlah Proses pembayaran mulus, enggak ada biaya tambahan.",safe_confirmation
Eh Setelah scan Nama di layar pembayaran ga cocok dengan stiker toko saya khawatir.,identity_mismatch
"Loh Berhasil bayar QRIS, nama penerima cocok dengan tokonya. QRIS berjalan normal. Tidak ada kendala sama sekali.",safe_confirmation
Loh Ada QR code palsu mencurigakan yang ditimpa di kode QR yang sah di akrilik stan ini pasti fraud.,qr_replacement
Loh Saya mau kasih masukan: Toko terlalu ramai dan sempit.,other
Eh Ada pungutan Rp3.000 sebagai tanpa alasan jelas apakah ini diperbolehkan?.,additional_fees
QR terbaca tapi transaksi gagal ketika transaksi berlangsung namun saldo berkurang dana saya hilang.,suspicious_transaction
Hmm Pengalaman saya: Tempatnya bersih dan nyaman secara keseluruhan lumayan.,other
Oh iya Saya dikenai biaya ekstra 500 perak atas nama biaya penggunaan QRIS.,additional_fees
Aduh Kasir minta Rp5.000 sebagai ongkos pembayaran digital ini enggak boleh.,additional_fees
Ada stiker QR palsu mencurigakan yang ditimpa di kode QR yang sah di meja kasir langsung saya laporkan.,qr_replacement
Oh iya Catatan: Jam buka toko tidak konsisten perlu diperbaiki.,other
"Berhasil bayar QRIS, QRIS terlihat asli dan resmi. QRIS berjalan normal. Recommended deh tokonya.",safe_confirmation
"Berhasil bayar QRIS, merchant terverifikasi. Transaksi selesai dengan aman. Recommended deh tokonya.",safe_confirmation
Penjual minta dua ribu rupiah sebagai ongkos pembayaran digital ini jelas melanggar aturan.,additional_fees
Oh iya Kenapa ya Nama penerima berbeda dengan nama toko yang tertera jadi saya ragu mau bayar?,identity_mismatch
Aduh Kayaknya ada stiker QRIS baru yang ditempel di atas QR asli di akrilik stan saya curiga ini penipuan.,qr_replacement
Loh Aneh banget Nama penerima berbeda dgn nama toko yang tertera ini fraud ya?.,identity_mismatch
Loh Alhamdulillah QRIS berjalan normal. logo QRIS jelas dan tidak rusak. Sangat mudah dan cepat.,safe_confirmation
Setelah scan Nama penerima beda banget dari nama tokonya jadi aku ragu mau bayar.,identity_mismatch
Pas scan QRIS-nya Nama yang muncul pas scan jauh berbeda dari nama di spanduk bikin curiga.,identity_mismatch
Saya dikenai biaya ekstra Rp3.000 atas nama biaya sistem.,additional_fees
"Berhasil bayar QRIS, logo QRIS jelas dan tidak rusak. Proses pembayaran mulus. Recommended deh tokonya.",safe_confirmation
Wah Lho kok Nama pemilik rekening tidak sesuai dengan nama toko tolong dicek?,identity_mismatch
Aduh Saya perhatikan Nama pemilik rekening tidak sesuai dengan nama toko ini fraud ya?.,identity_mismatch
Eh Diminta bayar tambahan Rp5.000 untuk biaya sistem saya komplain tapi diabaikan.,additional_fees
Kelihatan ada stiker QRIS baru yang ditempel di atas QR asli ini pasti fraud.,qr_replacement
Oh iya Feedback untuk toko: Kualitas produknya bagus sekali semoga bisa lebih baik.,other
"Loh Syukurlah QRIS berjalan normal, QRIS terlihat asli dan resmi. Recommended deh tokonya.",safe_confirmation
QR terbaca tapi transaksi gagal dan saldo terpotong ganda waktu pembayaran diproses mohon bantuan.,suspicious_transaction
Kayaknya ada kode QR yang mencurigakan yang menutup QR code resmi di meja kasir.,qr_replacement
Hmm Pembayaran ga berhasil dan namun saldo berkurang ketika transaksi berlangsung mohon bantuan.,suspicious_transaction
Oh iya Catatan: Tempatnya bersih dan nyaman ga masalah sih.,other
Loh Lho kok Nama yang muncul saat scan jauh berbeda dari nama di spanduk apa ini aman??,identity_mismatch
Feedback untuk toko: Jam buka toko tidak konsisten semoga bisa lebih baik.,other
Aduh QRIS-nya gak asli ada stiker QR palsu yang menutupi QR code merchantnya saya foto dulu sebagai bukti.,qr_replacement
Wah Aneh banget Transaksi QRIS gagal terus pas saya scan QR-nya tapi saldo dah terpotong saya bingung harus lapor kemana.,suspicious_transaction
Waktu mau bayar saya notice stiker QRIS asing menutupi QR code merchantnya di meja kasir langsung saya laporkan.,qr_replacement
Oh iya Kenapa ya Nama penerima asing dan tidak dikenal tolong dicek?,identity_mismatch
Oh iya Tiba-tiba ada tambahan Rp1.500 katanya biaya sistem tanpa pemberitahuan sebelumnya.,additional_fees
Loh Aneh banget Nama akun tujuan beda banget dari nama tokonya apa mungkin QRIS-nya dipalsukan?.,identity_mismatch
Sudah coba berkali-kali tapi Transaksi error berkali-kali namun saldo berkurang saya bingung harus lapor kemana.,suspicious_transaction
Saya dikenai biaya ekstra Rp5.000 atas nama biaya layanan BI melarang ini.,additional_fees
Wah Transaksi error berkali-kali dan saldo terpotong ganda .,suspicious_transaction
Nama merchant gak cocok sama nama merchant resmi saya batalin aja transaksinya.,identity_mismatch
Kenapa ya Nama rekening tujuan berbeda dengan nama toko yang tertera tolong dicek?,identity_mismatch
Loh Catatan: Tidak ada wifi di toko.,other
Catatan: Tempatnya bersih dan nyaman secara keseluruhan lumayan.,other
Ada stiker QR palsu mencurigakan yang menimpa QRIS original di kasir toko ini pasti fraud.,qr_replacement
Kayaknya ada kode QR yang mencurigakan yang menutupi QR code merchantnya di meja kasir.,qr_replacement
Hmm Ada pungutan Rp5.000 sebagai biaya transaksi padahal seharusnya gratis.,additional_fees
Eh Pengalaman gue: Kualitas produknya bagus sekali secara keseluruhan lumayan.,other
Kayaknya ada QR lain yang ditempel yang nempel di atas akrilik QRIS di meja kasir ini pasti fraud.,qr_replacement
"Wah Berhasil bayar QRIS, nama rekening tujuan sesuai. Transaksi berhasil dan lancar. Aman digunakan.",safe_confirmation
Aneh banget Sistem QRIS mengalami gangguan mencurigakan walaupun ga ada notifikasi sukses saya bingung harus lapor kemana.,suspicious_transaction
"Loh Transaksi berhasil dan lancar, merchant terverifikasi. Aman digunakan.",safe_confirmation
Hmm Saya lihat ada QR code palsu yang ditempel di atas QR asli di akrilik stan.,qr_replacement
Hmm Kelihatan ada QR code palsu yang ditimpa di kode QR yang sah ini pasti fraud.,qr_replacement
Aduh Pengalaman saya: Lokasi toko strategis banget.,other
Oh iya Saya mau kasih masukan: Produknya bagus tapi packaging kurang menarik semoga bisa lebih baik.,other
Loh Feedback untuk toko: Pelayanan kasirnya kurang ramah semoga bisa lebih baik.,other
Pengalaman saya: Jam buka toko tidak konsisten tidak masalah sih.,other
Wah Aneh banget Pembayaran tidak berhasil saat saya coba bayar padahal uang sudah keluar dana saya hilang.,suspicious_transaction
Oh iya Saya dikenai biaya ekstra Rp1.000 atas nama biaya layanan.,additional_fees
Loh QR code tampak original dan Transaksi selesai dengan aman.,safe_confirmation
"Proses pembayaran mulus, logo QRIS jelas dan tidak rusak. Puas dengan layanannya.",safe_confirmation
Oh iya Kayaknya ada QR lain yang ditempel yang ditimpa di kode QR yang sah di kasir toko tolong ditindaklanjuti.,qr_replacement
Ditagih Rp1.000 lagi dengan alasan biaya penggunaan QRIS tanpa pemberitahuan sebelumnya.,additional_fees
Wah Sistem QRIS mengalami gangguan mencurigakan dan namun saldo berkurang ketika transaksi berlangsung ini sudah kedua kalinya.,suspicious_transaction
Hmm Lho kok Nama merchant enggak cocok dgn stiker toko apa ini aman??,identity_mismatch
Oh iya QRIS enggak bisa dipindai ketika transaksi berlangsung padahal uang sudah keluar aku bingung harus lapor kemana.,suspicious_transaction
Wah Kelihatan ada stiker QRIS baru yang nempel di atas akrilik QRIS.,qr_replacement
Loh Pas scan QRIS-nya Nama yang muncul saat scan bukan nama tokonya sama sekali langsung saya laporin.,identity_mismatch
Alhamdulillah Transaksi berhasil dan lancar. QRIS terlihat asli dan resmi. Tidak ada kendala sama sekali.,safe_confirmation
Wah Kayaknya ada stiker QR palsu yang menimpa QRIS original di akrilik stan.,qr_replacement
QRIS-nya tidak asli ada stiker QRIS baru yang menimpa QRIS original tolong ditindaklanjuti.,qr_replacement
"Loh Syukurlah Pembayaran QRIS sukses, nama rekening tujuan sesuai. Terpercaya tokonya.",safe_confirmation
Catatan: Produknya bagus tapi packaging kurang menarik tapi overall oke kok.,other
Saya perhatikan Identitas merchant berbeda dengan nama toko yang tertera langsung saya laporin.,identity_mismatch
"Wah Berhasil bayar QRIS, QR code tampak original. Pembayaran sukses tanpa masalah. Tidak ada kendala sama sekali.",safe_confirmation
Oh iya Waktu mau bayar aku notice stiker QR palsu menimpa QRIS original di meja kasir saya gak jadi bayar.,qr_replacement
Wah Lokasi toko strategis banget.,other
Saya lihat ada QR code palsu yang ditimpa di kode QR yang sah di akrilik stan.,qr_replacement
Saya lihat ada stiker QRIS baru yang menimpa QRIS original di akrilik stan tolong ditindaklanjuti.,qr_replacement
Loh Nama merchant bukan nama tokonya sama sekali langsung saya laporin.,identity_mismatch
Saya mau kasih masukan: Barang sering kehabisan stok.,other
Eh Sudah coba berkali-kali tapi QR terbaca tapi transaksi gagal walaupun gak ada notifikasi sukses dana saya hilang.,suspicious_transaction
Oh iya Kelihatan ada QR lain yang ditempel yang dipasang di atas QRIS toko.,qr_replacement
Eh Tiba-tiba ada tambahan Rp2.500 katanya biaya penggunaan QRIS padahal seharusnya gratis.,additional_fees
Saya mau kasih masukan: Jam buka toko ga konsisten.,other
Oh iya Aneh banget Pembayaran tidak berhasil waktu pembayaran diproses tapi rekening sudah didebet saya minta refund.,suspicious_transaction
Eh Antrian di kasir sangat panjang perlu diperbaiki.,other
Hmm Kasir minta seribu rupiah sebagai biaya sistem saya komplain tapi diabaikan.,additional_fees
QRIS tidak bisa dipindai saat saya coba bayar tapi saldo udah terpotong.,suspicious_transaction
Aduh Pembayaran gak berhasil dan namun saldo berkurang waktu pembayaran diproses saya bingung harus lapor kemana.,suspicious_transaction
Tiba-tiba ada tambahan Rp1.000 katanya ongkos pembayaran digital BI melarang ini.,additional_fees
QRIS-nya ga asli ada stiker QRIS asing yang menutup QR code resmi saya foto dulu sebagai bukti.,qr_replacement
Oh iya Kelihatan ada QR lain yang ditempel yang ditempel di atas QR asli saya foto dulu sebagai bukti.,qr_replacement
Sistem QRIS mengalami gangguan mencurigakan ketika transaksi berlangsung saldo terpotong ganda.,suspicious_transaction
Loh Kelihatan ada stiker QR palsu yang ditempel di atas QR asli saya foto dulu sebagai bukti.,qr_replacement
Loh Saya dikenai biaya ekstra Rp1.500 atas nama tanpa alasan jelas ini tidak boleh.,additional_fees
Hmm Pas scan QRIS-nya Nama di layar pembayaran tidak sama dgn nama usaha jadi gue ragu mau bayar.,identity_mismatch
Wah Saya mau kasih masukan: Produknya bagus tapi packaging kurang menarik.,other
Oh iya Pengalaman saya: Barang sering kehabisan stok perlu diperbaiki.,other
Loh Pemilik toko minta 500 perak sebagai tanpa alasan jelas ini jelas melanggar aturan.,additional_fees
Kayaknya ada QR lain yang ditempel yang ditimpa di kode QR yang sah di meja kasir aku curiga ini penipuan.,qr_replacement
Aneh banget Sistem QRIS mengalami gangguan mencurigakan saat gw coba bayar tapi saldo sudah terpotong dana saya hilang.,suspicious_transaction
QRIS-nya gak asli ada kode QR yang mencurigakan yang ditimpa di kode QR yang sah tolong ditindaklanjuti.,qr_replacement
Oh iya Catatan: Produknya bagus tapi packaging kurang menarik secara keseluruhan lumayan.,other
Oh iya AC di dalam toko terlalu dingin semoga bisa lebih baik.,other
Oh iya Setelah scan Identitas merchant gak cocok dengan stiker toko tolong dicek.,identity_mismatch
Diminta bayar tambahan dua ribu rupiah untuk biaya penggunaan QRIS.,additional_fees
Oh iya Ada kode QR yang mencurigakan mencurigakan yang dipasang di atas QRIS toko di meja kasir.,qr_replacement
Kayaknya ada QR lain yang ditempel yang menutup QR code resmi di kasir toko.,qr_replacement
Pemilik toko minta Rp2.500 sebagai tanpa alasan jelas tanpa pemberitahuan sebelumnya.,additional_fees
Alhamdulillah Proses pembayaran mulus. nama penerima cocok sama tokonya. Sangat mudah dan cepat.,safe_confirmation
Oh iya Setelah scan Nama yang muncul saat scan berbeda dengan nama toko yang tertera bikin curiga.,identity_mismatch
Waktu mau bayar saya notice stiker QRIS asing dipasang di atas QRIS toko di akrilik stan ini pasti fraud.,qr_replacement
Oh iya Setelah scan Nama di layar pembayaran jauh berbeda dari nama di spanduk saya batalin aja transaksinya.,identity_mismatch
Waktu mau bayar saya notice stiker QRIS baru ditimpa di kode QR yang sah di depan toko.,qr_replacement
"Berhasil bayar QRIS, gak ada biaya tambahan. Proses pembayaran mulus. Terpercaya tokonya.",safe_confirmation
Aduh Ada kode QR yang mencurigakan mencurigakan yang dipasang di atas QRIS toko di akrilik stan ini pasti fraud.,qr_replacement
Wah Alhamdulillah Proses pembayaran mulus. merchant terverifikasi. Puas dengan layanannya.,safe_confirmation
Hmm Catatan: Barang sering kehabisan stok semoga bisa lebih baik.,other
Loh Waktu mau bayar aku notice stiker QRIS baru ditempel di atas QR asli di meja kasir saya foto dulu sebagai bukti.,qr_replacement
QR terbaca tapi transaksi gagal dan namun saldo berkurang ketika transaksi berlangsung ini sudah kedua kalinya.,suspicious_transaction
Aduh Aneh banget Transaksi error berkali-kali tapi rekening sudah didebet.,suspicious_transaction
Sudah coba berkali-kali tapi Transaksi QRIS gagal terus walaupun tidak ada notifikasi sukses ini sudah kedua kalinya.,suspicious_transaction
Aduh Kelihatan ada QR lain yang ditempel yang ditempel di atas QR asli langsung saya laporkan.,qr_replacement
Loh Saya dikenai biaya ekstra seribu rupiah atas nama biaya penggunaan QRIS apakah ini diperbolehkan?.,additional_fees
Oh iya Alhamdulillah Transaksi selesai dengan aman. QRIS terlihat asli dan resmi. Terpercaya tokonya.,safe_confirmation
Pembayaran ga berhasil saat saya coba bayar namun saldo berkurang saya minta refund.,suspicious_transaction
Wah Diminta bayar tambahan Rp2.500 untuk biaya transaksi saya komplain tapi diabaikan.,additional_fees
Aduh Feedback untuk toko: Pelayanan kasirnya kurang ramah tapi overall oke kok.,other
Kelihatan ada stiker QR palsu yang menutup QR code resmi.,qr_replacement
Kenapa ya Nama yang muncul saat scan asing dan tidak dikenal tolong dicek?,identity_mismatch
Hmm Feedback untuk toko: Jam buka toko tidak konsisten semoga bisa lebih baik.,other
Wah Saya mau kasih masukan: Tempatnya bersih dan nyaman tapi overall oke kok.,other
Ada stiker QRIS asing mencurigakan yang menutupi QR code merchantnya di depan toko saya gak jadi bayar.,qr_replacement
Aduh Tidak ada wifi di toko semoga bisa lebih baik.,other
Oh iya Nama akun tujuan asing dan gak dikenal bikin curiga.,identity_mismatch
Hmm Pembayaran tidak berhasil pas saya scan QR-nya tapi rekening sudah didebet ini sangat merugikan.,suspicious_transaction
Wah Transaksi QRIS gagal terus dan saldo terpotong ganda saat saya coba bayar dana saya hilang.,suspicious_transaction
Hmm Saya dikenai biaya ekstra Rp1.500 atas nama biaya transaksi tanpa pemberitahuan sebelumnya.,additional_fees
Eh Aneh banget Nama yang muncul saat scan nama orang bukan nama toko apa mungkin QRIS-nya dipalsukan?.,identity_mismatch
Pas scan QRIS-nya Nama pemilik rekening nama orang bukan nama toko jadi gw ragu mau bayar.,identity_mismatch
"Syukurlah Semua berjalan baik, merchant terverifikasi. Tidak ada kendala sama sekali.",safe_confirmation
Aneh banget Nama penerima berbeda dengan nama toko yang tertera gue khawatir.,identity_mismatch
Saya lihat ada stiker QR palsu yang menimpa QRIS original di depan toko ini pasti fraud.,qr_replacement
Sistem QRIS mengalami gangguan mencurigakan dan saldo terpotong ganda ketika transaksi berlangsung tolong segera ditangani.,suspicious_transaction
Hmm Ditagih dua ribu rupiah lagi dengan alasan biaya sistem tanpa pemberitahuan sebelumnya.,additional_fees
Setelah scan Nama di layar pembayaran ga sama dengan nama usaha apa mungkin QRIS-nya dipalsukan?.,identity_mismatch
tidak ada biaya tambahan dan Pembayaran sukses tanpa masalah. Puas sama layanannya.,safe_confirmation
Aduh Transaksi error berkali-kali pas saya coba bayar namun saldo berkurang.,suspicious_transaction
Loh Diminta bayar tambahan Rp500 untuk ongkos pembayaran digital ini gak boleh.,additional_fees
Aneh banget QRIS ga bisa dipindai pas saya scan QR-nya tapi saldo sudah terpotong ini sudah kedua kalinya.,suspicious_transaction
Eh Catatan: Lokasi toko strategis banget.,other
Eh Catatan: Toko terlalu ramai dan sempit tapi overall oke kok.,other
Aduh Feedback untuk toko: Kualitas produknya bagus sekali.,other
"Wah Semua berjalan baik, logo QRIS jelas dan nggak rusak. Tidak ada kendala sama sekali.",safe_confirmation
Hmm Kasir minta Rp2.500 sebagai biaya penggunaan QRIS tanpa pemberitahuan sebelumnya.,additional_fees
Sudah coba berkali-kali tapi Sistem QRIS mengalami gangguan mencurigakan tapi saldo dah terpotong ini sudah kedua kalinya.,suspicious_transaction
Waktu mau bayar saya notice kode QR yang mencurigakan menutup QR code resmi di kasir toko ini pasti fraud.,qr_replacement
Eh Pembayaran tidak berhasil ketika transaksi berlangsung padahal uang sudah keluar gw bingung harus lapor kemana.,suspicious_transaction
"Aduh Berhasil bayar QRIS, nama rekening tujuan sesuai. QRIS berjalan normal. Recommended deh tokonya.",safe_confirmation
Hmm Pembayaran tidak berhasil dan walaupun tidak ada notifikasi sukses saat saya coba bayar dana saya hilang.,suspicious_transaction
Diminta bayar tambahan Rp5.000 untuk biaya penggunaan QRIS ini ga boleh.,additional_fees
Saya dikenai biaya ekstra Rp500 atas nama ongkos pembayaran digital saya merasa dirugikan.,additional_fees
Oh iya Sudah coba berkali-kali tapi Transaksi QRIS gagal terus tapi rekening dah didebet ini sangat merugikan.,suspicious_transaction
Aneh banget Nama akun tujuan beda banget dari nama tokonya jadi saya ragu mau bayar.,identity_mismatch
Ditagih Rp2.500 lagi dengan alasan ongkos pembayaran digital padahal seharusnya gratis.,additional_fees
Saya mau kasih masukan: Kualitas produknya bagus sekali secara keseluruhan lumayan.,other
Pas scan QRIS-nya Nama di layar pembayaran nama orang bukan nama toko.,identity_mismatch
Oh iya Lokasi toko strategis banget secara keseluruhan lumayan.,other
Wah Saya perhatikan Nama akun tujuan gak cocok sama nama merchant resmi ini fraud ya?.,identity_mismatch
Aduh Diminta bayar tambahan Rp3.000 untuk biaya transaksi tanpa pemberitahuan sebelumnya.,additional_fees
Tempatnya bersih dan nyaman.,other
Oh iya Saya lihat ada stiker QR palsu yang menimpa QRIS original di akrilik stan saya foto dulu sebagai bukti.,qr_replacement
Aduh Aneh banget Transaksi error berkali-kali tapi rekening sudah didebet saya minta refund.,suspicious_transaction
Wah QRIS ga bisa dipindai waktu pembayaran diproses namun saldo berkurang dana gw hilang.,suspicious_transaction
"Syukurlah QRIS berjalan normal, logo QRIS jelas dan gak rusak. Sangat mudah dan cepat.",safe_confirmation
Kenapa ya Nama di layar pembayaran bukan nama tokonya sama sekali apa ini aman??,identity_mismatch
Pas scan QRIS-nya Nama penerima tidak sesuai dengan nama toko apa ini aman?.,identity_mismatch
"Aduh Transaksi berhasil dan lancar, nama penerima cocok dgn tokonya. Puas dengan layanannya.",safe_confirmation
Eh Kelihatan ada kode QR yang mencurigakan yang nempel di atas akrilik QRIS.,qr_replacement
Nama pemilik rekening tidak sama sama nama usaha langsung saya laporin.,identity_mismatch
Eh Ditagih Rp1.500 lagi sama alasan biaya penggunaan QRIS padahal seharusnya gratis.,additional_fees
Loh Lho kok Nama pemilik rekening bukan nama tokonya sama sekali saya khawatir?,identity_mismatch
Oh iya Diminta bayar tambahan Rp3.000 untuk biaya transaksi ini ga boleh.,additional_fees
Eh Pengalaman saya: Produknya bagus tapi packaging kurang menarik tapi overall oke kok.,other
Sudah coba berkali-kali tapi Sistem QRIS mengalami gangguan mencurigakan tapi saldo sudah terpotong saya bingung harus lapor kemana.,suspicious_transaction
Aduh Diminta bayar tambahan Rp5.000 untuk ongkos pembayaran digital BI melarang ini.,additional_fees
Eh Pas scan QRIS-nya Nama di layar pembayaran berbeda dengan nama toko yang tertera tolong dicek.,identity_mismatch
Aduh Setelah scan Nama pemilik rekening gak sama dengan nama usaha tolong dicek.,identity_mismatch
Loh QRIS-nya tidak asli ada stiker QR palsu yang menutupi QR code merchantnya saya foto dulu sebagai bukti.,qr_replacement
Lho kok Nama rekening tujuan asing dan tidak dikenal?,identity_mismatch
Wah Feedback untuk toko: Lokasi toko strategis banget gak masalah sih.,other
Kelihatan ada kode QR yang mencurigakan yang menutup QR code resmi saya foto dulu sebagai bukti.,qr_replacement
"Oh iya Berhasil bayar QRIS, merchant terverifikasi. QRIS berjalan normal. Terpercaya tokonya.",safe_confirmation
Loh Sistem QRIS mengalami gangguan mencurigakan dan walaupun tidak ada notifikasi sukses saat gw coba bayar tolong segera ditangani.,suspicious_transaction
Ditagih Rp2.500 lagi dgn alasan biaya transaksi ini tidak boleh.,additional_fees
Eh QRIS ga bisa dipindai waktu pembayaran diproses namun saldo berkurang saya minta refund.,suspicious_transaction
Transaksi error berkali-kali tapi rekening sudah didebet ini sangat merugikan.,suspicious_transaction
Wah Feedback untuk toko: Harga dan kualitas sebanding tapi overall oke kok.,other
Hmm QRIS tidak bisa dipindai dan saldo terpotong ganda saya minta refund.,suspicious_transaction
Feedback untuk toko: Barang sering kehabisan stok secara keseluruhan lumayan.,other
Hmm Transaksi QRIS gagal terus namun saldo berkurang ini sudah kedua kalinya.,suspicious_transaction
"Wah Berhasil bayar QRIS, QRIS terlihat asli dan resmi. Proses pembayaran mulus. Tidak ada kendala sama sekali.",safe_confirmation
"Syukurlah Transaksi berhasil dan lancar, QR code tampak original. Tidak ada kendala sama sekali.",safe_confirmation
Catatan: Pencahayaan toko kurang terang secara keseluruhan lumayan.,other
Setelah scan Identitas merchant berbeda dgn nama toko yang tertera jadi saya ragu mau bayar.,identity_mismatch
Oh iya Sudah coba berkali-kali tapi Transaksi QRIS gagal terus tapi saldo sudah terpotong mohon bantuan.,suspicious_transaction
Ada stiker QRIS asing mencurigakan yang ditempel di atas QR asli di akrilik stan saya gak jadi bayar.,qr_replacement
Hmm Alhamdulillah QRIS berjalan normal. nama merchant sesuai dengan nama toko.,safe_confirmation
Wah Pengalaman saya: Barang sering kehabisan stok.,other
Alhamdulillah Pembayaran sukses tanpa masalah. QRIS terlihat asli dan resmi. Sangat mudah dan cepat.,safe_confirmation
"Eh Proses pembayaran mulus, QRIS terlihat asli dan resmi. Tidak ada kendala sama sekali.",safe_confirmation
"Proses pembayaran mulus, logo QRIS jelas dan gak rusak. Sangat mudah dan cepat.",safe_confirmation
Oh iya Pemilik toko minta Rp2.500 sebagai ongkos pembayaran digital ini jelas melanggar aturan.,additional_fees
Saya mau kasih masukan: Antrian di kasir sangat panjang semoga bisa lebih baik.,other
Kenapa ya Nama penerima berbeda dengan nama toko yang tertera?,identity_mismatch
Loh Kenapa ya Identitas merchant gak cocok sama nama merchant resmi ini fraud ya??,identity_mismatch
Ada pungutan seribu rupiah sebagai biaya transaksi tanpa pemberitahuan sebelumnya.,additional_fees
Loh Lokasi toko strategis banget tapi overall oke kok.,other
Hmm Ditagih Rp2.000 lagi sama alasan ongkos pembayaran digital BI melarang ini.,additional_fees
Aduh nama rekening tujuan sesuai dan QRIS berjalan normal. Tidak ada kendala sama sekali.,safe_confirmation
Diminta bayar tambahan Rp3.000 untuk biaya layanan tanpa pemberitahuan sebelumnya.,additional_fees
Aneh banget Pembayaran tidak berhasil saat saya coba bayar padahal uang udah keluar ini sangat merugikan.,suspicious_transaction
Oh iya Saya lihat ada QR lain yang ditempel yang nempel di atas akrilik QRIS di kasir toko tolong ditindaklanjuti.,qr_replacement
Oh iya Tiba-tiba ada tambahan Rp3.000 katanya ongkos pembayaran digital padahal seharusnya gratis.,additional_fees
Transaksi error berkali-kali pas saya scan QR-nya padahal uang sudah keluar mohon bantuan.,suspicious_transaction
Wah Transaksi error berkali-kali pas saya scan QR-nya tapi saldo udah terpotong dana saya hilang.,suspicious_transaction
Oh iya Kenapa ya Nama akun tujuan asing dan tidak dikenal?,identity_mismatch
Wah Aneh banget Nama pemilik rekening asing dan tidak dikenal.,identity_mismatch
Oh iya Nama penerima nama orang bukan nama toko bikin curiga.,identity_mismatch
Saya dikenai biaya ekstra Rp5.000 atas nama tanpa alasan jelas tanpa pemberitahuan sebelumnya.,additional_fees
Oh iya Pengalaman saya: Toko agak kotor di bagian belakang tapi overall oke kok.,other
Oh iya Ada stiker QRIS asing mencurigakan yang nempel di atas akrilik QRIS di kasir toko.,qr_replacement
Saya perhatikan Nama yang muncul saat scan gak cocok sama nama merchant resmi bikin curiga.,identity_mismatch
Saya mau kasih masukan: Tempatnya bersih dan nyaman tidak masalah sih.,other
Wah Sudah coba berkali-kali tapi Pembayaran gak berhasil padahal uang dah keluar saya minta refund.,suspicious_transaction
Setelah scan Nama akun tujuan tidak sama dgn nama usaha gue batalin aja transaksinya.,identity_mismatch
Lho kok Nama yang muncul saat scan tidak sama dengan nama usaha ini fraud ya??,identity_mismatch
Oh iya Sudah coba berkali-kali tapi Transaksi error berkali-kali padahal uang dah keluar.,suspicious_transaction
QRIS-nya tidak asli ada stiker QR palsu yang ditempel di atas QR asli saya gak jadi bayar.,qr_replacement
Wah Transaksi QRIS gagal terus saldo terpotong ganda saya bingung harus lapor kemana.,suspicious_transaction
Saya perhatikan Nama pemilik rekening tidak cocok dengan stiker toko apa ini aman?.,identity_mismatch
Oh iya Sistem QRIS mengalami gangguan mencurigakan pas saya scan QR-nya tapi rekening udah didebet mohon bantuan.,suspicious_transaction
Wah Pengalaman aku: Pencahayaan toko kurang terang secara keseluruhan lumayan.,other
Oh iya Pengalaman gw: Produknya bagus tapi packaging kurang menarik tidak masalah sih.,other
Wah QRIS-nya tidak asli ada QR lain yang ditempel yang nempel di atas akrilik QRIS langsung saya laporkan.,qr_replacement
Wah Waktu mau bayar aku notice stiker QR palsu ditimpa di kode QR yang sah di tempat pembayaran saya curiga ini penipuan.,qr_replacement
Eh Sistem QRIS mengalami gangguan mencurigakan waktu saya coba bayar tapi saldo sudah terpotong tolong segera ditangani.,suspicious_transaction
Eh Pemilik toko minta Rp5.000 sebagai biaya penggunaan QRIS ini jelas melanggar aturan.,additional_fees
Aduh Tempat parkir susah sekali tapi overall oke kok.,other
Eh Toko terlalu ramai dan sempit semoga bisa lebih baik.,other
Aduh Tiba-tiba ada tambahan Rp2.500 katanya biaya transaksi.,additional_fees
"Hmm Syukurlah Transaksi selesai dengan aman, nama rekening tujuan sesuai.",safe_confirmation
Oh iya QRIS-nya ga asli ada stiker QRIS baru yang ditimpa di kode QR yang sah.,qr_replacement
Oh iya Saya perhatikan Nama merchant nama orang bukan nama toko apa ini aman?.,identity_mismatch
Nama rekening tujuan nama orang bukan nama toko langsung aku laporin.,identity_mismatch
Aduh Tiba-tiba ada tambahan Rp2.500 katanya tanpa alasan jelas saya komplain tapi diabaikan.,additional_fees
Ada pungutan Rp2.000 sebagai ongkos pembayaran digital tanpa pemberitahuan sebelumnya.,additional_fees
"Syukurlah Proses pembayaran mulus, QR code tampak original. Recommended deh tokonya.",safe_confirmation
Aduh Aneh banget Pembayaran tidak berhasil saldo terpotong ganda mohon bantuan.,suspicious_transaction
Wah Ada QR code palsu mencurigakan yang menutup QR code resmi di meja kasir aku foto dulu sebagai bukti.,qr_replacement
Pengalaman aku: Barang sering kehabisan stok secara keseluruhan lumayan.,other
Loh Saya mau kasih masukan: Toko terlalu ramai dan sempit.,other
Catatan: Harganya mahal dibanding toko lain tapi overall oke kok.,other
Loh Tiba-tiba ada tambahan Rp5.000 katanya biaya sistem.,additional_fees
Aneh banget Pembayaran tidak berhasil saat aku coba bayar padahal uang sudah keluar dana saya hilang.,suspicious_transaction
Hmm Diminta bayar tambahan dua ribu rupiah untuk biaya admin QRIS ini jelas melanggar aturan.,additional_fees
Saya perhatikan Nama rekening tujuan beda sama nama yang ada di plang bikin curiga.,identity_mismatch
Saya mau kasih masukan: Tempat parkir susah sekali tapi overall oke kok.,other
Aneh banget Nama merchant jauh berbeda dari nama di spanduk apa mungkin QRIS-nya dipalsukan?.,identity_mismatch
Aduh Feedback untuk toko: Produknya bagus tapi packaging kurang menarik tapi overall oke kok.,other
Loh nama penerima cocok dengan tokonya dan Transaksi selesai dengan aman. Tidak ada kendala sama sekali.,safe_confirmation
Feedback untuk toko: AC di dalam toko terlalu dingin secara keseluruhan lumayan.,other
Wah Ditagih Rp1.500 lagi dengan alasan biaya layanan ini jelas melanggar aturan.,additional_fees
Oh iya Saya perhatikan Nama merchant gak sama sama nama usaha ini fraud ya?.,identity_mismatch
Pas scan QRIS-nya Nama penerima asing dan tidak dikenal bikin curiga.,identity_mismatch
Hmm QRIS-nya tidak asli ada stiker QRIS asing yang menutup QR code resmi.,qr_replacement
Saya mau kasih masukan: Tempat parkir susah sekali secara keseluruhan lumayan.,other
Wah Sistem QRIS mengalami gangguan mencurigakan saldo terpotong ganda mohon bantuan.,suspicious_transaction
Hmm Saya lihat ada stiker QRIS baru yang menutupi QR code merchantnya di meja kasir saya curiga ini penipuan.,qr_replacement
Loh Aneh banget QR terbaca tapi transaksi gagal padahal uang sudah keluar aku bingung harus lapor kemana.,suspicious_transaction
Eh Alhamdulillah QRIS berjalan normal. logo QRIS jelas dan tidak rusak. Recommended deh tokonya.,safe_confirmation
Tiba-tiba ada tambahan Rp3.000 katanya biaya penggunaan QRIS padahal seharusnya gratis.,additional_fees
Aduh Kayaknya ada stiker QRIS baru yang ditempel di atas QR asli di akrilik stan tolong ditindaklanjuti.,qr_replacement
Loh Sudah coba berkali-kali tapi Transaksi QRIS gagal terus tapi saldo sudah terpotong mohon bantuan.,suspicious_transaction
Petugasnya minta Rp3.000 sebagai biaya penggunaan QRIS ini tidak boleh.,additional_fees
Oh iya Saya dikenai biaya ekstra Rp5.000 atas nama biaya admin QRIS tanpa pemberitahuan sebelumnya.,additional_fees
Sistem QRIS mengalami gangguan mencurigakan dan tapi rekening sudah didebet saat aku coba bayar ini sangat merugikan.,suspicious_transaction
QRIS terlihat asli dan resmi dan Semua berjalan baik. Aman digunakan.,safe_confirmation
Aduh Saya mau kasih masukan: Harganya mahal dibanding toko lain secara keseluruhan lumayan.,other
Transaksi QRIS gagal terus namun saldo berkurang saya minta refund.,suspicious_transaction
Hmm Tiba-tiba ada tambahan dua ribu rupiah katanya biaya penggunaan QRIS ini jelas melanggar aturan.,additional_fees
Eh Ada stiker QRIS baru mencurigakan yang dipasang di atas QRIS toko di akrilik stan saya curiga ini penipuan.,qr_replacement
Loh Nama penerima tidak cocok dengan stiker toko saya khawatir.,identity_mismatch
Loh Feedback untuk toko: Antrian di kasir banget panjang secara keseluruhan lumayan.,other
Aduh Kenapa ya Nama akun tujuan beda sama nama yang ada di plang apa ini aman??,identity_mismatch
Eh Diminta bayar tambahan Rp2.000 untuk biaya penggunaan QRIS saya merasa dirugikan.,additional_fees
Pengalaman saya: Kualitas produknya bagus sekali secara keseluruhan lumayan.,other
Wah Feedback untuk toko: Pencahayaan toko kurang terang perlu diperbaiki.,other
Nama di layar pembayaran bukan nama tokonya sama sekali bikin curiga.,identity_mismatch
Wah Sudah coba berkali-kali tapi QRIS tidak bisa dipindai walaupun tidak ada notifikasi sukses dana saya hilang.,suspicious_transaction
Sistem QRIS mengalami gangguan mencurigakan dan tapi rekening sudah didebet ketika transaksi berlangsung dana gw hilang.,suspicious_transaction
Kayaknya ada kode QR yang mencurigakan yang menutupi QR code merchantnya di tempat pembayaran saya curiga ini penipuan.,qr_replacement
Pengalaman gw: Kualitas produknya bagus sekali semoga bisa lebih baik.,other
Aneh banget Nama pemilik rekening bukan nama tokonya sama sekali apa ini aman?.,identity_mismatch
Kenapa ya Identitas merchant bukan nama tokonya sama sekali gue khawatir?,identity_mismatch
Wah Ditagih Rp1.500 lagi dengan alasan biaya sistem BI melarang ini.,additional_fees
Oh iya Transaksi error berkali-kali ketika transaksi berlangsung saldo terpotong ganda ini sudah kedua kalinya.,suspicious_transaction
Hmm Pas scan QRIS-nya Nama pemilik rekening bukan nama tokonya sama sekali apa ini aman?.,identity_mismatch
Aduh QRIS-nya tidak asli ada QR lain yang ditempel yang ditimpa di kode QR yang sah.,qr_replacement
Setelah scan Nama penerima tidak sesuai dengan nama toko jadi aku ragu mau bayar.,identity_mismatch
Pembayaran tidak berhasil waktu pembayaran diproses tapi saldo dah terpotong.,suspicious_transaction
Aneh banget Nama yang muncul saat scan nggak sama dengan nama usaha tolong dicek.,identity_mismatch
Aneh banget QR terbaca tapi transaksi gagal waktu pembayaran diproses padahal uang sudah keluar mohon bantuan.,suspicious_transaction
Hmm Feedback untuk toko: Pelayanan kasirnya kurang ramah semoga bisa lebih baik.,other
Wah Si penjualnya minta Rp3.000 sebagai biaya sistem.,additional_fees
"Berhasil bayar QRIS, nama merchant sesuai dengan nama toko. Pembayaran sukses tanpa masalah.",safe_confirmation
Wah Lho kok Nama penerima ga cocok dengan stiker toko saya khawatir?,identity_mismatch
Pelayanan kasirnya kurang ramah tidak masalah sih.,other
"Eh Berhasil bayar QRIS, QRIS terlihat asli dan resmi. Transaksi berhasil dan lancar. Puas dengan layanannya.",safe_confirmation
Setelah scan Nama di layar pembayaran berbeda dengan nama toko yang tertera apa ini aman?.,identity_mismatch
Oh iya QR terbaca tapi transaksi gagal dan saldo terpotong ganda ketika transaksi berlangsung ini banget merugikan.,suspicious_transaction
QRIS terlihat asli dan resmi dan QRIS berjalan normal. Terpercaya tokonya.,safe_confirmation
Wah Tiba-tiba ada tambahan Rp1.500 katanya biaya layanan BI melarang ini.,additional_fees
Loh QR terbaca tapi transaksi gagal dan walaupun tidak ada notifikasi sukses saat saya coba bayar mohon bantuan.,suspicious_transaction
Eh Pelayanan kasirnya kurang ramah secara keseluruhan lumayan.,other
Kenapa ya Nama rekening tujuan gak cocok sama nama merchant resmi ini fraud ya??,identity_mismatch
Eh Ditagih 500 perak lagi dengan alasan biaya penggunaan QRIS ini jelas melanggar aturan.,additional_fees
Hmm Pengalaman saya: Lokasi toko strategis banget secara keseluruhan lumayan.,other
Antrian di kasir sangat panjang semoga bisa lebih baik.,other
Feedback untuk toko: Harga dan kualitas sebanding perlu diperbaiki.,other
Alhamdulillah Transaksi selesai dengan aman. merchant terverifikasi. Sangat mudah dan cepat.,safe_confirmation
Pengalaman gw: Antrian di kasir banget panjang semoga bisa lebih baik.,other
Eh Kayaknya ada stiker QRIS asing yang ditempel di atas QR asli di kasir toko saya curiga ini penipuan.,qr_replacement
Eh Ada stiker QRIS baru mencurigakan yang menutup QR code resmi di meja kasir tolong ditindaklanjuti.,qr_replacement
Saya lihat ada stiker QRIS baru yang ditimpa di kode QR yang sah di tempat pembayaran saya gak jadi bayar.,qr_replacement
Alhamdulillah Pembayaran QRIS sukses. nama penerima cocok dgn tokonya. Tidak ada kendala sama sekali.,safe_confirmation
Loh Aneh banget Nama pemilik rekening gak cocok sama nama merchant resmi saya khawatir.,identity_mismatch
Alhamdulillah Transaksi selesai dengan aman. nama penerima cocok dengan tokonya. Sangat mudah dan cepat.,safe_confirmation
Aneh banget Transaksi error berkali-kali waktu pembayaran diproses walaupun ga ada notifikasi sukses tolong segera ditangani.,suspicious_transaction
Pengalaman aku: Harga dan kualitas sebanding tapi overall oke kok.,other
Pengalaman saya: AC di dalam toko terlalu dingin tidak masalah sih.,other
Aneh banget Nama rekening tujuan nama orang bukan nama toko saya khawatir.,identity_mismatch
Eh Pengalaman saya: Barang sering kehabisan stok secara keseluruhan lumayan.,other
Catatan: Antrian di kasir sangat panjang secara keseluruhan lumayan.,other
Ada stiker QR palsu mencurigakan yang ditimpa di kode QR yang sah di depan toko saya curiga ini penipuan.,qr_replacement
Oh iya Ada stiker QRIS asing mencurigakan yang dipasang di atas QRIS toko di akrilik stan saya curiga ini penipuan.,qr_replacement
Aduh Kayaknya ada QR code palsu yang nempel di atas akrilik QRIS di akrilik stan saya gak jadi bayar.,qr_replacement
Lho kok Nama pemilik rekening asing dan tidak dikenal apa ini aman??,identity_mismatch
Eh Tempat parkir susah sekali tidak masalah sih.,other
Ada stiker QR palsu mencurigakan yang dipasang di atas QRIS toko di akrilik stan aku gak jadi bayar.,qr_replacement
Loh Catatan: Toko agak kotor di bagian belakang tapi overall oke kok.,other
Hmm Kelihatan ada stiker QRIS baru yang menutupi QR code merchantnya ini pasti fraud.,qr_replacement
Kenapa ya Nama yang muncul saat scan gak cocok sama nama merchant resmi ini fraud ya??,identity_mismatch
"Berhasil bayar QRIS, logo QRIS jelas dan tidak rusak. Pembayaran QRIS sukses. Sangat mudah dan cepat.",safe_confirmation
Eh Lho kok Nama akun tujuan ga cocok dgn stiker toko?,identity_mismatch
Ada stiker QRIS baru mencurigakan yang dipasang di atas QRIS toko di meja kasir saya gak jadi bayar.,qr_replacement
Oh iya Kayaknya ada stiker QRIS asing yang dipasang di atas QRIS toko di meja kasir langsung saya laporkan.,qr_replacement
"Eh Berhasil bayar QRIS, QR code tampak original. Transaksi berhasil dan lancar.",safe_confirmation
Oh iya nama rekening tujuan sesuai dan Pembayaran QRIS sukses. Tidak ada kendala sama sekali.,safe_confirmation
Pengalaman saya: Kualitas produknya bagus sekali semoga bisa lebih baik.,other
Oh iya Saya lihat ada QR code palsu yang nempel di atas akrilik QRIS di depan toko saya gak jadi bayar.,qr_replacement
Si penjualnya minta 500 perak sebagai biaya sistem.,additional_fees
Pas scan QRIS-nya Nama pemilik rekening jauh berbeda dari nama di spanduk langsung saya laporin.,identity_mismatch
Eh Ada pungutan seribu rupiah sebagai biaya admin QRIS apakah ini diperbolehkan?.,additional_fees
Mbaknya minta Rp1.500 sebagai biaya transaksi tanpa pemberitahuan sebelumnya.,additional_fees
Loh Catatan: Harganya mahal dibanding toko lain perlu diperbaiki.,other
Ada pungutan Rp1.000 sebagai biaya transaksi apakah ini diperbolehkan?.,additional_fees
QR terbaca tapi transaksi gagal dan tapi saldo sudah terpotong waktu pembayaran diproses saya bingung harus lapor kemana.,suspicious_transaction
Aneh banget QRIS tidak bisa dipindai saat saya coba bayar tapi saldo udah terpotong tolong segera ditangani.,suspicious_transaction
Aduh Identitas merchant bukan nama tokonya sama sekali saya khawatir.,identity_mismatch
Wah Catatan: Produknya bagus tapi packaging kurang menarik secara keseluruhan lumayan.,other
Wah Pelayanan kasirnya kurang ramah secara keseluruhan lumayan.,other
Oh iya Nama penerima jauh berbeda dari nama di spanduk.,identity_mismatch
Ada pungutan Rp2.500 sebagai biaya layanan tanpa pemberitahuan sebelumnya.,additional_fees
Wah Diminta bayar tambahan Rp3.000 untuk biaya penggunaan QRIS ini ga boleh.,additional_fees
Eh Saya dikenai biaya ekstra Rp500 atas nama biaya transaksi saya merasa dirugikan.,additional_fees
Wah Kayaknya ada stiker QR palsu yang nempel di atas akrilik QRIS di meja kasir ini pasti fraud.,qr_replacement
Loh QRIS-nya tidak asli ada stiker QR palsu yang nempel di atas akrilik QRIS ini pasti fraud.,qr_replacement
Catatan: Kualitas produknya bagus sekali.,other
Aduh Transaksi error berkali-kali waktu pembayaran diproses namun saldo berkurang.,suspicious_transaction
"Pembayaran sukses tanpa masalah, QRIS terlihat asli dan resmi. Sangat mudah dan cepat.",safe_confirmation
Catatan: Tempat parkir susah sekali perlu diperbaiki.,other
Oh iya Setelah scan Identitas merchant beda banget dari nama tokonya saya batalin aja transaksinya.,identity_mismatch
"Berhasil bayar QRIS, QRIS terlihat asli dan resmi. Pembayaran QRIS sukses. Terpercaya tokonya.",safe_confirmation
"Aduh Transaksi berhasil dan lancar, QRIS terlihat asli dan resmi. Terpercaya tokonya.",safe_confirmation
Saya dikenai biaya ekstra Rp2.500 atas nama biaya layanan.,additional_fees
Wah Alhamdulillah Proses pembayaran mulus. tidak ada biaya tambahan.,safe_confirmation
Loh Tempatnya bersih dan nyaman perlu diperbaiki.,other
"Eh Berhasil bayar QRIS, tidak ada biaya tambahan. Transaksi selesai dengan aman. Tidak ada kendala sama sekali.",safe_confirmation
"Berhasil bayar QRIS, nama rekening tujuan sesuai. Pembayaran QRIS sukses. Tidak ada kendala sama sekali.",safe_confirmation
Saya perhatikan Nama merchant asing dan tidak dikenal.,identity_mismatch
Loh Aneh banget Transaksi error berkali-kali waktu pembayaran diproses tapi rekening udah didebet dana saya hilang.,suspicious_transaction
Saya perhatikan Nama merchant berbeda dengan nama toko yang tertera gue khawatir.,identity_mismatch
Ada stiker QRIS asing mencurigakan yang ditempel di atas QR asli di meja kasir saya gak jadi bayar.,qr_replacement
Loh Ada pungutan dua ribu rupiah sebagai biaya transaksi BI melarang ini.,additional_fees
Kayaknya ada kode QR yang mencurigakan yang ditempel di atas QR asli di kasir toko saya curiga ini penipuan.,qr_replacement
Hmm Produknya bagus tapi packaging kurang menarik.,other
Wah Transaksi QRIS gagal terus dan namun saldo berkurang saya bingung harus lapor kemana.,suspicious_transaction
Tiba-tiba ada tambahan seribu rupiah katanya biaya admin QRIS saya merasa dirugikan.,additional_fees
Aneh banget Transaksi error berkali-kali waktu pembayaran diproses padahal uang sudah keluar mohon bantuan.,suspicious_transaction
Setelah scan Nama rekening tujuan bukan nama tokonya sama sekali saya khawatir.,identity_mismatch
"Berhasil bayar QRIS, nama merchant sesuai dengan nama toko. QRIS berjalan normal.",safe_confirmation
Oh iya QRIS-nya nggak asli ada QR code palsu yang ditempel di atas QR asli saya gak jadi bayar.,qr_replacement
Feedback untuk toko: AC di dalam toko terlalu dingin semoga bisa lebih baik.,other
Hmm Pengalaman saya: Harga dan kualitas sebanding tapi overall oke kok.,other
Waktu mau bayar gue notice stiker QRIS baru menutup QR code resmi di kasir toko saya curiga ini penipuan.,qr_replacement
Wah Saya perhatikan Nama rekening tujuan ga sesuai sama nama toko jadi saya ragu mau bayar.,identity_mismatch
Waktu mau bayar saya notice stiker QRIS asing ditimpa di kode QR yang sah di kasir toko.,qr_replacement
Hmm Mbaknya minta dua ribu rupiah sebagai ongkos pembayaran digital ini nggak boleh.,additional_fees
Oh iya Alhamdulillah Transaksi selesai dengan aman. logo QRIS jelas dan ga rusak.,safe_confirmation
Aduh Toko terlalu ramai dan sempit perlu diperbaiki.,other
Feedback untuk toko: Tempatnya bersih dan nyaman.,other
Hmm Ada pungutan Rp2.000 sebagai biaya transaksi saya merasa dirugikan.,additional_fees
"Syukurlah Pembayaran sukses tanpa masalah, logo QRIS jelas dan tidak rusak.",safe_confirmation
Loh Saya perhatikan Nama yang muncul saat scan bukan nama tokonya sama sekali aku batalin aja transaksinya.,identity_mismatch
Eh Saya lihat ada stiker QRIS baru yang menimpa QRIS original di tempat pembayaran tolong ditindaklanjuti.,qr_replacement
Setelah scan Identitas merchant gak sama dengan nama usaha langsung gw laporin.,identity_mismatch
Saya mau kasih masukan: Toko agak kotor di bagian belakang semoga bisa lebih baik.,other
Eh Pelayanan kasirnya kurang ramah secara keseluruhan lumayan.,other
Eh Kayaknya ada kode QR yang mencurigakan yang dipasang di atas QRIS toko di depan toko tolong ditindaklanjuti.,qr_replacement
Ditagih Rp3.000 lagi dengan alasan ongkos pembayaran digital ini tidak boleh.,additional_fees
Oh iya Kelihatan ada kode QR yang mencurigakan yang dipasang di atas QRIS toko saya curiga ini penipuan.,qr_replacement
Sudah coba berkali-kali tapi Pembayaran gak berhasil tapi rekening sudah didebet ini sangat merugikan.,suspicious_transaction
nama merchant sesuai dengan nama toko dan Pembayaran sukses tanpa masalah. Puas dengan layanannya.,safe_confirmation
Loh Pengalaman saya: Barang sering kehabisan stok perlu diperbaiki.,other
"Berhasil bayar QRIS, nama rekening tujuan sesuai. Transaksi berhasil dan lancar. Aman digunakan.",safe_confirmation
Ada stiker QRIS asing mencurigakan yang ditimpa di kode QR yang sah di tempat pembayaran langsung saya laporkan.,qr_replacement
Aneh banget Nama penerima nggak sesuai dengan nama toko.,identity_mismatch
"Transaksi selesai dengan aman, QR code tampak original. Aman digunakan.",safe_confirmation
Kayaknya ada QR code palsu yang menutupi QR code merchantnya di kasir toko saya gak jadi bayar.,qr_replacement
Pengalaman saya: Antrian di kasir sangat panjang tapi overall oke kok.,other
Waktu mau bayar saya notice stiker QRIS baru menutup QR code resmi di meja kasir ini pasti fraud.,qr_replacement
Loh Transaksi QRIS gagal terus dan saldo terpotong ganda ketika transaksi berlangsung gue bingung harus lapor kemana.,suspicious_transaction
Aneh banget Pembayaran tidak berhasil saat gue coba bayar tapi saldo sudah terpotong saya bingung harus lapor kemana.,suspicious_transaction
Loh Catatan: Jam buka toko ga konsisten.,other
Aneh banget Sistem QRIS mengalami gangguan mencurigakan pas aku scan QR-nya walaupun tidak ada notifikasi sukses tolong segera ditangani.,suspicious_transaction
Kenapa ya Nama akun tujuan asing dan nggak dikenal apa mungkin QRIS-nya dipalsukan??,identity_mismatch
Oh iya Setelah scan Nama penerima beda sama nama yang ada di plang gue batalin aja transaksinya.,identity_mismatch
Hmm Waktu mau bayar saya notice kode QR yang mencurigakan menutupi QR code merchantnya di tempat pembayaran langsung saya laporkan.,qr_replacement
"QRIS berjalan normal, tidak ada biaya tambahan.",safe_confirmation
Transaksi QRIS gagal terus saldo terpotong ganda ini sangat merugikan.,suspicious_transaction
"Oh iya Transaksi selesai dengan aman, QRIS terlihat asli dan resmi. Puas dengan layanannya.",safe_confirmation
Ditagih dua ribu rupiah lagi dengan alasan biaya transaksi.,additional_fees
Waktu mau bayar saya notice stiker QRIS baru menutup QR code resmi di tempat pembayaran saya foto dulu sebagai bukti.,qr_replacement
Oh iya Aneh banget Pembayaran enggak berhasil pas saya scan QR-nya saldo terpotong ganda ini dah kedua kalinya.,suspicious_transaction
Eh Ada pungutan Rp2.500 sebagai biaya sistem padahal seharusnya gratis.,additional_fees
Tiba-tiba ada tambahan Rp1.000 katanya biaya penggunaan QRIS gw merasa dirugikan.,additional_fees
Eh Saya perhatikan Nama pemilik rekening bukan nama tokonya sama sekali apa mungkin QRIS-nya dipalsukan?.,identity_mismatch
Hmm Saya perhatikan Nama merchant beda sama nama yang ada di plang langsung gue laporin.,identity_mismatch
Aduh Ditagih Rp3.000 lagi dengan alasan biaya layanan saya komplain tapi diabaikan.,additional_fees
Hmm Kayaknya ada stiker QRIS baru yang ditempel di atas QR asli di tempat pembayaran.,qr_replacement
Wah Toko terlalu ramai dan sempit perlu diperbaiki.,other
Oh iya Kenapa ya Nama penerima nama orang bukan nama toko saya batalin aja transaksinya?,identity_mismatch
Aduh Feedback untuk toko: Produknya bagus tapi packaging kurang menarik semoga bisa lebih baik.,other
Aduh Aneh banget QR terbaca tapi transaksi gagal waktu pembayaran diproses tapi rekening sudah didebet ini sangat merugikan.,suspicious_transaction
Eh QRIS-nya ga asli ada QR code palsu yang menimpa QRIS original.,qr_replacement
Eh Aneh banget Identitas merchant tidak sama dengan nama usaha saya khawatir.,identity_mismatch
"Wah Syukurlah QRIS berjalan normal, logo QRIS jelas dan tidak rusak. Puas dengan layanannya.",safe_confirmation
Ditagih 500 perak lagi dengan alasan biaya layanan BI melarang ini.,additional_fees
Oh iya Pas scan QRIS-nya Nama yang muncul saat scan berbeda dengan nama toko yang tertera tolong dicek.,identity_mismatch
Nama akun tujuan nama orang bukan nama toko ini fraud ya?.,identity_mismatch
Aduh Catatan: Pencahayaan toko kurang terang semoga bisa lebih baik.,other
Aduh QRIS-nya tidak asli ada QR lain yang ditempel yang menimpa QRIS original tolong ditindaklanjuti.,qr_replacement
Oh iya Feedback untuk toko: Kualitas produknya bagus sekali perlu diperbaiki.,other
Eh Setelah scan Nama akun tujuan gak cocok sama nama merchant resmi ini fraud ya?.,identity_mismatch
Loh Kenapa ya Identitas merchant bukan nama tokonya sama sekali ini fraud ya??,identity_mismatch
Aneh banget QR terbaca tapi transaksi gagal pas saya scan QR-nya namun saldo berkurang saya bingung harus lapor kemana.,suspicious_transaction
"Berhasil bayar QRIS, logo QRIS jelas dan tidak rusak. Pembayaran sukses tanpa masalah. Terpercaya tokonya.",safe_confirmation
Hmm Saya mau kasih masukan: Lokasi toko strategis banget tidak masalah sih.,other
Aneh banget QRIS tidak bisa dipindai waktu pembayaran diproses walaupun tidak ada notifikasi sukses aku bingung harus lapor kemana.,suspicious_transaction
Wah Transaksi QRIS gagal terus ketika transaksi berlangsung walaupun tidak ada notifikasi sukses gw minta refund.,suspicious_transaction
Catatan: Tempatnya bersih dan nyaman tapi overall oke kok.,other
Catatan: Jam buka toko tidak konsisten perlu diperbaiki.,other
Wah Aneh banget Transaksi error berkali-kali ketika transaksi berlangsung padahal uang sudah keluar saya bingung harus lapor kemana.,suspicious_transaction
Oh iya Antrian di kasir sangat panjang tidak masalah sih.,other
Wah Ada pungutan Rp2.500 sebagai biaya transaksi apakah ini diperbolehkan?.,additional_fees
logo QRIS jelas dan tidak rusak dan Transaksi berhasil dan lancar. Recommended deh tokonya.,safe_confirmation
QRIS-nya tidak asli ada QR lain yang ditempel yang nempel di atas akrilik QRIS.,qr_replacement
Ada stiker QR palsu mencurigakan yang dipasang di atas QRIS toko di kasir toko ini pasti fraud.,qr_replacement
Eh Transaksi QRIS gagal terus waktu pembayaran diproses saldo terpotong ganda dana aku hilang.,suspicious_transaction
Hmm Sistem QRIS mengalami gangguan mencurigakan pas saya scan QR-nya walaupun tidak ada notifikasi sukses saya minta refund.,suspicious_transaction
Ditagih Rp1.000 lagi sama alasan ongkos pembayaran digital.,additional_fees
Oh iya Toko terlalu ramai dan sempit.,other
Saya dikenai biaya ekstra Rp1.000 atas nama biaya admin QRIS gue merasa dirugikan.,additional_fees
Aduh Tempat parkir susah sekali enggak masalah sih.,other
Eh Transaksi error berkali-kali saat saya coba bayar walaupun tidak ada notifikasi sukses saya minta refund.,suspicious_transaction
Hmm Setelah scan Nama pemilik rekening gak cocok sama nama merchant resmi tolong dicek.,identity_mismatch
Loh Catatan: Tempat parkir susah sekali perlu diperbaiki.,other
logo QRIS jelas dan tidak rusak dan QRIS berjalan normal. Terpercaya tokonya.,safe_confirmation
Sudah coba berkali-kali tapi QR terbaca tapi transaksi gagal saldo terpotong ganda gw minta refund.,suspicious_transaction
Pengalaman aku: Barang sering kehabisan stok perlu diperbaiki.,other
Ada stiker QRIS asing mencurigakan yang nempel di atas akrilik QRIS di tempat pembayaran ini pasti fraud.,qr_replacement
Aneh banget Pembayaran nggak berhasil waktu pembayaran diproses walaupun tidak ada notifikasi sukses saya bingung harus lapor kemana.,suspicious_transaction
"Loh Transaksi berhasil dan lancar, nama rekening tujuan sesuai.",safe_confirmation
Diminta bayar tambahan Rp5.000 untuk biaya admin QRIS aku merasa dirugikan.,additional_fees
Pembayaran tidak berhasil dan padahal uang sudah keluar pas saya coba bayar dana saya hilang.,suspicious_transaction
Eh Saya dikenai biaya ekstra 500 perak atas nama biaya layanan tanpa pemberitahuan sebelumnya.,additional_fees
QRIS-nya tidak asli ada stiker QRIS asing yang menutupi QR code merchantnya saya foto dulu sebagai bukti.,qr_replacement
Aduh nama penerima cocok dengan tokonya dan Pembayaran sukses tanpa masalah. Puas dengan layanannya.,safe_confirmation
Oh iya nama merchant sesuai dengan nama toko dan Pembayaran QRIS sukses. Aman digunakan.,safe_confirmation
Transaksi error berkali-kali padahal uang udah keluar ini banget merugikan.,suspicious_transaction
Sudah coba berkali-kali tapi Transaksi error berkali-kali padahal uang sudah keluar tolong segera ditangani.,suspicious_transaction
Wah Ditagih Rp1.500 lagi sama alasan tanpa alasan jelas saya komplain tapi diabaikan.,additional_fees
Eh Si penjualnya minta Rp1.000 sebagai biaya admin QRIS apakah ini diperbolehkan?.,additional_fees
Hmm Saya lihat ada QR code palsu yang ditempel di atas QR asli di akrilik stan ini pasti fraud.,qr_replacement
Hmm Nama di layar pembayaran jauh berbeda dari nama di spanduk jadi saya ragu mau bayar.,identity_mismatch
Pengalaman gw: Pelayanan kasirnya kurang ramah tapi overall oke kok.,other
Alhamdulillah Proses pembayaran mulus. nama rekening tujuan sesuai. Sangat mudah dan cepat.,safe_confirmation
Loh Ada stiker QR palsu mencurigakan yang menutup QR code resmi di depan toko.,qr_replacement
Aduh Sistem QRIS mengalami gangguan mencurigakan dan walaupun tidak ada notifikasi sukses waktu pembayaran diproses ini sangat merugikan.,suspicious_transaction
Eh Kenapa ya Nama penerima tidak sesuai dengan nama toko jadi gue ragu mau bayar?,identity_mismatch
Ditagih Rp5.000 lagi dgn alasan biaya admin QRIS apakah ini diperbolehkan?.,additional_fees
Aduh QRIS-nya tidak asli ada stiker QRIS baru yang menutup QR code resmi.,qr_replacement
Transaksi error berkali-kali saat saya coba bayar tapi rekening sudah didebet ini sudah kedua kalinya.,suspicious_transaction
Aduh Catatan: Toko agak kotor di bagian belakang tapi overall oke kok.,other
Hmm Saya dikenai biaya ekstra Rp2.000 atas nama biaya sistem apakah ini diperbolehkan?.,additional_fees
"Oh iya Syukurlah Transaksi selesai dengan aman, QRIS terlihat asli dan resmi. Puas dengan layanannya.",safe_confirmation
Pengalaman saya: Harganya mahal dibanding toko lain semoga bisa lebih baik.,other
nama merchant sesuai dengan nama toko dan Pembayaran sukses tanpa masalah. Sangat mudah dan cepat.,safe_confirmation
Loh Tiba-tiba ada tambahan Rp1.500 katanya ongkos pembayaran digital ini jelas melanggar aturan.,additional_fees
Oh iya Nama merchant ga sama dgn nama usaha langsung saya laporin.,identity_mismatch
Eh Pemilik toko minta Rp5.000 sebagai biaya admin QRIS tanpa pemberitahuan sebelumnya.,additional_fees
Pas scan QRIS-nya Nama yang muncul saat scan berbeda dengan nama toko yang tertera.,identity_mismatch
Hmm Sudah coba berkali-kali tapi Pembayaran ga berhasil padahal uang sudah keluar.,suspicious_transaction
Eh Waktu mau bayar saya notice stiker QR palsu ditimpa di kode QR yang sah di kasir toko saya foto dulu sebagai bukti.,qr_replacement
Catatan: Pelayanan kasirnya kurang ramah tidak masalah sih.,other
Saya mau kasih masukan: Pencahayaan toko kurang terang secara keseluruhan lumayan.,other
Oh iya Pelayanan kasirnya kurang ramah.,other
Wah Pembayaran tidak berhasil padahal uang sudah keluar ini sudah kedua kalinya.,suspicious_transaction
Loh Tiba-tiba ada tambahan Rp2.500 katanya biaya admin QRIS ini tidak boleh.,additional_fees
Wah Alhamdulillah Transaksi selesai dengan aman. QRIS terlihat asli dan resmi. Tidak ada kendala sama sekali.,safe_confirmation
Masnya minta Rp1.000 sebagai biaya admin QRIS tanpa pemberitahuan sebelumnya.,additional_fees
Loh Diminta bayar tambahan dua ribu rupiah untuk ongkos pembayaran digital apakah ini diperbolehkan?.,additional_fees
Loh Alhamdulillah Pembayaran sukses tanpa masalah. merchant terverifikasi. Sangat mudah dan cepat.,safe_confirmation
Loh merchant terverifikasi dan QRIS berjalan normal. Recommended deh tokonya.,safe_confirmation
Eh Petugasnya minta seribu rupiah sebagai biaya layanan ini jelas melanggar aturan.,additional_fees
Pembayaran tidak berhasil dan tapi saldo sudah terpotong ketika transaksi berlangsung tolong segera ditangani.,suspicious_transaction
Setelah scan Nama pemilik rekening nama orang bukan nama toko jadi saya ragu mau bayar.,identity_mismatch
Oh iya Si penjualnya minta Rp5.000 sebagai biaya admin QRIS BI melarang ini.,additional_fees
"Oh iya Pembayaran sukses tanpa masalah, nama merchant sesuai dengan nama toko. Aman digunakan.",safe_confirmation
Oh iya Catatan: Toko agak kotor di bagian belakang secara keseluruhan lumayan.,other
Pas scan QRIS-nya Nama penerima beda sama nama yang ada di plang.,identity_mismatch
Pengalaman saya: Tidak ada wifi di toko semoga bisa lebih baik.,other
Lho kok Nama di layar pembayaran nama orang bukan nama toko saya batalin aja transaksinya?,identity_mismatch
Aduh Saya mau kasih masukan: Harga dan kualitas sebanding perlu diperbaiki.,other
Aduh Saya lihat ada stiker QR palsu yang menimpa QRIS original di akrilik stan.,qr_replacement
Wah Feedback untuk toko: Harga dan kualitas sebanding.,other
Lho kok Nama pemilik rekening tidak sama dengan nama usaha gw batalin aja transaksinya?,identity_mismatch
QRIS-nya tidak asli ada stiker QRIS asing yang dipasang di atas QRIS toko saya foto dulu sebagai bukti.,qr_replacement
Nama penerima jauh berbeda dari nama di spanduk jadi saya ragu mau bayar.,identity_mismatch
Ditagih 500 perak lagi dgn alasan tanpa alasan jelas ini tidak boleh.,additional_fees
Diminta bayar tambahan seribu rupiah untuk biaya penggunaan QRIS ini jelas melanggar aturan.,additional_fees
Aduh Saya mau kasih masukan: Produknya bagus tapi packaging kurang menarik tapi overall oke kok.,other
Waktu mau bayar saya notice QR lain yang ditempel menutupi QR code merchantnya di kasir toko tolong ditindaklanjuti.,qr_replacement
Hmm Saya mau kasih masukan: Harga dan kualitas sebanding tapi overall oke kok.,other
Hmm Barang sering kehabisan stok secara keseluruhan lumayan.,other
"Syukurlah Semua berjalan baik, tidak ada biaya tambahan. Tidak ada kendala sama sekali.",safe_confirmation
Oh iya tidak ada biaya tambahan dan Transaksi selesai dengan aman. Recommended deh tokonya.,safe_confirmation
Aneh banget QR terbaca tapi transaksi gagal pas saya scan QR-nya tapi saldo sudah terpotong ini amat merugikan.,suspicious_transaction
Loh Ada pungutan seribu rupiah sebagai tanpa alasan jelas.,additional_fees
"Semua berjalan baik, QRIS terlihat asli dan resmi. Tidak ada kendala sama sekali.",safe_confirmation
Wah Transaksi error berkali-kali pas saya coba bayar walaupun tidak ada notifikasi sukses saya minta refund.,suspicious_transaction
Aduh Saya mau kasih masukan: Toko terlalu ramai dan sempit perlu diperbaiki.,other
Hmm Setelah scan Nama di layar pembayaran tidak sama dengan nama usaha apa ini aman?.,identity_mismatch
Eh Setelah scan Identitas merchant beda sama nama yang ada di plang.,identity_mismatch
Oh iya Saya dikenai biaya ekstra Rp2.500 atas nama tanpa alasan jelas ini tidak boleh.,additional_fees
Loh Transaksi QRIS gagal terus pas aku scan QR-nya namun saldo berkurang dana saya hilang.,suspicious_transaction
Hmm Saya lihat ada stiker QRIS asing yang ditimpa di kode QR yang sah di tempat pembayaran langsung saya laporkan.,qr_replacement
Wah Pembayaran tidak berhasil walaupun tidak ada notifikasi sukses.,suspicious_transaction
Catatan: Produknya bagus tapi packaging kurang menarik tidak masalah sih.,other
"Pembayaran QRIS sukses, ga ada biaya tambahan. Terpercaya tokonya.",safe_confirmation
Kenapa ya Nama penerima tidak cocok dengan stiker toko bikin curiga?,identity_mismatch
Aduh Saya mau kasih masukan: Tidak ada wifi di toko semoga bisa lebih baik.,other
Loh Saya mau kasih masukan: Pencahayaan toko kurang terang perlu diperbaiki.,other
Eh Feedback untuk toko: Jam buka toko tidak konsisten.,other
Eh merchant terverifikasi dan Semua berjalan baik. Terpercaya tokonya.,safe_confirmation
Kelihatan ada stiker QRIS asing yang ditimpa di kode QR yang sah ini pasti fraud.,qr_replacement
Oh iya Kayaknya ada stiker QRIS asing yang ditimpa di kode QR yang sah di depan toko saya foto dulu sebagai bukti.,qr_replacement
Wah Ada pungutan seribu rupiah sebagai biaya penggunaan QRIS gue komplain tapi diabaikan.,additional_fees
Oh iya Diminta bayar tambahan Rp2.000 untuk tanpa alasan jelas apakah ini diperbolehkan?.,additional_fees
Alhamdulillah QRIS berjalan normal. nama penerima cocok dgn tokonya.,safe_confirmation
QR terbaca tapi transaksi gagal dan walaupun tidak ada notifikasi sukses waktu pembayaran diproses gue minta refund.,suspicious_transaction
Aduh Saya lihat ada kode QR yang mencurigakan yang menutup QR code resmi di depan toko saya foto dulu sebagai bukti.,qr_replacement
Oh iya Catatan: Harga dan kualitas sebanding semoga bisa lebih baik.,other
Wah Saya mau kasih masukan: Lokasi toko strategis banget tidak masalah sih.,other
"Semua berjalan baik, QRIS terlihat asli dan resmi. Puas dengan layanannya.",safe_confirmation
"Pembayaran QRIS sukses, logo QRIS jelas dan gak rusak.",safe_confirmation
"Pembayaran sukses tanpa masalah, merchant terverifikasi. Sangat mudah dan cepat.",safe_confirmation
Hmm Saya dikenai biaya ekstra 500 perak atas nama biaya admin QRIS aku komplain tapi diabaikan.,additional_fees
Toko terlalu ramai dan sempit semoga bisa lebih baik.,other
Hmm Tiba-tiba ada tambahan seribu rupiah katanya biaya layanan saya merasa dirugikan.,additional_fees
Aduh nama rekening tujuan sesuai dan Transaksi berhasil dan lancar. Puas dgn layanannya.,safe_confirmation
Aduh Catatan: Pencahayaan toko kurang terang tapi overall oke kok.,other
Saya lihat ada stiker QR palsu yang ditempel di atas QR asli di kasir toko saya gak jadi bayar.,qr_replacement
Oh iya Ada pungutan dua ribu rupiah sebagai tanpa alasan jelas ini tidak boleh.,additional_fees
Kasir minta dua ribu rupiah sebagai biaya admin QRIS ini jelas melanggar aturan.,additional_fees
Loh Tiba-tiba ada tambahan Rp2.500 katanya biaya sistem BI melarang ini.,additional_fees
Eh Sistem QRIS mengalami gangguan mencurigakan dan namun saldo berkurang ketika transaksi berlangsung saya bingung harus lapor kemana.,suspicious_transaction
"Loh Proses pembayaran mulus, nama penerima cocok dengan tokonya.",safe_confirmation
Aduh Diminta bayar tambahan Rp2.500 untuk biaya transaksi ini tidak boleh.,additional_fees
Saya mau kasih masukan: Pencahayaan toko kurang terang.,other
Saya perhatikan Nama pemilik rekening jauh berbeda dari nama di spanduk gue batalin aja transaksinya.,identity_mismatch
Wah Kelihatan ada QR code palsu yang menutupi QR code merchantnya saya foto dulu sebagai bukti.,qr_replacement
Loh Ditagih 500 perak lagi sama alasan tanpa alasan jelas.,additional_fees
Eh Pas scan QRIS-nya Nama akun tujuan beda sama nama yang ada di plang tolong dicek.,identity_mismatch
Hmm QRIS terlihat asli dan resmi dan Transaksi berhasil dan lancar.,safe_confirmation
Aduh Sistem QRIS mengalami gangguan mencurigakan dan saldo terpotong ganda ketika gw coba bayar ini dah kedua kalinya.,suspicious_transaction
Wah Feedback untuk toko: Kualitas produknya bagus sekali semoga bisa lebih baik.,other
Eh Pembayaran tidak berhasil saldo terpotong ganda saya minta refund.,suspicious_transaction
Hmm Saya mau kasih masukan: Harga dan kualitas sebanding semoga bisa lebih baik.,other
Eh Transaksi QRIS gagal terus saat saya coba bayar padahal uang udah keluar tolong segera ditangani.,suspicious_transaction
Eh Aneh banget QR terbaca tapi transaksi gagal pas saya scan QR-nya tapi rekening udah didebet mohon bantuan.,suspicious_transaction
Sudah coba berkali-kali tapi Transaksi QRIS gagal terus walaupun tidak ada notifikasi sukses saya minta refund.,suspicious_transaction
Saya mau kasih masukan: Tempatnya bersih dan nyaman tapi overall oke kok.,other
Catatan: Harganya mahal dibanding toko lain secara keseluruhan lumayan.,other
"Syukurlah Transaksi berhasil dan lancar, logo QRIS jelas dan tidak rusak. Tidak ada kendala sama sekali.",safe_confirmation
Aneh banget Pembayaran nggak berhasil ketika transaksi berlangsung tapi saldo sudah terpotong saya bingung harus lapor kemana.,suspicious_transaction
Eh Sudah coba berkali-kali tapi Pembayaran tidak berhasil saldo terpotong ganda ini sudah kedua kalinya.,suspicious_transaction
Sudah coba berkali-kali tapi QR terbaca tapi transaksi gagal walaupun tidak ada notifikasi sukses gw bingung harus lapor kemana.,suspicious_transaction
Eh Ada pungutan 500 perak sebagai biaya sistem tanpa pemberitahuan sebelumnya.,additional_fees
Catatan: Tidak ada wifi di toko secara keseluruhan lumayan.,other
Wah Saya perhatikan Nama yang muncul saat scan gak sesuai dengan nama toko ini fraud ya?.,identity_mismatch
Loh AC di dalam toko terlalu dingin semoga bisa lebih baik.,other
Ada stiker QR palsu mencurigakan yang menutup QR code resmi di kasir toko gw foto dulu sebagai bukti.,qr_replacement
Aduh Sudah coba berkali-kali tapi Pembayaran ga berhasil saldo terpotong ganda mohon bantuan.,suspicious_transaction
Wah Tiba-tiba ada tambahan Rp2.500 katanya ongkos pembayaran digital saya komplain tapi diabaikan.,additional_fees
"Berhasil bayar QRIS, logo QRIS jelas dan tidak rusak. Transaksi berhasil dan lancar. Terpercaya tokonya.",safe_confirmation
Oh iya Pas scan QRIS-nya Nama akun tujuan berbeda dengan nama toko yang tertera.,identity_mismatch
Hmm Alhamdulillah Transaksi berhasil dan lancar. tidak ada biaya tambahan. Tidak ada kendala sama sekali.,safe_confirmation
Alhamdulillah Semua berjalan baik. merchant terverifikasi.,safe_confirmation
Toko agak kotor di bagian belakang perlu diperbaiki.,other
Eh Setelah scan Nama yang muncul saat scan berbeda dengan nama toko yang tertera jadi saya ragu mau bayar.,identity_mismatch
"Berhasil bayar QRIS, tidak ada biaya tambahan. Transaksi selesai dengan aman. Sangat mudah dan cepat.",safe_confirmation
Masnya minta Rp5.000 sebagai tanpa alasan jelas saya merasa dirugikan.,additional_fees
Eh Saya perhatikan Nama akun tujuan asing dan tidak dikenal tolong dicek.,identity_mismatch
Sudah coba berkali-kali tapi Sistem QRIS mengalami gangguan mencurigakan tapi saldo sudah terpotong dana saya hilang.,suspicious_transaction
Oh iya Sudah coba berkali-kali tapi QRIS gak bisa dipindai tapi rekening sudah didebet dana saya hilang.,suspicious_transaction
Pengalaman saya: Tempatnya bersih dan nyaman tapi overall oke kok.,other
Wah Ada pungutan Rp2.000 sebagai biaya layanan saya komplain tapi diabaikan.,additional_fees
Eh AC di dalam toko terlalu dingin perlu diperbaiki.,other
Alhamdulillah Transaksi berhasil dan lancar. merchant terverifikasi. Terpercaya tokonya.,safe_confirmation
Loh Saya mau kasih masukan: Toko agak kotor di bagian belakang tapi overall oke kok.,other
Oh iya Si penjualnya minta Rp2.000 sebagai biaya penggunaan QRIS saya merasa dirugikan.,additional_fees
Eh Lho kok Nama penerima beda sama nama yang ada di plang jadi saya ragu mau bayar?,identity_mismatch
Kelihatan ada QR code palsu yang dipasang di atas QRIS toko ini pasti fraud.,qr_replacement
Waktu mau bayar gue notice stiker QRIS asing ditimpa di kode QR yang sah di meja kasir ini pasti fraud.,qr_replacement
Loh Kayaknya ada stiker QRIS asing yang menimpa QRIS original di meja kasir saya gak jadi bayar.,qr_replacement
Eh QRIS tidak bisa dipindai dan walaupun tidak ada notifikasi sukses ketika transaksi berlangsung.,suspicious_transaction
Setelah scan Nama merchant nama orang bukan nama toko langsung saya laporin.,identity_mismatch
Wah Aneh banget Nama di layar pembayaran tidak sama dgn nama usaha apa mungkin QRIS-nya dipalsukan?.,identity_mismatch
Hmm Feedback untuk toko: Harga dan kualitas sebanding tidak masalah sih.,other
Hmm Kelihatan ada QR lain yang ditempel yang ditimpa di kode QR yang sah.,qr_replacement
Eh QRIS-nya tidak asli ada stiker QRIS asing yang menutupi QR code merchantnya saya curiga ini penipuan.,qr_replacement
"Wah Berhasil bayar QRIS, nama rekening tujuan sesuai. QRIS berjalan normal. Recommended deh tokonya.",safe_confirmation
Waktu mau bayar saya notice QR lain yang ditempel ditempel di atas QR asli di depan toko saya foto dulu sebagai bukti.,qr_replacement
Catatan: Harganya mahal dibanding toko lain.,other
Kelihatan ada QR code palsu yang menutupi QR code merchantnya saya gak jadi bayar.,qr_replacement
Kelihatan ada QR lain yang ditempel yang ditempel di atas QR asli aku gak jadi bayar.,qr_replacement
Wah Tempatnya bersih dan nyaman tapi overall oke kok.,other
Oh iya Saya lihat ada QR code palsu yang ditempel di atas QR asli di kasir toko langsung saya laporkan.,qr_replacement
Oh iya Ada pungutan Rp2.500 sebagai biaya penggunaan QRIS.,additional_fees
Hmm Saya lihat ada QR code palsu yang nempel di atas akrilik QRIS di depan toko.,qr_replacement
Wah tidak ada biaya tambahan dan Transaksi berhasil dan lancar. Recommended deh tokonya.,safe_confirmation
Aduh Kelihatan ada QR lain yang ditempel yang ditempel di atas QR asli saya curiga ini penipuan.,qr_replacement
Wah Sudah coba berkali-kali tapi QR terbaca tapi transaksi gagal padahal uang dah keluar ini sudah kedua kalinya.,suspicious_transaction
"Loh Syukurlah Proses pembayaran mulus, merchant terverifikasi. Aman digunakan.",safe_confirmation
Alhamdulillah Transaksi selesai dgn aman. nama penerima cocok dengan tokonya. Recommended deh tokonya.,safe_confirmation
Saya perhatikan Nama pemilik rekening tidak sesuai dgn nama toko saya khawatir.,identity_mismatch
Aduh Catatan: Barang sering kehabisan stok semoga bisa lebih baik.,other
Pengalaman gue: Toko agak kotor di bagian belakang.,other
Ada kode QR yang mencurigakan mencurigakan yang menutupi QR code merchantnya di akrilik stan ini pasti fraud.,qr_replacement
Loh Ada pungutan Rp2.000 sebagai biaya admin QRIS tanpa pemberitahuan sebelumnya.,additional_fees
QRIS terlihat asli dan resmi dan Transaksi selesai dengan aman. Sangat mudah dan cepat.,safe_confirmation
Loh Saya mau kasih masukan: Produknya bagus tapi packaging kurang menarik tidak masalah sih.,other
Waktu mau bayar saya notice stiker QR palsu menutup QR code resmi di meja kasir.,qr_replacement
Hmm Saya dikenai biaya ekstra Rp1.000 atas nama tanpa alasan jelas apakah ini diperbolehkan?.,additional_fees
Aduh AC di dalam toko terlalu dingin tidak masalah sih.,other
Loh Ada pungutan Rp1.500 sebagai biaya transaksi saya komplain tapi diabaikan.,additional_fees
Oh iya Catatan: Barang sering kehabisan stok.,other
Ditagih Rp3.000 lagi dengan alasan biaya transaksi tanpa pemberitahuan sebelumnya.,additional_fees
QRIS-nya tidak asli ada QR code palsu yang dipasang di atas QRIS toko saya curiga ini penipuan.,qr_replacement
Hmm nama penerima cocok dengan tokonya dan QRIS berjalan normal. Terpercaya tokonya.,safe_confirmation
Pengalaman gw: Pencahayaan toko kurang terang tidak masalah sih.,other
Sudah coba berkali-kali tapi Sistem QRIS mengalami gangguan mencurigakan tapi saldo sudah terpotong tolong segera ditangani.,suspicious_transaction
QRIS tidak bisa dipindai dan padahal uang sudah keluar waktu saya coba bayar ini sangat merugikan.,suspicious_transaction
Aduh Alhamdulillah Proses pembayaran mulus. logo QRIS jelas dan tidak rusak. Aman digunakan.,safe_confirmation
Wah Sistem QRIS mengalami gangguan mencurigakan dan walaupun tidak ada notifikasi sukses ini udah kedua kalinya.,suspicious_transaction
Wah Saya dikenai biaya ekstra Rp1.500 atas nama ongkos pembayaran digital ini jelas melanggar aturan.,additional_fees
Mbaknya minta Rp2.500 sebagai tanpa alasan jelas padahal seharusnya gratis.,additional_fees
Wah Harga dan kualitas sebanding perlu diperbaiki.,other
Eh Ada pungutan dua ribu rupiah sebagai ongkos pembayaran digital ini jelas melanggar aturan.,additional_fees
"Transaksi selesai sama aman, QR code tampak original. Tidak ada kendala sama sekali.",safe_confirmation
Loh Transaksi QRIS gagal terus ketika transaksi berlangsung tapi rekening sudah didebet dana saya hilang.,suspicious_transaction
Ada pungutan Rp500 sebagai biaya penggunaan QRIS.,additional_fees
"Berhasil bayar QRIS, QR code tampak original. Pembayaran sukses tanpa masalah. Sangat mudah dan cepat.",safe_confirmation
Eh QRIS-nya tidak asli ada stiker QRIS asing yang menutup QR code resmi aku foto dulu sebagai bukti.,qr_replacement
Aduh Feedback untuk toko: Toko agak kotor di bagian belakang.,other
Hmm Sistem QRIS mengalami gangguan mencurigakan walaupun tidak ada notifikasi sukses.,suspicious_transaction
Loh Barang sering kehabisan stok tidak masalah sih.,other
Oh iya QRIS-nya tidak asli ada kode QR yang mencurigakan yang nempel di atas akrilik QRIS ini pasti fraud.,qr_replacement
Hmm Sudah coba berkali-kali tapi QR terbaca tapi transaksi gagal padahal uang sudah keluar ini sudah kedua kalinya.,suspicious_transaction
Nama pemilik rekening jauh berbeda dari nama di spanduk langsung saya laporin.,identity_mismatch
"Hmm Berhasil bayar QRIS, nama merchant sesuai dengan nama toko. Semua berjalan baik. Puas dengan layanannya.",safe_confirmation
"Semua berjalan baik, QRIS terlihat asli dan resmi. Sangat mudah dan cepat.",safe_confirmation
Aduh QRIS-nya gak asli ada stiker QR palsu yang ditimpa di kode QR yang sah.,qr_replacement
Wah Ditagih 500 perak lagi sama alasan biaya layanan saya komplain tapi diabaikan.,additional_fees
Hmm Ditagih Rp1.500 lagi sama alasan tanpa alasan jelas padahal seharusnya gratis.,additional_fees
Aduh Sudah coba berkali-kali tapi Transaksi error berkali-kali saldo terpotong ganda mohon bantuan.,suspicious_transaction
Aduh Setelah scan Nama merchant berbeda dengan nama toko yang tertera ini fraud ya?.,identity_mismatch
Toko agak kotor di bagian belakang semoga bisa lebih baik.,other
Oh iya Setelah scan Nama yang muncul saat scan tidak sama dengan nama usaha saya khawatir.,identity_mismatch
Wah Pengalaman saya: Pelayanan kasirnya kurang ramah tidak masalah sih.,other
Aduh Transaksi error berkali-kali dan saldo terpotong ganda ketika transaksi berlangsung tolong segera ditangani.,suspicious_transaction
Pengalaman saya: Produknya bagus tapi packaging kurang menarik perlu diperbaiki.,other
Loh Kayaknya ada QR lain yang ditempel yang menimpa QRIS original di akrilik stan saya gak jadi bayar.,qr_replacement
Aduh Ditagih seribu rupiah lagi dengan alasan tanpa alasan jelas saya komplain tapi diabaikan.,additional_fees
"Aduh Syukurlah Transaksi berhasil dan lancar, nama penerima cocok sama tokonya. Puas dengan layanannya.",safe_confirmation
Hmm Transaksi QRIS gagal terus waktu pembayaran diproses saldo terpotong ganda dana gue hilang.,suspicious_transaction
Ada pungutan Rp5.000 sebagai biaya transaksi BI melarang ini.,additional_fees
"Syukurlah Semua berjalan baik, tidak ada biaya tambahan.",safe_confirmation
Wah Pas scan QRIS-nya Identitas merchant gak cocok sama nama merchant resmi jadi gue ragu mau bayar.,identity_mismatch
Wah Pas scan QRIS-nya Nama yang muncul saat scan nama orang bukan nama toko jadi saya ragu mau bayar.,identity_mismatch
Hmm Aneh banget QRIS tidak bisa dipindai waktu pembayaran diproses tapi rekening dah didebet gue bingung harus lapor kemana.,suspicious_transaction
Alhamdulillah Transaksi selesai sama aman. QRIS terlihat asli dan resmi.,safe_confirmation
"Berhasil bayar QRIS, QR code tampak original. Transaksi berhasil dan lancar. Puas dgn layanannya.",safe_confirmation
Kenapa ya Nama rekening tujuan bukan nama tokonya sama sekali ini fraud ya??,identity_mismatch
Wah Tempat parkir susah sekali secara keseluruhan lumayan.,other
Loh Sudah coba berkali-kali tapi QRIS nggak bisa dipindai padahal uang udah keluar ini sudah kedua kalinya.,suspicious_transaction
Loh Si penjualnya minta Rp5.000 sebagai biaya admin QRIS.,additional_fees
Alhamdulillah Pembayaran sukses tanpa masalah. nama rekening tujuan sesuai. Terpercaya tokonya.,safe_confirmation
Oh iya Pembayaran nggak berhasil dan namun saldo berkurang waktu pembayaran diproses saya bingung harus lapor kemana.,suspicious_transaction
Ditagih dua ribu rupiah lagi dengan alasan tanpa alasan jelas ini enggak boleh.,additional_fees
Hmm QR code tampak original dan Pembayaran sukses tanpa masalah. Puas dgn layanannya.,safe_confirmation
Waktu mau bayar saya notice QR lain yang ditempel nempel di atas akrilik QRIS di tempat pembayaran.,qr_replacement
Eh QRIS-nya tidak asli ada kode QR yang mencurigakan yang nempel di atas akrilik QRIS saya gak jadi bayar.,qr_replacement
Eh Tiba-tiba ada tambahan Rp3.000 katanya biaya admin QRIS padahal seharusnya gratis.,additional_fees
Eh Pembayaran tidak berhasil ketika transaksi berlangsung walaupun tidak ada notifikasi sukses saya bingung harus lapor kemana.,suspicious_transaction
Diminta bayar tambahan Rp500 untuk biaya transaksi saya komplain tapi diabaikan.,additional_fees
Aneh banget Nama pemilik rekening bukan nama tokonya sama sekali saya khawatir.,identity_mismatch
Aduh Ditagih Rp1.500 lagi dengan alasan biaya transaksi ini jelas melanggar aturan.,additional_fees
Aduh QRIS-nya tidak asli ada stiker QR palsu yang nempel di atas akrilik QRIS saya curiga ini penipuan.,qr_replacement
Kenapa ya Nama pemilik rekening berbeda dengan nama toko yang tertera tolong dicek?,identity_mismatch
Loh Saya mau kasih masukan: Harganya mahal dibanding toko lain ga masalah sih.,other
Aduh Nama akun tujuan beda banget dari nama tokonya saya batalin aja transaksinya.,identity_mismatch
Wah Sistem QRIS mengalami gangguan mencurigakan dan namun saldo berkurang ketika transaksi berlangsung dana saya hilang.,suspicious_transaction
QRIS-nya enggak asli ada stiker QR palsu yang ditimpa di kode QR yang sah langsung gue laporkan.,qr_replacement
"Eh Berhasil bayar QRIS, nama rekening tujuan sesuai. Transaksi berhasil dan lancar. Terpercaya tokonya.",safe_confirmation
Pencahayaan toko kurang terang secara keseluruhan lumayan.,other
Tiba-tiba ada tambahan Rp3.000 katanya biaya admin QRIS BI melarang ini.,additional_fees
Saya perhatikan Nama yang muncul saat scan bukan nama tokonya sama sekali tolong dicek.,identity_mismatch
Eh Alhamdulillah Transaksi berhasil dan lancar. QRIS terlihat asli dan resmi. Aman digunakan.,safe_confirmation
Loh Saya mau kasih masukan: Tempatnya bersih dan nyaman semoga bisa lebih baik.,other
Oh iya Setelah scan Nama penerima tidak sama sama nama usaha tolong dicek.,identity_mismatch
Aneh banget QRIS tidak bisa dipindai ketika transaksi berlangsung walaupun tidak ada notifikasi sukses.,suspicious_transaction
Eh Aneh banget Transaksi QRIS gagal terus saat saya coba bayar tapi rekening sudah didebet tolong segera ditangani.,suspicious_transaction
Saya dikenai biaya ekstra Rp2.000 atas nama biaya sistem ini jelas melanggar aturan.,additional_fees
Wah Waktu mau bayar saya notice QR code palsu menutup QR code resmi di depan toko saya foto dulu sebagai bukti.,qr_replacement
Kasir minta Rp2.000 sebagai biaya penggunaan QRIS ini jelas melanggar aturan.,additional_fees
Ada stiker QR palsu mencurigakan yang menimpa QRIS original di meja kasir tolong ditindaklanjuti.,qr_replacement
Saya lihat ada stiker QRIS baru yang ditempel di atas QR asli di tempat pembayaran langsung gw laporkan.,qr_replacement
Oh iya Transaksi QRIS gagal terus dan saldo terpotong ganda saat saya coba bayar saya minta refund.,suspicious_transaction
Loh Setelah scan Nama pemilik rekening berbeda dengan nama toko yang tertera saya batalin aja transaksinya.,identity_mismatch
Wah Diminta bayar tambahan seribu rupiah untuk ongkos pembayaran digital BI melarang ini.,additional_fees
"Hmm Syukurlah Pembayaran QRIS sukses, QRIS terlihat asli dan resmi. Tidak ada kendala sama sekali.",safe_confirmation
Aduh Sudah coba berkali-kali tapi QR terbaca tapi transaksi gagal padahal uang sudah keluar tolong segera ditangani.,suspicious_transaction
Hmm Diminta bayar tambahan Rp2.000 untuk biaya penggunaan QRIS aku merasa dirugikan.,additional_fees
Eh Lho kok Nama pemilik rekening jauh berbeda dari nama di spanduk bikin curiga?,identity_mismatch
Pas scan QRIS-nya Nama akun tujuan ga sama dengan nama usaha langsung saya laporin.,identity_mismatch
Loh Diminta bayar tambahan Rp2.000 untuk ongkos pembayaran digital ini jelas melanggar aturan.,additional_fees
Kelihatan ada stiker QR palsu yang menimpa QRIS original ini pasti fraud.,qr_replacement
Eh Saya perhatikan Nama pemilik rekening berbeda dengan nama toko yang tertera aku batalin aja transaksinya.,identity_mismatch
Eh Kelihatan ada kode QR yang mencurigakan yang ditimpa di kode QR yang sah saya foto dulu sebagai bukti.,qr_replacement
Eh QR terbaca tapi transaksi gagal ketika transaksi berlangsung padahal uang sudah keluar saya minta refund.,suspicious_transaction
Aduh Tempatnya bersih dan nyaman secara keseluruhan lumayan.,other
Wah merchant terverifikasi dan Pembayaran sukses tanpa masalah. Tidak ada kendala sama sekali.,safe_confirmation
Oh iya Saya lihat ada stiker QRIS baru yang menimpa QRIS original di kasir toko tolong ditindaklanjuti.,qr_replacement
Aneh banget Identitas merchant nama orang bukan nama toko saya khawatir.,identity_mismatch
"Berhasil bayar QRIS, logo QRIS jelas dan tidak rusak. Semua berjalan baik. Aman digunakan.",safe_confirmation
Wah Diminta bayar tambahan seribu rupiah untuk biaya transaksi saya merasa dirugikan.,additional_fees
Oh iya Kayaknya ada kode QR yang mencurigakan yang ditimpa di kode QR yang sah di akrilik stan.,qr_replacement
Eh Pembayaran tidak berhasil saat saya coba bayar walaupun tidak ada notifikasi sukses mohon bantuan.,suspicious_transaction
Waktu mau bayar saya notice stiker QR palsu dipasang di atas QRIS toko di kasir toko ini pasti fraud.,qr_replacement
Loh QRIS-nya tidak asli ada stiker QRIS baru yang menutupi QR code merchantnya ini pasti fraud.,qr_replacement
Wah Saya perhatikan Nama akun tujuan beda sama nama yang ada di plang.,identity_mismatch
Hmm QRIS-nya ga asli ada QR lain yang ditempel yang menutupi QR code merchantnya langsung aku laporkan.,qr_replacement
Oh iya Sudah coba berkali-kali tapi Transaksi error berkali-kali padahal uang udah keluar ini sudah kedua kalinya.,suspicious_transaction
Kelihatan ada kode QR yang mencurigakan yang dipasang di atas QRIS toko langsung saya laporkan.,qr_replacement
Hmm Transaksi QRIS gagal terus padahal uang dah keluar ini sudah kedua kalinya.,suspicious_transaction
Eh Saya mau kasih masukan: AC di dalam toko terlalu dingin perlu diperbaiki.,other
Hmm Aneh banget Transaksi QRIS gagal terus ketika transaksi berlangsung saldo terpotong ganda mohon bantuan.,suspicious_transaction
Oh iya logo QRIS jelas dan tidak rusak dan Pembayaran QRIS sukses. Sangat mudah dan cepat.,safe_confirmation
"Pembayaran sukses tanpa masalah, merchant terverifikasi.",safe_confirmation
Eh Diminta bayar tambahan Rp1.500 untuk biaya layanan tanpa pemberitahuan sebelumnya.,additional_fees
Aduh Sistem QRIS mengalami gangguan mencurigakan dan tapi rekening dah didebet ketika transaksi berlangsung tolong segera ditangani.,suspicious_transaction
Aduh Waktu mau bayar saya notice QR lain yang ditempel dipasang di atas QRIS toko di akrilik stan tolong ditindaklanjuti.,qr_replacement
Aduh QRIS terlihat asli dan resmi dan Pembayaran sukses tanpa masalah. Aman digunakan.,safe_confirmation
Loh Saya perhatikan Nama rekening tujuan nama orang bukan nama toko ini fraud ya?.,identity_mismatch
Wah Saya dikenai biaya ekstra Rp500 atas nama biaya sistem BI melarang ini.,additional_fees
Lho kok Nama rekening tujuan nama orang bukan nama toko tolong dicek?,identity_mismatch
Saya mau kasih masukan: Pencahayaan toko kurang terang secara keseluruhan lumayan.,other
"Oh iya Syukurlah QRIS berjalan normal, QRIS terlihat asli dan resmi. Recommended deh tokonya.",safe_confirmation
Eh Aneh banget Nama rekening tujuan bukan nama tokonya sama sekali.,identity_mismatch
"Loh Pembayaran QRIS sukses, nama merchant sesuai dengan nama toko. Recommended deh tokonya.",safe_confirmation
"Loh QRIS berjalan normal, enggak ada biaya tambahan. Recommended deh tokonya.",safe_confirmation
Jam buka toko enggak konsisten.,other
Oh iya Catatan: Harga dan kualitas sebanding tapi overall oke kok.,other
Kayaknya ada stiker QR palsu yang menutupi QR code merchantnya di kasir toko langsung saya laporkan.,qr_replacement
Alhamdulillah Proses pembayaran mulus. tidak ada biaya tambahan. Terpercaya tokonya.,safe_confirmation
Saya dikenai biaya ekstra dua ribu rupiah atas nama biaya transaksi.,additional_fees
Loh Tiba-tiba ada tambahan Rp5.000 katanya biaya admin QRIS padahal seharusnya gratis.,additional_fees
QR terbaca tapi transaksi gagal dan saldo terpotong ganda waktu gw coba bayar ini sudah kedua kalinya.,suspicious_transaction
Oh iya Lho kok Nama penerima gak cocok sama nama merchant resmi ini fraud ya??,identity_mismatch
Loh Ada QR code palsu mencurigakan yang menutup QR code resmi di akrilik stan langsung saya laporkan.,qr_replacement
Ada pungutan dua ribu rupiah sebagai tanpa alasan jelas tanpa pemberitahuan sebelumnya.,additional_fees
Eh Saya lihat ada kode QR yang mencurigakan yang menutupi QR code merchantnya di kasir toko tolong ditindaklanjuti.,qr_replacement
Eh Pas scan QRIS-nya Nama penerima bukan nama tokonya sama sekali apa mungkin QRIS-nya dipalsukan?.,identity_mismatch
Eh Kenapa ya Nama merchant asing dan tidak dikenal apa ini aman??,identity_mismatch
Aneh banget Transaksi QRIS gagal terus pas gue coba bayar namun saldo berkurang dana saya hilang.,suspicious_transaction
Oh iya Transaksi error berkali-kali waktu pembayaran diproses padahal uang sudah keluar saya minta refund.,suspicious_transaction
"Semua berjalan baik, nama rekening tujuan sesuai. Recommended deh tokonya.",safe_confirmation
Loh Diminta bayar tambahan Rp1.500 untuk ongkos pembayaran digital padahal seharusnya gratis.,additional_fees
Eh Pengalaman saya: Toko terlalu ramai dan sempit perlu diperbaiki.,other
Eh Transaksi error berkali-kali dan walaupun gak ada notifikasi sukses .,suspicious_transaction
Loh QRIS-nya tidak asli ada QR lain yang ditempel yang nempel di atas akrilik QRIS gw foto dulu sebagai bukti.,qr_replacement
Hmm Sistem QRIS mengalami gangguan mencurigakan dan walaupun tidak ada notifikasi sukses pas saya coba bayar.,suspicious_transaction
"Berhasil bayar QRIS, nama penerima cocok sama tokonya. Proses pembayaran mulus. Terpercaya tokonya.",safe_confirmation
Saya perhatikan Nama penerima berbeda dengan nama toko yang tertera saya batalin aja transaksinya.,identity_mismatch
Hmm Ada pungutan Rp2.500 sebagai biaya layanan tanpa pemberitahuan sebelumnya.,additional_fees
Wah Aneh banget QRIS tidak bisa dipindai pas saya scan QR-nya tapi saldo sudah terpotong.,suspicious_transaction
Ada QR lain yang ditempel mencurigakan yang ditimpa di kode QR yang sah di meja kasir ini pasti fraud.,qr_replacement
Wah Transaksi QRIS gagal terus dan namun saldo berkurang ketika transaksi berlangsung mohon bantuan.,suspicious_transaction
Pembayaran tidak berhasil dan tapi rekening sudah didebet pas saya coba bayar mohon bantuan.,suspicious_transaction
Aneh banget Pembayaran tidak berhasil ketika transaksi berlangsung namun saldo berkurang ini dah kedua kalinya.,suspicious_transaction
Saya perhatikan Nama rekening tujuan asing dan ga dikenal saya batalin aja transaksinya.,identity_mismatch
Loh Pas scan QRIS-nya Nama yang muncul saat scan tidak sama sama nama usaha ini fraud ya?.,identity_mismatch
"Syukurlah Transaksi berhasil dan lancar, QRIS terlihat asli dan resmi. Sangat mudah dan cepat.",safe_confirmation
Tiba-tiba ada tambahan 500 perak katanya tanpa alasan jelas gw merasa dirugikan.,additional_fees
Aduh Aneh banget Transaksi QRIS gagal terus waktu pembayaran diproses tapi saldo sudah terpotong ini sangat merugikan.,suspicious_transaction
"Wah Berhasil bayar QRIS, QR code tampak original. Pembayaran sukses tanpa masalah. Puas dengan layanannya.",safe_confirmation
Wah Pengalaman saya: Toko agak kotor di bagian belakang semoga bisa lebih baik.,other
Saya dikenai biaya ekstra Rp2.500 atas nama tanpa alasan jelas ini nggak boleh.,additional_fees
merchant terverifikasi dan Pembayaran QRIS sukses. Aman digunakan.,safe_confirmation
QR terbaca tapi transaksi gagal dan tapi saldo sudah terpotong waktu pembayaran diproses ini sudah kedua kalinya.,suspicious_transaction
"Wah Berhasil bayar QRIS, QRIS terlihat asli dan resmi. Proses pembayaran mulus. Tidak ada kendala sama sekali.",safe_confirmation
Wah Aneh banget QR terbaca tapi transaksi gagal ketika transaksi berlangsung tapi rekening sudah didebet dana saya hilang.,suspicious_transaction
Setelah scan Nama yang muncul saat scan gak sama sama nama usaha apa mungkin QRIS-nya dipalsukan?.,identity_mismatch
Loh Saya mau kasih masukan: Harga dan kualitas sebanding secara keseluruhan lumayan.,other
Eh Aneh banget QRIS tidak bisa dipindai pas saya scan QR-nya namun saldo berkurang saya minta refund.,suspicious_transaction
Wah Aneh banget Sistem QRIS mengalami gangguan mencurigakan pas saya scan QR-nya tapi rekening sudah didebet ini sudah kedua kalinya.,suspicious_transaction
Wah Sudah coba berkali-kali tapi Sistem QRIS mengalami gangguan mencurigakan namun saldo berkurang.,suspicious_transaction
Hmm Pas scan QRIS-nya Nama merchant berbeda dengan nama toko yang tertera.,identity_mismatch
Diminta bayar tambahan Rp1.500 untuk tanpa alasan jelas gw merasa dirugikan.,additional_fees
Loh Saya mau kasih masukan: Tempatnya bersih dan nyaman tidak masalah sih.,other
Diminta bayar tambahan Rp500 untuk biaya transaksi saya merasa dirugikan.,additional_fees
Eh Saya lihat ada stiker QR palsu yang menutupi QR code merchantnya di kasir toko saya foto dulu sebagai bukti.,qr_replacement
Saya mau kasih masukan: Toko agak kotor di bagian belakang tidak masalah sih.,other
Hmm Transaksi QRIS gagal terus waktu pembayaran diproses tapi saldo sudah terpotong dana saya hilang.,suspicious_transaction
Wah Sudah coba berkali-kali tapi Pembayaran tidak berhasil walaupun tidak ada notifikasi sukses ini sangat merugikan.,suspicious_transaction
Wah Feedback untuk toko: Pencahayaan toko kurang terang.,other
Eh Waktu mau bayar saya notice kode QR yang mencurigakan ditimpa di kode QR yang sah di kasir toko tolong ditindaklanjuti.,qr_replacement
Wah Aneh banget Transaksi QRIS gagal terus pas gue scan QR-nya padahal uang sudah keluar dana saya hilang.,suspicious_transaction
Eh Alhamdulillah Pembayaran QRIS sukses. nama penerima cocok dengan tokonya. Puas dengan layanannya.,safe_confirmation
Nama rekening tujuan asing dan tidak dikenal apa ini aman?.,identity_mismatch
Aduh Ada pungutan Rp5.000 sebagai biaya sistem saya komplain tapi diabaikan.,additional_fees
Eh Ditagih Rp5.000 lagi dengan alasan biaya penggunaan QRIS padahal seharusnya gratis.,additional_fees
"Hmm Berhasil bayar QRIS, QRIS terlihat asli dan resmi. QRIS berjalan normal. Terpercaya tokonya.",safe_confirmation
Aduh Ada stiker QR palsu mencurigakan yang ditempel di atas QR asli di depan toko gue gak jadi bayar.,qr_replacement
Diminta bayar tambahan Rp3.000 untuk ongkos pembayaran digital.,additional_fees
Loh Feedback untuk toko: Toko agak kotor di bagian belakang secara keseluruhan lumayan.,other
Wah Produknya bagus tapi packaging kurang menarik tapi overall oke kok.,other
Oh iya Ditagih Rp1.000 lagi dengan alasan biaya admin QRIS padahal seharusnya gratis.,additional_fees
Feedback untuk toko: Toko agak kotor di bagian belakang secara keseluruhan lumayan.,other
"Oh iya Pembayaran sukses tanpa masalah, merchant terverifikasi. Tidak ada kendala sama sekali.",safe_confirmation
Aduh Catatan: Tempatnya bersih dan nyaman.,other
Diminta bayar tambahan Rp3.000 untuk biaya penggunaan QRIS gue merasa dirugikan.,additional_fees
Pembayaran tidak berhasil dan walaupun tidak ada notifikasi sukses tolong segera ditangani.,suspicious_transaction
"Wah Berhasil bayar QRIS, QR code tampak original. Transaksi selesai dgn aman. Recommended deh tokonya.",safe_confirmation
Eh Waktu mau bayar saya notice QR lain yang ditempel menutup QR code resmi di depan toko saya curiga ini penipuan.,qr_replacement
Sudah coba berkali-kali tapi Transaksi QRIS gagal terus namun saldo berkurang ini udah kedua kalinya.,suspicious_transaction
Eh QRIS-nya enggak asli ada stiker QRIS baru yang menutupi QR code merchantnya ini pasti fraud.,qr_replacement
Wah Aneh banget QRIS ga bisa dipindai saldo terpotong ganda tolong segera ditangani.,suspicious_transaction
Oh iya Penjual minta dua ribu rupiah sebagai biaya penggunaan QRIS.,additional_fees
Sudah coba berkali-kali tapi QR terbaca tapi transaksi gagal namun saldo berkurang dana saya hilang.,suspicious_transaction
Oh iya Pembayaran gak berhasil waktu pembayaran diproses tapi saldo dah terpotong ini sudah kedua kalinya.,suspicious_transaction
Diminta bayar tambahan Rp500 untuk ongkos pembayaran digital.,additional_fees
Kelihatan ada stiker QR palsu yang menutupi QR code merchantnya aku curiga ini penipuan.,qr_replacement
Wah Lokasi toko strategis banget ga masalah sih.,other
Alhamdulillah Semua berjalan baik. merchant terverifikasi. Aman digunakan.,safe_confirmation
Oh iya Lho kok Nama di layar pembayaran gak cocok sama nama merchant resmi ini fraud ya??,identity_mismatch
Ditagih Rp500 lagi dengan alasan biaya penggunaan QRIS ini jelas melanggar aturan.,additional_fees
Loh Petugasnya minta Rp1.500 sebagai biaya admin QRIS apakah ini diperbolehkan?.,additional_fees
Kenapa ya Nama pemilik rekening enggak sesuai dengan nama toko saya batalin aja transaksinya?,identity_mismatch
Oh iya Diminta bayar tambahan Rp2.500 untuk biaya sistem padahal seharusnya gratis.,additional_fees
Setelah scan Identitas merchant tidak cocok dengan stiker toko saya batalin aja transaksinya.,identity_mismatch
Pengalaman saya: Harga dan kualitas sebanding perlu diperbaiki.,other
"Aduh Berhasil bayar QRIS, QRIS terlihat asli dan resmi. Proses pembayaran mulus.",safe_confirmation
Ditagih dua ribu rupiah lagi dengan alasan biaya penggunaan QRIS apakah ini diperbolehkan?.,additional_fees
Ditagih Rp500 lagi dengan alasan tanpa alasan jelas saya komplain tapi diabaikan.,additional_fees
Pembayaran tidak berhasil dan tapi saldo dah terpotong pas gw scan QR-nya saya bingung harus lapor kemana.,suspicious_transaction
nama merchant sesuai dgn nama toko dan Pembayaran sukses tanpa masalah. Aman digunakan.,safe_confirmation
Saya dikenai biaya ekstra Rp2.000 atas nama biaya admin QRIS padahal seharusnya gratis.,additional_fees
"Hmm Berhasil bayar QRIS, nama rekening tujuan sesuai. Pembayaran sukses tanpa masalah. Recommended deh tokonya.",safe_confirmation
Catatan: Tidak ada wifi di toko secara keseluruhan lumayan.,other
"Aduh Syukurlah Semua berjalan baik, tidak ada biaya tambahan. Recommended deh tokonya.",safe_confirmation
Saya mau kasih masukan: AC di dalam toko terlalu dingin tapi overall oke kok.,other
Aneh banget QRIS tidak bisa dipindai ketika transaksi berlangsung saldo terpotong ganda aku bingung harus lapor kemana.,suspicious_transaction
Wah Catatan: Jam buka toko enggak konsisten secara keseluruhan lumayan.,other
Saya perhatikan Nama pemilik rekening beda banget dari nama tokonya langsung saya laporin.,identity_mismatch
Eh Waktu mau bayar saya notice stiker QR palsu menimpa QRIS original di kasir toko tolong ditindaklanjuti.,qr_replacement
Nama rekening tujuan tidak cocok sama stiker toko apa ini aman?.,identity_mismatch
Oh iya Diminta bayar tambahan Rp5.000 untuk biaya layanan saya komplain tapi diabaikan.,additional_fees
Saya mau kasih masukan: Toko agak kotor di bagian belakang secara keseluruhan lumayan.,other
Aneh banget Nama di layar pembayaran jauh berbeda dari nama di spanduk apa ini aman?.,identity_mismatch
Wah Catatan: Pelayanan kasirnya kurang ramah.,other
Pembayaran tidak berhasil dan padahal uang sudah keluar ketika transaksi berlangsung saya bingung harus lapor kemana.,suspicious_transaction
Hmm Nama rekening tujuan tidak cocok dengan stiker toko apa mungkin QRIS-nya dipalsukan?.,identity_mismatch
Oh iya Ditagih Rp2.500 lagi dengan alasan biaya admin QRIS saya komplain tapi diabaikan.,additional_fees
Saya perhatikan Nama penerima bukan nama tokonya sama sekali bikin curiga.,identity_mismatch
Pembayaran ga berhasil dan tapi saldo sudah terpotong ini sudah kedua kalinya.,suspicious_transaction
Setelah scan Nama penerima gak cocok sama nama merchant resmi langsung aku laporin.,identity_mismatch
Loh Alhamdulillah Transaksi berhasil dan lancar. nama rekening tujuan sesuai. Aman digunakan.,safe_confirmation
"Wah Syukurlah QRIS berjalan normal, QR code tampak original. Aman digunakan.",safe_confirmation
"Syukurlah Semua berjalan baik, QRIS terlihat asli dan resmi. Tidak ada kendala sama sekali.",safe_confirmation
Oh iya Saya mau kasih masukan: Pelayanan kasirnya kurang ramah semoga bisa lebih baik.,other
QRIS-nya nggak asli ada kode QR yang mencurigakan yang menutupi QR code merchantnya aku foto dulu sebagai bukti.,qr_replacement
Ada kode QR yang mencurigakan mencurigakan yang menutupi QR code merchantnya di akrilik stan gw gak jadi bayar.,qr_replacement
Aduh Ada QR code palsu mencurigakan yang menutupi QR code merchantnya di tempat pembayaran.,qr_replacement
Aduh Catatan: Tempatnya bersih dan nyaman semoga bisa lebih baik.,other
Aduh Aneh banget Pembayaran tidak berhasil waktu pembayaran diproses tapi saldo sudah terpotong ini sudah kedua kalinya.,suspicious_transaction
Ada pungutan Rp2.000 sebagai biaya admin QRIS saya merasa dirugikan.,additional_fees
Feedback untuk toko: Harganya mahal dibanding toko lain.,other
Eh Catatan: Tempatnya bersih dan nyaman tidak masalah sih.,other
Ditagih dua ribu rupiah lagi dengan alasan biaya layanan saya merasa dirugikan.,additional_fees
Eh Aneh banget QR terbaca tapi transaksi gagal saat saya coba bayar padahal uang sudah keluar mohon bantuan.,suspicious_transaction
"Syukurlah Transaksi selesai dengan aman, nama penerima cocok dengan tokonya. Terpercaya tokonya.",safe_confirmation
Tiba-tiba ada tambahan Rp1.000 katanya biaya sistem ini tidak boleh.,additional_fees
Catatan: Jam buka toko enggak konsisten semoga bisa lebih baik.,other
"Aduh Syukurlah Semua berjalan baik, merchant terverifikasi. Aman digunakan.",safe_confirmation
Kayaknya ada kode QR yang mencurigakan yang dipasang di atas QRIS toko di meja kasir aku curiga ini penipuan.,qr_replacement
Oh iya Saya lihat ada QR code palsu yang dipasang di atas QRIS toko di akrilik stan saya foto dulu sebagai bukti.,qr_replacement
Lho kok Nama akun tujuan jauh berbeda dari nama di spanduk apa ini aman??,identity_mismatch
Eh Toko terlalu ramai dan sempit tapi overall oke kok.,other
Oh iya Feedback untuk toko: Tempat parkir susah sekali perlu diperbaiki.,other
Oh iya Alhamdulillah Transaksi berhasil dan lancar. nama merchant sesuai dengan nama toko. Recommended deh tokonya.,safe_confirmation
Oh iya Waktu mau bayar saya notice kode QR yang mencurigakan nempel di atas akrilik QRIS di depan toko langsung saya laporkan.,qr_replacement
Hmm Ditagih dua ribu rupiah lagi dgn alasan biaya penggunaan QRIS.,additional_fees
Wah Tiba-tiba ada tambahan Rp1.500 katanya tanpa alasan jelas ini ga boleh.,additional_fees
"Syukurlah Transaksi berhasil dan lancar, QRIS terlihat asli dan resmi. Aman digunakan.",safe_confirmation
Oh iya Saya mau kasih masukan: Harga dan kualitas sebanding.,other
Hmm Kelihatan ada stiker QRIS asing yang ditimpa di kode QR yang sah ini pasti fraud.,qr_replacement
Oh iya Saya mau kasih masukan: Tempatnya bersih dan nyaman tapi overall oke kok.,other
Pembayaran tidak berhasil waktu pembayaran diproses saldo terpotong ganda.,suspicious_transaction
Hmm QRIS terlihat asli dan resmi dan Pembayaran sukses tanpa masalah. Tidak ada kendala sama sekali.,safe_confirmation
Wah Nama penerima jauh berbeda dari nama di spanduk tolong dicek.,identity_mismatch
Wah Saya lihat ada stiker QRIS asing yang ditempel di atas QR asli di meja kasir ini pasti fraud.,qr_replacement
Ada kode QR yang mencurigakan mencurigakan yang menutup QR code resmi di kasir toko langsung gue laporkan.,qr_replacement
Oh iya QRIS tidak bisa dipindai saat aku coba bayar walaupun tidak ada notifikasi sukses saya bingung harus lapor kemana.,suspicious_transaction
"Aduh Proses pembayaran mulus, QR code tampak original. Aman digunakan.",safe_confirmation
Lho kok Nama pemilik rekening nama orang bukan nama toko apa mungkin QRIS-nya dipalsukan??,identity_mismatch
Aneh banget Nama merchant tidak sama dengan nama usaha.,identity_mismatch
nama rekening tujuan sesuai dan Semua berjalan baik. Puas dengan layanannya.,safe_confirmation
Aduh QR terbaca tapi transaksi gagal waktu pembayaran diproses padahal uang sudah keluar gw minta refund.,suspicious_transaction
QRIS-nya ga asli ada stiker QR palsu yang ditempel di atas QR asli.,qr_replacement
Eh Harganya mahal dibanding toko lain.,other
Aduh Catatan: Barang sering kehabisan stok tidak masalah sih.,other
Transaksi error berkali-kali ketika transaksi berlangsung namun saldo berkurang mohon bantuan.,suspicious_transaction
Tempat parkir susah sekali semoga bisa lebih baik.,other
Loh Kayaknya ada stiker QRIS asing yang dipasang di atas QRIS toko di akrilik stan ini pasti fraud.,qr_replacement
"Loh Berhasil bayar QRIS, nama merchant sesuai dgn nama toko. Proses pembayaran mulus.",safe_confirmation
Aduh Tiba-tiba ada tambahan seribu rupiah katanya biaya layanan ini nggak boleh.,additional_fees
Wah Alhamdulillah Transaksi berhasil dan lancar. nama penerima cocok dengan tokonya.,safe_confirmation
Lokasi toko strategis banget secara keseluruhan lumayan.,other
Oh iya Pengalaman saya: Pencahayaan toko kurang terang perlu diperbaiki.,other
Alhamdulillah Proses pembayaran mulus. nama penerima cocok dengan tokonya. Terpercaya tokonya.,safe_confirmation
Hmm QRIS-nya nggak asli ada kode QR yang mencurigakan yang menutupi QR code merchantnya ini pasti fraud.,qr_replacement
Hmm Alhamdulillah Proses pembayaran mulus. QRIS terlihat asli dan resmi. Puas dengan layanannya.,safe_confirmation
QRIS-nya tidak asli ada kode QR yang mencurigakan yang ditempel di atas QR asli aku gak jadi bayar.,qr_replacement
Kenapa ya Nama akun tujuan jauh berbeda dari nama di spanduk saya batalin aja transaksinya?,identity_mismatch
Loh QRIS-nya nggak asli ada kode QR yang mencurigakan yang ditimpa di kode QR yang sah saya foto dulu sebagai bukti.,qr_replacement
Aneh banget Transaksi error berkali-kali ketika transaksi berlangsung padahal uang sudah keluar gue bingung harus lapor kemana.,suspicious_transaction
Feedback untuk toko: Pelayanan kasirnya kurang ramah secara keseluruhan lumayan.,other
Eh Kayaknya ada QR code palsu yang ditempel di atas QR asli di kasir toko saya gak jadi bayar.,qr_replacement
Wah Ada stiker QRIS asing mencurigakan yang menutup QR code resmi di kasir toko langsung saya laporkan.,qr_replacement
Aduh QR terbaca tapi transaksi gagal dan padahal uang dah keluar .,suspicious_transaction
Loh Feedback untuk toko: Tempat parkir susah sekali perlu diperbaiki.,other
Eh Diminta bayar tambahan Rp500 untuk biaya layanan saya merasa dirugikan.,additional_fees
Alhamdulillah Pembayaran QRIS sukses. QRIS terlihat asli dan resmi.,safe_confirmation
Eh Saya perhatikan Identitas merchant gak sama dengan nama usaha ini fraud ya?.,identity_mismatch
Wah Ada stiker QR palsu mencurigakan yang nempel di atas akrilik QRIS di akrilik stan langsung saya laporkan.,qr_replacement
Transaksi error berkali-kali dan padahal uang sudah keluar saat saya coba bayar tolong segera ditangani.,suspicious_transaction
"Oh iya Berhasil bayar QRIS, nama rekening tujuan sesuai. QRIS berjalan normal. Sangat mudah dan cepat.",safe_confirmation
Aneh banget Nama rekening tujuan tidak cocok dgn stiker toko saya batalin aja transaksinya.,identity_mismatch
Loh Kayaknya ada stiker QR palsu yang menimpa QRIS original di kasir toko tolong ditindaklanjuti.,qr_replacement
nama rekening tujuan sesuai dan Pembayaran QRIS sukses.,safe_confirmation
"Berhasil bayar QRIS, nama rekening tujuan sesuai. Pembayaran QRIS sukses. Terpercaya tokonya.",safe_confirmation
"Hmm Berhasil bayar QRIS, nama penerima cocok dengan tokonya. QRIS berjalan normal. Sangat mudah dan cepat.",safe_confirmation
Wah Saya perhatikan Nama penerima nama orang bukan nama toko jadi gue ragu mau bayar.,identity_mismatch
Oh iya Saya lihat ada kode QR yang mencurigakan yang menutupi QR code merchantnya di kasir toko saya curiga ini penipuan.,qr_replacement
Oh iya Ditagih Rp500 lagi dengan alasan ongkos pembayaran digital ini tidak boleh.,additional_fees
Saya mau kasih masukan: Harga dan kualitas sebanding secara keseluruhan lumayan.,other
Aduh Aneh banget Nama penerima berbeda dengan nama toko yang tertera.,identity_mismatch
Saya dikenai biaya ekstra Rp2.500 atas nama biaya sistem BI melarang ini.,additional_fees
Loh Transaksi QRIS gagal terus dan tapi rekening udah didebet ini sangat merugikan.,suspicious_transaction
"Berhasil bayar QRIS, logo QRIS jelas dan enggak rusak. Proses pembayaran mulus. Aman digunakan.",safe_confirmation
Loh Tiba-tiba ada tambahan 500 perak katanya biaya layanan.,additional_fees
Loh Aneh banget Nama rekening tujuan nama orang bukan nama toko.,identity_mismatch
Aduh Toko terlalu ramai dan sempit tapi overall oke kok.,other
Loh QRIS-nya tidak asli ada QR code palsu yang menimpa QRIS original saya gak jadi bayar.,qr_replacement
Eh Tiba-tiba ada tambahan seribu rupiah katanya biaya admin QRIS padahal seharusnya gratis.,additional_fees
Aneh banget QR terbaca tapi transaksi gagal pas saya scan QR-nya walaupun gak ada notifikasi sukses dana saya hilang.,suspicious_transaction
Alhamdulillah QRIS berjalan normal. merchant terverifikasi. Aman digunakan.,safe_confirmation
Wah Sudah coba berkali-kali tapi Pembayaran tidak berhasil padahal uang sudah keluar tolong segera ditangani.,suspicious_transaction
"Eh Berhasil bayar QRIS, nama merchant sesuai dengan nama toko. Pembayaran QRIS sukses. Puas dengan layanannya.",safe_confirmation
Oh iya Saya dikenai biaya ekstra Rp1.000 atas nama biaya layanan padahal seharusnya gratis.,additional_fees
Eh QRIS-nya tidak asli ada QR code palsu yang menutup QR code resmi saya curiga ini penipuan.,qr_replacement
Aduh Saya dikenai biaya ekstra Rp500 atas nama biaya transaksi BI melarang ini.,additional_fees
Pelayanan kasirnya kurang ramah secara keseluruhan lumayan.,other
QRIS-nya tidak asli ada QR lain yang ditempel yang dipasang di atas QRIS toko langsung saya laporkan.,qr_replacement
Saya mau kasih masukan: Tempat parkir susah sekali perlu diperbaiki.,other
Eh logo QRIS jelas dan tidak rusak dan Pembayaran sukses tanpa masalah. Terpercaya tokonya.,safe_confirmation
Oh iya Lho kok Nama merchant asing dan ga dikenal aku khawatir?,identity_mismatch
Transaksi QRIS gagal terus dan tapi rekening sudah didebet ketika transaksi berlangsung saya minta refund.,suspicious_transaction
Kayaknya ada stiker QR palsu yang ditimpa di kode QR yang sah di akrilik stan langsung saya laporkan.,qr_replacement
Hmm Lho kok Nama rekening tujuan berbeda dengan nama toko yang tertera tolong dicek?,identity_mismatch
Pas scan QRIS-nya Identitas merchant bukan nama tokonya sama sekali bikin curiga.,identity_mismatch
Aduh Nama di layar pembayaran tidak sama dgn nama usaha.,identity_mismatch
Pengalaman gw: Toko terlalu ramai dan sempit tapi overall oke kok.,other
Loh Aneh banget Nama akun tujuan beda sama nama yang ada di plang bikin curiga.,identity_mismatch
Hmm Pengalaman saya: Barang sering kehabisan stok tidak masalah sih.,other
Aduh nama merchant sesuai dgn nama toko dan Transaksi selesai dengan aman. Sangat mudah dan cepat.,safe_confirmation
Sistem QRIS mengalami gangguan mencurigakan pas saya scan QR-nya tapi saldo sudah terpotong mohon bantuan.,suspicious_transaction
Aduh Kelihatan ada stiker QR palsu yang ditimpa di kode QR yang sah ini pasti fraud.,qr_replacement
"Eh Berhasil bayar QRIS, nama penerima cocok dengan tokonya. Transaksi berhasil dan lancar. Sangat mudah dan cepat.",safe_confirmation
Aduh QR terbaca tapi transaksi gagal saat saya coba bayar namun saldo berkurang dana saya hilang.,suspicious_transaction
Saya lihat ada stiker QRIS baru yang ditempel di atas QR asli di kasir toko tolong ditindaklanjuti.,qr_replacement
Kayaknya ada QR code palsu yang menutupi QR code merchantnya di depan toko saya foto dulu sebagai bukti.,qr_replacement
Sudah coba berkali-kali tapi QRIS nggak bisa dipindai saldo terpotong ganda ini sangat merugikan.,suspicious_transaction
Saya lihat ada stiker QRIS asing yang ditimpa di kode QR yang sah di depan toko tolong ditindaklanjuti.,qr_replacement
Hmm Kelihatan ada stiker QRIS asing yang menutupi QR code merchantnya aku gak jadi bayar.,qr_replacement
Oh iya Mbaknya minta Rp5.000 sebagai biaya admin QRIS tanpa pemberitahuan sebelumnya.,additional_fees
Hmm Diminta bayar tambahan Rp5.000 untuk biaya transaksi.,additional_fees
Saya mau kasih masukan: AC di dalam toko terlalu dingin perlu diperbaiki.,other
"Wah Berhasil bayar QRIS, nama penerima cocok dengan tokonya. Transaksi berhasil dan lancar. Tidak ada kendala sama sekali.",safe_confirmation
Kayaknya ada QR code palsu yang nempel di atas akrilik QRIS di meja kasir langsung saya laporkan.,qr_replacement
Loh Saya dikenai biaya ekstra Rp1.500 atas nama ongkos pembayaran digital ini tidak boleh.,additional_fees
Sudah coba berkali-kali tapi Pembayaran tidak berhasil walaupun tidak ada notifikasi sukses mohon bantuan.,suspicious_transaction
QR code tampak original dan Proses pembayaran mulus.,safe_confirmation
Transaksi QRIS gagal terus pas aku scan QR-nya tapi rekening sudah didebet saya bingung harus lapor kemana.,suspicious_transaction
Wah Saya mau kasih masukan: Toko terlalu ramai dan sempit.,other
Loh QRIS-nya tidak asli ada QR lain yang ditempel yang dipasang di atas QRIS toko gw curiga ini penipuan.,qr_replacement
"Hmm Berhasil bayar QRIS, QR code tampak original. Transaksi berhasil dan lancar. Tidak ada kendala sama sekali.",safe_confirmation
Eh Kayaknya ada QR code palsu yang menimpa QRIS original di kasir toko langsung saya laporkan.,qr_replacement
Kasir minta Rp1.000 sebagai biaya layanan apakah ini diperbolehkan?.,additional_fees
Ditagih Rp2.500 lagi dengan alasan biaya transaksi ini enggak boleh.,additional_fees
Ditagih 500 perak lagi dengan alasan biaya transaksi padahal seharusnya gratis.,additional_fees
"Aduh Syukurlah Transaksi berhasil dan lancar, merchant terverifikasi.",safe_confirmation
Hmm Lho kok Nama yang muncul saat scan asing dan tidak dikenal bikin curiga?,identity_mismatch
Eh Catatan: Pencahayaan toko kurang terang perlu diperbaiki.,other
"Eh Berhasil bayar QRIS, tidak ada biaya tambahan. Transaksi selesai dengan aman. Tidak ada kendala sama sekali.",safe_confirmation
Eh Kelihatan ada QR code palsu yang ditimpa di kode QR yang sah ini pasti fraud.,qr_replacement
Eh Saya lihat ada QR code palsu yang ditimpa di kode QR yang sah di akrilik stan saya curiga ini penipuan.,qr_replacement
Aduh Lho kok Identitas merchant ga cocok dengan stiker toko?,identity_mismatch
Eh Ada pungutan dua ribu rupiah sebagai biaya admin QRIS gw merasa dirugikan.,additional_fees
Lho kok Identitas merchant tidak sama dengan nama usaha jadi saya ragu mau bayar?,identity_mismatch
Kayaknya ada kode QR yang mencurigakan yang ditempel di atas QR asli di tempat pembayaran saya curiga ini penipuan.,qr_replacement
Setelah scan Identitas merchant berbeda sama nama toko yang tertera.,identity_mismatch
"Proses pembayaran mulus, QR code tampak original. Recommended deh tokonya.",safe_confirmation
Eh QRIS-nya nggak asli ada QR code palsu yang dipasang di atas QRIS toko saya foto dulu sebagai bukti.,qr_replacement
Loh Pengalaman saya: Tempat parkir susah sekali.,other
Feedback untuk toko: Tempatnya bersih dan nyaman semoga bisa lebih baik.,other
Aduh Waktu mau bayar gw notice QR code palsu nempel di atas akrilik QRIS di kasir toko tolong ditindaklanjuti.,qr_replacement
Aduh Kenapa ya Nama rekening tujuan nama orang bukan nama toko apa ini aman??,identity_mismatch
Saya perhatikan Nama merchant asing dan tidak dikenal saya batalin aja transaksinya.,identity_mismatch
QR terbaca tapi transaksi gagal saat gue coba bayar saldo terpotong ganda ini sudah kedua kalinya.,suspicious_transaction
Ditagih dua ribu rupiah lagi dgn alasan biaya sistem saya merasa dirugikan.,additional_fees
Eh Sudah coba berkali-kali tapi QR terbaca tapi transaksi gagal namun saldo berkurang ini sangat merugikan.,suspicious_transaction
Wah Saya dikenai biaya ekstra 500 perak atas nama ongkos pembayaran digital BI melarang ini.,additional_fees
Aneh banget Nama di layar pembayaran jauh berbeda dari nama di spanduk tolong dicek.,identity_mismatch
Ditagih Rp2.500 lagi dengan alasan biaya sistem ini jelas melanggar aturan.,additional_fees
Aduh Catatan: Jam buka toko tidak konsisten tapi overall oke kok.,other
Aduh Penjual minta Rp500 sebagai tanpa alasan jelas gue komplain tapi diabaikan.,additional_fees
Aneh banget Transaksi error berkali-kali ketika transaksi berlangsung tapi rekening sudah didebet aku minta refund.,suspicious_transaction
Aduh Sudah coba berkali-kali tapi QR terbaca tapi transaksi gagal saldo terpotong ganda.,suspicious_transaction
Oh iya Catatan: Harga dan kualitas sebanding.,other
Aneh banget Pembayaran tidak berhasil pas saya scan QR-nya namun saldo berkurang mohon bantuan.,suspicious_transaction
Eh Transaksi error berkali-kali dan saldo terpotong ganda pas gw scan QR-nya saya minta refund.,suspicious_transaction
Oh iya Waktu mau bayar gw notice QR lain yang ditempel menutupi QR code merchantnya di kasir toko langsung saya laporkan.,qr_replacement
Eh Sudah coba berkali-kali tapi Sistem QRIS mengalami gangguan mencurigakan saldo terpotong ganda aku bingung harus lapor kemana.,suspicious_transaction
Oh iya Kayaknya ada stiker QRIS asing yang nempel di atas akrilik QRIS di tempat pembayaran ini pasti fraud.,qr_replacement
Kayaknya ada stiker QRIS asing yang ditimpa di kode QR yang sah di meja kasir langsung saya laporkan.,qr_replacement
Oh iya Ada QR code palsu mencurigakan yang nempel di atas akrilik QRIS di meja kasir saya curiga ini penipuan.,qr_replacement
Eh Nama rekening tujuan jauh berbeda dari nama di spanduk ini fraud ya?.,identity_mismatch
Aduh Saya dikenai biaya ekstra Rp1.000 atas nama biaya sistem apakah ini diperbolehkan?.,additional_fees
Oh iya Saya lihat ada QR code palsu yang menimpa QRIS original di tempat pembayaran gw gak jadi bayar.,qr_replacement
Loh Kelihatan ada QR lain yang ditempel yang dipasang di atas QRIS toko saya foto dulu sebagai bukti.,qr_replacement
Saya lihat ada QR code palsu yang nempel di atas akrilik QRIS di tempat pembayaran saya gak jadi bayar.,qr_replacement
Aduh Alhamdulillah Pembayaran sukses tanpa masalah. nama rekening tujuan sesuai.,safe_confirmation
"Eh Pembayaran QRIS sukses, QR code tampak original.",safe_confirmation
QR terbaca tapi transaksi gagal ketika transaksi berlangsung namun saldo berkurang.,suspicious_transaction
Eh Waktu mau bayar gue notice stiker QRIS asing ditimpa di kode QR yang sah di tempat pembayaran ini pasti fraud.,qr_replacement
Aduh Saya dikenai biaya ekstra dua ribu rupiah atas nama tanpa alasan jelas tanpa pemberitahuan sebelumnya.,additional_fees
"Transaksi berhasil dan lancar, nama rekening tujuan sesuai. Sangat mudah dan cepat.",safe_confirmation
Hmm Pengalaman saya: Kualitas produknya bagus sekali perlu diperbaiki.,other
Loh Kelihatan ada stiker QR palsu yang ditempel di atas QR asli saya foto dulu sebagai bukti.,qr_replacement
QR terbaca tapi transaksi gagal tapi saldo sudah terpotong ini sangat merugikan.,suspicious_transaction
Ada stiker QRIS asing mencurigakan yang menutupi QR code merchantnya di kasir toko saya gak jadi bayar.,qr_replacement
Setelah scan Nama di layar pembayaran tidak cocok dengan stiker toko apa ini aman?.,identity_mismatch
"Syukurlah Proses pembayaran mulus, nama rekening tujuan sesuai. Sangat mudah dan cepat.",safe_confirmation
Eh Transaksi QRIS gagal terus namun saldo berkurang saya bingung harus lapor kemana.,suspicious_transaction
Eh Saya mau kasih masukan: Tempat parkir susah sekali tapi overall oke kok.,other
Hmm Tiba-tiba ada tambahan seribu rupiah katanya biaya sistem tanpa pemberitahuan sebelumnya.,additional_fees
Diminta bayar tambahan Rp1.500 untuk biaya penggunaan QRIS padahal seharusnya gratis.,additional_fees
"Berhasil bayar QRIS, merchant terverifikasi. Transaksi berhasil dan lancar. Terpercaya tokonya.",safe_confirmation
Ditagih Rp5.000 lagi sama alasan tanpa alasan jelas apakah ini diperbolehkan?.,additional_fees
Loh QRIS ga bisa dipindai padahal uang udah keluar tolong segera ditangani.,suspicious_transaction
"Hmm Syukurlah Semua berjalan baik, nama merchant sesuai dengan nama toko. Aman digunakan.",safe_confirmation
Oh iya nama rekening tujuan sesuai dan Transaksi selesai dengan aman. Puas dengan layanannya.,safe_confirmation
Hmm Alhamdulillah Transaksi berhasil dan lancar. nama merchant sesuai dengan nama toko. Sangat mudah dan cepat.,safe_confirmation
Aneh banget Nama rekening tujuan asing dan gak dikenal langsung aku laporin.,identity_mismatch
Transaksi QRIS gagal terus ketika transaksi berlangsung tapi saldo dah terpotong saya minta refund.,suspicious_transaction
Loh Pengalaman aku: Antrian di kasir sangat panjang perlu diperbaiki.,other
Oh iya Ada stiker QRIS baru mencurigakan yang ditempel di atas QR asli di depan toko langsung saya laporkan.,qr_replacement
Aduh Saya mau kasih masukan: Harganya mahal dibanding toko lain tidak masalah sih.,other
"Syukurlah Pembayaran sukses tanpa masalah, QRIS terlihat asli dan resmi. Terpercaya tokonya.",safe_confirmation
"Wah Berhasil bayar QRIS, nama rekening tujuan sesuai. Pembayaran sukses tanpa masalah. Tidak ada kendala sama sekali.",safe_confirmation
Aneh banget Pembayaran tidak berhasil waktu pembayaran diproses padahal uang sudah keluar tolong segera ditangani.,suspicious_transaction
Barang sering kehabisan stok enggak masalah sih.,other
Diminta bayar tambahan Rp2.000 untuk biaya admin QRIS.,additional_fees
Hmm Penjual minta Rp3.000 sebagai biaya sistem saya merasa dirugikan.,additional_fees
"Syukurlah Semua berjalan baik, QR code tampak original. Tidak ada kendala sama sekali.",safe_confirmation
nama merchant sesuai dengan nama toko dan Semua berjalan baik. Aman digunakan.,safe_confirmation
Eh Ditagih 500 perak lagi dengan alasan biaya admin QRIS aku komplain tapi diabaikan.,additional_fees
Diminta bayar tambahan Rp5.000 untuk biaya sistem padahal seharusnya gratis.,additional_fees
"Hmm Berhasil bayar QRIS, nama rekening tujuan sesuai. Pembayaran QRIS sukses. Aman digunakan.",safe_confirmation
Wah Saya lihat ada stiker QRIS baru yang menutup QR code resmi di depan toko langsung gw laporkan.,qr_replacement
Wah Setelah scan Nama rekening tujuan bukan nama tokonya sama sekali bikin curiga.,identity_mismatch
Transaksi QRIS gagal terus waktu pembayaran diproses walaupun enggak ada notifikasi sukses dana saya hilang.,suspicious_transaction
Kelihatan ada QR lain yang ditempel yang menutup QR code resmi langsung saya laporkan.,qr_replacement
Eh Waktu mau bayar saya notice QR code palsu ditempel di atas QR asli di meja kasir ini pasti fraud.,qr_replacement
Feedback untuk toko: Jam buka toko tidak konsisten tapi overall oke kok.,other
Eh Sistem QRIS mengalami gangguan mencurigakan waktu pembayaran diproses walaupun tidak ada notifikasi sukses mohon bantuan.,suspicious_transaction
Oh iya Kelihatan ada stiker QR palsu yang nempel di atas akrilik QRIS saya gak jadi bayar.,qr_replacement
QRIS-nya tidak asli ada QR lain yang ditempel yang nempel di atas akrilik QRIS langsung saya laporkan.,qr_replacement
Oh iya Saya dikenai biaya ekstra Rp5.000 atas nama biaya sistem ini tidak boleh.,additional_fees
QRIS tidak bisa dipindai walaupun tidak ada notifikasi sukses.,suspicious_transaction
Wah Kenapa ya Nama merchant jauh berbeda dari nama di spanduk jadi saya ragu mau bayar?,identity_mismatch
Loh Saya mau kasih masukan: Toko agak kotor di bagian belakang semoga bisa lebih baik.,other
Feedback untuk toko: Barang sering kehabisan stok secara keseluruhan lumayan.,other
Wah QRIS nggak bisa dipindai pas saya scan QR-nya saldo terpotong ganda ini sudah kedua kalinya.,suspicious_transaction
Kelihatan ada stiker QR palsu yang ditimpa di kode QR yang sah gw curiga ini penipuan.,qr_replacement
"Oh iya Pembayaran sukses tanpa masalah, QRIS terlihat asli dan resmi. Recommended deh tokonya.",safe_confirmation
Aneh banget Pembayaran tidak berhasil tapi saldo sudah terpotong gue minta refund.,suspicious_transaction
Wah Catatan: Produknya bagus tapi packaging kurang menarik tapi overall oke kok.,other
Aduh QRIS tidak bisa dipindai saat saya coba bayar tapi rekening sudah didebet tolong segera ditangani.,suspicious_transaction
Pengalaman saya: Barang sering kehabisan stok.,other
Oh iya Waktu mau bayar saya notice QR code palsu nempel di atas akrilik QRIS di tempat pembayaran.,qr_replacement
Eh Waktu mau bayar aku notice stiker QRIS baru menutupi QR code merchantnya di kasir toko saya curiga ini penipuan.,qr_replacement
Wah Alhamdulillah Semua berjalan baik. nama rekening tujuan sesuai. Sangat mudah dan cepat.,safe_confirmation
Loh Aneh banget Nama yang muncul saat scan beda banget dari nama tokonya jadi saya ragu mau bayar.,identity_mismatch
Eh Pembayaran tidak berhasil pas saya scan QR-nya tapi rekening udah didebet tolong segera ditangani.,suspicious_transaction
Oh iya Setelah scan Nama di layar pembayaran tidak cocok sama stiker toko ini fraud ya?.,identity_mismatch
Kenapa ya Nama akun tujuan asing dan nggak dikenal langsung saya laporin?,identity_mismatch
Eh Aneh banget QRIS tidak bisa dipindai pas saya scan QR-nya tapi saldo sudah terpotong saya bingung harus lapor kemana.,suspicious_transaction
Kayaknya ada QR lain yang ditempel yang dipasang di atas QRIS toko di meja kasir saya foto dulu sebagai bukti.,qr_replacement
Mbaknya minta Rp1.500 sebagai biaya transaksi BI melarang ini.,additional_fees
Hmm Ada pungutan 500 perak sebagai biaya layanan BI melarang ini.,additional_fees
Aduh Ditagih Rp3.000 lagi dengan alasan biaya admin QRIS ini tidak boleh.,additional_fees
Oh iya Ada kode QR yang mencurigakan mencurigakan yang nempel di atas akrilik QRIS di akrilik stan saya foto dulu sebagai bukti.,qr_replacement
QR terbaca tapi transaksi gagal dan walaupun tidak ada notifikasi sukses ketika transaksi berlangsung saya minta refund.,suspicious_transaction
Oh iya Nama rekening tujuan beda sama nama yang ada di plang jadi saya ragu mau bayar.,identity_mismatch
Eh Saya dikenai biaya ekstra 500 perak atas nama biaya layanan tanpa pemberitahuan sebelumnya.,additional_fees
Kenapa ya Nama yang muncul saat scan asing dan nggak dikenal bikin curiga?,identity_mismatch
Wah Setelah scan Nama rekening tujuan tidak sama dengan nama usaha ini fraud ya?.,identity_mismatch
Hmm Waktu mau bayar gw notice kode QR yang mencurigakan dipasang di atas QRIS toko di kasir toko saya foto dulu sebagai bukti.,qr_replacement
Oh iya Kenapa ya Nama akun tujuan beda sama nama yang ada di plang?,identity_mismatch
"Transaksi berhasil dan lancar, nama penerima cocok dengan tokonya. Tidak ada kendala sama sekali.",safe_confirmation
Hmm Kenapa ya Nama akun tujuan berbeda dengan nama toko yang tertera gue khawatir?,identity_mismatch
Loh Sudah coba berkali-kali tapi Transaksi QRIS gagal terus saldo terpotong ganda dana saya hilang.,suspicious_transaction
Aduh Feedback untuk toko: Barang sering kehabisan stok perlu diperbaiki.,other
Saya dikenai biaya ekstra seribu rupiah atas nama biaya penggunaan QRIS gw merasa dirugikan.,additional_fees
"Eh Berhasil bayar QRIS, logo QRIS jelas dan nggak rusak. Transaksi berhasil dan lancar. Terpercaya tokonya.",safe_confirmation
Aduh Feedback untuk toko: Kualitas produknya bagus sekali semoga bisa lebih baik.,other
"Wah Syukurlah Transaksi selesai dengan aman, nama penerima cocok dengan tokonya. Aman digunakan.",safe_confirmation
Transaksi error berkali-kali ketika saya coba bayar walaupun tidak ada notifikasi sukses.,suspicious_transaction
Oh iya Alhamdulillah Pembayaran sukses tanpa masalah. merchant terverifikasi. Terpercaya tokonya.,safe_confirmation
Waktu mau bayar gw notice QR lain yang ditempel nempel di atas akrilik QRIS di tempat pembayaran langsung saya laporkan.,qr_replacement
Saya dikenai biaya ekstra 500 perak atas nama biaya sistem tanpa pemberitahuan sebelumnya.,additional_fees
Ditagih Rp1.000 lagi dengan alasan biaya layanan.,additional_fees
Transaksi QRIS gagal terus dan namun saldo berkurang waktu pembayaran diproses tolong segera ditangani.,suspicious_transaction
QRIS-nya tidak asli ada stiker QRIS asing yang nempel di atas akrilik QRIS tolong ditindaklanjuti.,qr_replacement
Catatan: Toko terlalu ramai dan sempit tidak masalah sih.,other
"Transaksi berhasil dan lancar, QRIS terlihat asli dan resmi. Sangat mudah dan cepat.",safe_confirmation
Oh iya Diminta bayar tambahan seribu rupiah untuk biaya layanan gue komplain tapi diabaikan.,additional_fees
Transaksi error berkali-kali waktu aku coba bayar padahal uang sudah keluar.,suspicious_transaction
Wah Waktu mau bayar saya notice kode QR yang mencurigakan menimpa QRIS original di depan toko saya curiga ini penipuan.,qr_replacement
"Aduh Syukurlah Pembayaran sukses tanpa masalah, nama merchant sesuai dengan nama toko. Sangat mudah dan cepat.",safe_confirmation
Oh iya Alhamdulillah Transaksi berhasil dan lancar. QRIS terlihat asli dan resmi. Sangat mudah dan cepat.,safe_confirmation
"Oh iya Syukurlah Transaksi berhasil dan lancar, logo QRIS jelas dan tidak rusak. Puas dengan layanannya.",safe_confirmation
Aneh banget Transaksi QRIS gagal terus waktu pembayaran diproses padahal uang udah keluar tolong segera ditangani.,suspicious_transaction
Hmm Kenapa ya Nama merchant bukan nama tokonya sama sekali ini fraud ya??,identity_mismatch
Aduh Catatan: Kualitas produknya bagus sekali tidak masalah sih.,other
Oh iya Aneh banget Nama rekening tujuan berbeda sama nama toko yang tertera tolong dicek.,identity_mismatch
Aduh Lho kok Nama penerima gak cocok sama nama merchant resmi tolong dicek?,identity_mismatch
Aduh Tiba-tiba ada tambahan dua ribu rupiah katanya biaya sistem ini tidak boleh.,additional_fees
Aduh Transaksi QRIS gagal terus tapi rekening udah didebet ini sangat merugikan.,suspicious_transaction
Pemilik toko minta Rp1.500 sebagai biaya layanan saya merasa dirugikan.,additional_fees
Wah Pas scan QRIS-nya Nama merchant berbeda dengan nama toko yang tertera saya batalin aja transaksinya.,identity_mismatch
Saya dikenai biaya ekstra Rp500 atas nama biaya transaksi ini jelas melanggar aturan.,additional_fees
"Hmm Proses pembayaran mulus, merchant terverifikasi. Tidak ada kendala sama sekali.",safe_confirmation
Eh Diminta bayar tambahan Rp2.500 untuk biaya transaksi padahal seharusnya gratis.,additional_fees
Hmm QRIS tidak bisa dipindai dan tapi rekening sudah didebet aku bingung harus lapor kemana.,suspicious_transaction
"Syukurlah Transaksi selesai dengan aman, QR code tampak original. Aman digunakan.",safe_confirmation
Hmm Si penjualnya minta dua ribu rupiah sebagai ongkos pembayaran digital saya komplain tapi diabaikan.,additional_fees
Feedback untuk toko: Pencahayaan toko kurang terang tidak masalah sih.,other
Hmm Pengalaman saya: Barang sering kehabisan stok perlu diperbaiki.,other
Aduh Sudah coba berkali-kali tapi Sistem QRIS mengalami gangguan mencurigakan saldo terpotong ganda aku bingung harus lapor kemana.,suspicious_transaction
Loh Alhamdulillah Semua berjalan baik. nama merchant sesuai dengan nama toko. Sangat mudah dan cepat.,safe_confirmation
"Loh Syukurlah QRIS berjalan normal, logo QRIS jelas dan gak rusak. Tidak ada kendala sama sekali.",safe_confirmation
QR terbaca tapi transaksi gagal dan tapi saldo dah terpotong ini sudah kedua kalinya.,suspicious_transaction
Si penjualnya minta Rp1.500 sebagai biaya sistem saya merasa dirugikan.,additional_fees
Ada kode QR yang mencurigakan mencurigakan yang menutup QR code resmi di tempat pembayaran saya gak jadi bayar.,qr_replacement
Diminta bayar tambahan Rp2.000 untuk biaya transaksi ini jelas melanggar aturan.,additional_fees
Saya lihat ada QR code palsu yang dipasang di atas QRIS toko di tempat pembayaran saya foto dulu sebagai bukti.,qr_replacement
Oh iya Saya dikenai biaya ekstra Rp1.000 atas nama biaya sistem ini tidak boleh.,additional_fees
Feedback untuk toko: Harganya mahal dibanding toko lain tapi overall oke kok.,other
Oh iya Penjual minta Rp1.500 sebagai biaya penggunaan QRIS ini jelas melanggar aturan.,additional_fees
Hmm Kelihatan ada QR lain yang ditempel yang ditimpa di kode QR yang sah saya gak jadi bayar.,qr_replacement
Aneh banget Transaksi error berkali-kali saat saya coba bayar tapi saldo sudah terpotong saya bingung harus lapor kemana.,suspicious_transaction
"Wah Proses pembayaran mulus, logo QRIS jelas dan tidak rusak. Terpercaya tokonya.",safe_confirmation
Lho kok Nama penerima beda banget dari nama tokonya saya batalin aja transaksinya?,identity_mismatch
"Aduh Berhasil bayar QRIS, nama penerima cocok dengan tokonya. QRIS berjalan normal. Tidak ada kendala sama sekali.",safe_confirmation
"Aduh Transaksi selesai dgn aman, nama penerima cocok dengan tokonya.",safe_confirmation
Saya mau kasih masukan: Tempatnya bersih dan nyaman tapi overall oke kok.,other
Hmm Ada pungutan dua ribu rupiah sebagai biaya sistem BI melarang ini.,additional_fees
Eh nama merchant sesuai sama nama toko dan Transaksi berhasil dan lancar.,safe_confirmation
Eh Lho kok Nama merchant nggak sesuai dgn nama toko langsung saya laporin?,identity_mismatch
Diminta bayar tambahan Rp1.500 untuk ongkos pembayaran digital ini jelas melanggar aturan.,additional_fees
Eh Saya perhatikan Nama merchant berbeda sama nama toko yang tertera.,identity_mismatch
Eh Saya mau kasih masukan: Tempatnya bersih dan nyaman semoga bisa lebih baik.,other
"Aduh Berhasil bayar QRIS, QRIS terlihat asli dan resmi. Pembayaran QRIS sukses. Sangat mudah dan cepat.",safe_confirmation
Eh Kayaknya ada QR lain yang ditempel yang nempel di atas akrilik QRIS di depan toko saya gak jadi bayar.,qr_replacement
Loh Saya dikenai biaya ekstra Rp3.000 atas nama biaya admin QRIS.,additional_fees
Waktu mau bayar saya notice stiker QRIS asing menutupi QR code merchantnya di meja kasir saya foto dulu sebagai bukti.,qr_replacement
Nama penerima bukan nama tokonya sama sekali apa ini aman?.,identity_mismatch
"Syukurlah Transaksi selesai dengan aman, QRIS terlihat asli dan resmi. Aman digunakan.",safe_confirmation
Catatan: Produknya bagus tapi packaging kurang menarik tidak masalah sih.,other
Loh Feedback untuk toko: Kualitas produknya bagus sekali tapi overall oke kok.,other
Loh Feedback untuk toko: AC di dalam toko terlalu dingin tapi overall oke kok.,other
Hmm Catatan: Tempat parkir susah sekali semoga bisa lebih baik.,other
Oh iya nggak ada biaya tambahan dan Pembayaran sukses tanpa masalah. Sangat mudah dan cepat.,safe_confirmation
Diminta bayar tambahan Rp3.000 untuk biaya sistem BI melarang ini.,additional_fees
Waktu mau bayar aku notice stiker QRIS asing dipasang di atas QRIS toko di meja kasir saya curiga ini penipuan.,qr_replacement
Hmm Ada QR code palsu mencurigakan yang ditempel di atas QR asli di kasir toko saya curiga ini penipuan.,qr_replacement
Waktu mau bayar saya notice stiker QRIS asing ditimpa di kode QR yang sah di meja kasir ini pasti fraud.,qr_replacement
Wah QRIS-nya tidak asli ada QR code palsu yang menutup QR code resmi langsung saya laporkan.,qr_replacement
Eh Kenapa ya Nama yang muncul saat scan berbeda sama nama toko yang tertera?,identity_mismatch
Loh Catatan: Toko agak kotor di bagian belakang semoga bisa lebih baik.,other
Hmm Pengalaman gue: Antrian di kasir sangat panjang.,other
Tiba-tiba ada tambahan Rp1.000 katanya ongkos pembayaran digital.,additional_fees
Eh Nama merchant jauh berbeda dari nama di spanduk ini fraud ya?.,identity_mismatch
"Berhasil bayar QRIS, ga ada biaya tambahan. Transaksi berhasil dan lancar. Recommended deh tokonya.",safe_confirmation
Lho kok Nama rekening tujuan asing dan tidak dikenal apa ini aman??,identity_mismatch
Transaksi QRIS gagal terus saat saya coba bayar walaupun tidak ada notifikasi sukses tolong segera ditangani.,suspicious_transaction
Aduh Waktu mau bayar saya notice stiker QRIS baru nempel di atas akrilik QRIS di meja kasir langsung saya laporkan.,qr_replacement
Alhamdulillah QRIS berjalan normal. tidak ada biaya tambahan. Sangat mudah dan cepat.,safe_confirmation
Hmm Pembayaran enggak berhasil walaupun tidak ada notifikasi sukses mohon bantuan.,suspicious_transaction
Hmm Ada QR lain yang ditempel mencurigakan yang menutupi QR code merchantnya di meja kasir langsung saya laporkan.,qr_replacement
Wah Alhamdulillah Pembayaran sukses tanpa masalah. QR code tampak original. Aman digunakan.,safe_confirmation
Hmm Saya dikenai biaya ekstra Rp1.500 atas nama ongkos pembayaran digital ini tidak boleh.,additional_fees
Loh Aneh banget Transaksi error berkali-kali walaupun tidak ada notifikasi sukses dana aku hilang.,suspicious_transaction
Oh iya Catatan: Barang sering kehabisan stok secara keseluruhan lumayan.,other
Hmm Pelayanan kasirnya kurang ramah tapi overall oke kok.,other
Eh Ada pungutan Rp1.000 sebagai biaya penggunaan QRIS saya merasa dirugikan.,additional_fees
Aduh Tiba-tiba ada tambahan Rp5.000 katanya tanpa alasan jelas BI melarang ini.,additional_fees
"Wah Proses pembayaran mulus, nama merchant sesuai dengan nama toko. Puas dengan layanannya.",safe_confirmation
Aduh Pas scan QRIS-nya Nama penerima bukan nama tokonya sama sekali apa ini aman?.,identity_mismatch
Hmm Pengalaman saya: Pelayanan kasirnya kurang ramah semoga bisa lebih baik.,other
Loh Ada stiker QRIS asing mencurigakan yang ditempel di atas QR asli di kasir toko saya foto dulu sebagai bukti.,qr_replacement
Oh iya Ada pungutan Rp1.000 sebagai biaya layanan gue komplain tapi diabaikan.,additional_fees
Wah Petugasnya minta Rp5.000 sebagai ongkos pembayaran digital aku merasa dirugikan.,additional_fees
nama penerima cocok dengan tokonya dan Pembayaran sukses tanpa masalah. Recommended deh tokonya.,safe_confirmation
Diminta bayar tambahan Rp1.000 untuk tanpa alasan jelas ini jelas melanggar aturan.,additional_fees
Aneh banget Nama penerima jauh berbeda dari nama di spanduk bikin curiga.,identity_mismatch
Transaksi error berkali-kali waktu pembayaran diproses tapi rekening sudah didebet.,suspicious_transaction
Aduh Catatan: Jam buka toko tidak konsisten tidak masalah sih.,other
Wah Identitas merchant tidak sama dengan nama usaha saya batalin aja transaksinya.,identity_mismatch
Hmm Aneh banget Transaksi error berkali-kali ketika transaksi berlangsung walaupun tidak ada notifikasi sukses saya minta refund.,suspicious_transaction
Tiba-tiba ada tambahan Rp5.000 katanya biaya sistem.,additional_fees
Oh iya Waktu mau bayar saya notice QR lain yang ditempel ditempel di atas QR asli di meja kasir saya gak jadi bayar.,qr_replacement
Wah Ada pungutan 500 perak sebagai biaya penggunaan QRIS ini tidak boleh.,additional_fees
"Eh Syukurlah Transaksi berhasil dan lancar, QR code tampak original. Puas dengan layanannya.",safe_confirmation
Aduh Kelihatan ada stiker QRIS asing yang ditimpa di kode QR yang sah saya curiga ini penipuan.,qr_replacement
Tiba-tiba ada tambahan dua ribu rupiah katanya biaya transaksi ini jelas melanggar aturan.,additional_fees
Loh Pengalaman gw: Tempatnya bersih dan nyaman semoga bisa lebih baik.,other
Transaksi error berkali-kali saat saya coba bayar saldo terpotong ganda.,suspicious_transaction
Catatan: Toko agak kotor di bagian belakang semoga bisa lebih baik.,other
QRIS-nya tidak asli ada stiker QRIS asing yang ditempel di atas QR asli saya foto dulu sebagai bukti.,qr_replacement
Oh iya Si penjualnya minta seribu rupiah sebagai biaya admin QRIS tanpa pemberitahuan sebelumnya.,additional_fees
Oh iya Ditagih seribu rupiah lagi sama alasan biaya penggunaan QRIS ini tidak boleh.,additional_fees
Nama pemilik rekening asing dan tidak dikenal gw batalin aja transaksinya.,identity_mismatch
Aduh Waktu mau bayar gw notice stiker QRIS asing menimpa QRIS original di akrilik stan tolong ditindaklanjuti.,qr_replacement
Kayaknya ada stiker QRIS baru yang ditempel di atas QR asli di tempat pembayaran langsung gue laporkan.,qr_replacement
Loh Diminta bayar tambahan Rp2.500 untuk biaya transaksi saya komplain tapi diabaikan.,additional_fees
Loh Feedback untuk toko: Jam buka toko nggak konsisten.,other
Wah Kenapa ya Identitas merchant beda banget dari nama tokonya langsung saya laporin?,identity_mismatch
Wah Kayaknya ada stiker QRIS baru yang ditempel di atas QR asli di depan toko langsung saya laporkan.,qr_replacement
"Aduh Berhasil bayar QRIS, nama penerima cocok dengan tokonya. Transaksi selesai dengan aman. Sangat mudah dan cepat.",safe_confirmation
Oh iya Sudah coba berkali-kali tapi Transaksi QRIS gagal terus namun saldo berkurang dana saya hilang.,suspicious_transaction
Oh iya Ditagih Rp3.000 lagi sama alasan tanpa alasan jelas padahal seharusnya gratis.,additional_fees
Aneh banget Nama merchant nama orang bukan nama toko.,identity_mismatch
Eh Alhamdulillah Semua berjalan baik. QR code tampak original.,safe_confirmation
Oh iya Tidak ada wifi di toko secara keseluruhan lumayan.,other
Pembayaran tidak berhasil dan walaupun tidak ada notifikasi sukses ketika transaksi berlangsung saya minta refund.,suspicious_transaction
Aduh Aneh banget Identitas merchant bukan nama tokonya sama sekali apa mungkin QRIS-nya dipalsukan?.,identity_mismatch
Oh iya Pengalaman aku: Lokasi toko strategis banget tapi overall oke kok.,other
Eh Pas scan QRIS-nya Nama rekening tujuan berbeda dgn nama toko yang tertera tolong dicek.,identity_mismatch
nama penerima cocok dgn tokonya dan Transaksi selesai dengan aman. Terpercaya tokonya.,safe_confirmation
Eh Catatan: AC di dalam toko terlalu dingin tapi overall oke kok.,other
Saya perhatikan Nama pemilik rekening berbeda dengan nama toko yang tertera.,identity_mismatch
Aneh banget Nama penerima nama orang bukan nama toko apa ini aman?.,identity_mismatch
Oh iya Masnya minta Rp1.500 sebagai biaya transaksi BI melarang ini.,additional_fees
Saya mau kasih masukan: Harga dan kualitas sebanding semoga bisa lebih baik.,other
Loh Produknya bagus tapi packaging kurang menarik.,other
Eh Tempatnya bersih dan nyaman tidak masalah sih.,other
Oh iya QRIS-nya tidak asli ada stiker QR palsu yang menimpa QRIS original.,qr_replacement
Saya lihat ada QR lain yang ditempel yang ditempel di atas QR asli di akrilik stan ini pasti fraud.,qr_replacement
Loh Kenapa ya Nama pemilik rekening beda sama nama yang ada di plang tolong dicek?,identity_mismatch
Pemilik toko minta Rp1.500 sebagai tanpa alasan jelas apakah ini diperbolehkan?.,additional_fees
Kayaknya ada stiker QR palsu yang menutupi QR code merchantnya di akrilik stan langsung gue laporkan.,qr_replacement
QR terbaca tapi transaksi gagal saat saya coba bayar walaupun tidak ada notifikasi sukses ini udah kedua kalinya.,suspicious_transaction
Wah Ada stiker QR palsu mencurigakan yang menutupi QR code merchantnya di tempat pembayaran tolong ditindaklanjuti.,qr_replacement
Wah Ada pungutan dua ribu rupiah sebagai ongkos pembayaran digital padahal seharusnya gratis.,additional_fees
Oh iya Setelah scan Nama rekening tujuan asing dan tidak dikenal saya batalin aja transaksinya.,identity_mismatch
Oh iya Tiba-tiba ada tambahan Rp2.500 katanya biaya transaksi.,additional_fees
Hmm QR terbaca tapi transaksi gagal dan tapi saldo dah terpotong ketika transaksi berlangsung saya minta refund.,suspicious_transaction
Eh Catatan: Antrian di kasir sangat panjang perlu diperbaiki.,other
Eh Ditagih Rp5.000 lagi dengan alasan biaya sistem ini tidak boleh.,additional_fees
Aduh QRIS-nya tidak asli ada QR code palsu yang menutup QR code resmi saya foto dulu sebagai bukti.,qr_replacement
Saya mau kasih masukan: Tidak ada wifi di toko secara keseluruhan lumayan.,other
Diminta bayar tambahan dua ribu rupiah untuk biaya transaksi tanpa pemberitahuan sebelumnya.,additional_fees
Hmm Pembayaran ga berhasil ketika transaksi berlangsung walaupun tidak ada notifikasi sukses tolong segera ditangani.,suspicious_transaction
Aduh Saya lihat ada QR code palsu yang ditimpa di kode QR yang sah di meja kasir saya curiga ini penipuan.,qr_replacement
Hmm Saya dikenai biaya ekstra Rp1.000 atas nama biaya penggunaan QRIS saya merasa dirugikan.,additional_fees
Wah Diminta bayar tambahan seribu rupiah untuk biaya layanan apakah ini diperbolehkan?.,additional_fees
Aduh Kenapa ya Nama di layar pembayaran nama orang bukan nama toko saya batalin aja transaksinya?,identity_mismatch
Oh iya Kenapa ya Nama rekening tujuan asing dan tidak dikenal?,identity_mismatch
Oh iya Aneh banget QR terbaca tapi transaksi gagal saat gue coba bayar tapi rekening udah didebet saya minta refund.,suspicious_transaction
Wah Feedback untuk toko: Barang sering kehabisan stok semoga bisa lebih baik.,other
nama merchant sesuai dengan nama toko dan Transaksi berhasil dan lancar. Tidak ada kendala sama sekali.,safe_confirmation
Saya mau kasih masukan: Toko terlalu ramai dan sempit secara keseluruhan lumayan.,other
Aduh QRIS ga bisa dipindai dan tapi saldo sudah terpotong ketika transaksi berlangsung saya minta refund.,suspicious_transaction
Wah Kelihatan ada stiker QRIS baru yang menutup QR code resmi saya curiga ini penipuan.,qr_replacement
Aduh QRIS-nya tidak asli ada kode QR yang mencurigakan yang nempel di atas akrilik QRIS langsung saya laporkan.,qr_replacement
Loh Alhamdulillah Pembayaran QRIS sukses. nama rekening tujuan sesuai. Tidak ada kendala sama sekali.,safe_confirmation
Saya perhatikan Nama rekening tujuan berbeda dengan nama toko yang tertera langsung gue laporin.,identity_mismatch
Transaksi QRIS gagal terus dan saldo terpotong ganda dana saya hilang.,suspicious_transaction
Hmm QRIS tidak bisa dipindai waktu pembayaran diproses padahal uang udah keluar ini sangat merugikan.,suspicious_transaction
Ditagih Rp3.000 lagi dengan alasan biaya layanan tanpa pemberitahuan sebelumnya.,additional_fees
Si penjualnya minta Rp3.000 sebagai tanpa alasan jelas saya merasa dirugikan.,additional_fees
Nama pemilik rekening bukan nama tokonya sama sekali apa ini aman?.,identity_mismatch
Aduh Tiba-tiba ada tambahan Rp2.000 katanya biaya transaksi saya komplain tapi diabaikan.,additional_fees
Wah Saya lihat ada stiker QR palsu yang menutupi QR code merchantnya di kasir toko tolong ditindaklanjuti.,qr_replacement
Eh Ada pungutan dua ribu rupiah sebagai biaya penggunaan QRIS ini tidak boleh.,additional_fees
Wah Ada pungutan Rp1.500 sebagai biaya transaksi apakah ini diperbolehkan?.,additional_fees
QRIS tidak bisa dipindai tapi saldo sudah terpotong mohon bantuan.,suspicious_transaction
"Berhasil bayar QRIS, ga ada biaya tambahan. Pembayaran QRIS sukses.",safe_confirmation
Wah Nama di layar pembayaran bukan nama tokonya sama sekali apa ini aman?.,identity_mismatch
Pas scan QRIS-nya Nama di layar pembayaran bukan nama tokonya sama sekali tolong dicek.,identity_mismatch
Eh Pengalaman saya: Lokasi toko strategis banget ga masalah sih.,other
Pas scan QRIS-nya Nama akun tujuan beda banget dari nama tokonya.,identity_mismatch
Aduh Aneh banget Nama penerima enggak sama dgn nama usaha ini fraud ya?.,identity_mismatch
tidak ada biaya tambahan dan Transaksi berhasil dan lancar. Recommended deh tokonya.,safe_confirmation
Oh iya Pengalaman aku: AC di dalam toko terlalu dingin perlu diperbaiki.,other
Aduh Nama pemilik rekening nama orang bukan nama toko ini fraud ya?.,identity_mismatch
Eh Sudah coba berkali-kali tapi QR terbaca tapi transaksi gagal walaupun gak ada notifikasi sukses.,suspicious_transaction
Hmm Feedback untuk toko: Produknya bagus tapi packaging kurang menarik tapi overall oke kok.,other
Wah Waktu mau bayar gw notice stiker QRIS asing ditempel di atas QR asli di kasir toko langsung saya laporkan.,qr_replacement
"Wah Berhasil bayar QRIS, logo QRIS jelas dan gak rusak. Semua berjalan baik. Aman digunakan.",safe_confirmation
Wah Aneh banget Pembayaran tidak berhasil ketika transaksi berlangsung tapi rekening sudah didebet saya minta refund.,suspicious_transaction
Hmm Ditagih dua ribu rupiah lagi dengan alasan tanpa alasan jelas.,additional_fees
Eh Ada QR lain yang ditempel mencurigakan yang menutup QR code resmi di akrilik stan tolong ditindaklanjuti.,qr_replacement
Wah Alhamdulillah Proses pembayaran mulus. ga ada biaya tambahan. Recommended deh tokonya.,safe_confirmation
"Aduh Syukurlah Transaksi berhasil dan lancar, merchant terverifikasi. Aman digunakan.",safe_confirmation
"Hmm Pembayaran sukses tanpa masalah, QRIS terlihat asli dan resmi. Tidak ada kendala sama sekali.",safe_confirmation
"Berhasil bayar QRIS, merchant terverifikasi. Pembayaran sukses tanpa masalah. Terpercaya tokonya.",safe_confirmation
Aneh banget Pembayaran tidak berhasil pas saya scan QR-nya namun saldo berkurang ini sudah kedua kalinya.,suspicious_transaction
Wah Aneh banget Transaksi QRIS gagal terus pas gw scan QR-nya walaupun tidak ada notifikasi sukses tolong segera ditangani.,suspicious_transaction
Pas scan QRIS-nya Nama penerima nama orang bukan nama toko saya batalin aja transaksinya.,identity_mismatch
"Wah Semua berjalan baik, logo QRIS jelas dan nggak rusak. Sangat mudah dan cepat.",safe_confirmation
Eh Kayaknya ada stiker QRIS asing yang menutupi QR code merchantnya di meja kasir ini pasti fraud.,qr_replacement
Oh iya Saya mau kasih masukan: Toko terlalu ramai dan sempit.,other
Feedback untuk toko: Pelayanan kasirnya kurang ramah secara keseluruhan lumayan.,other
Waktu mau bayar saya notice stiker QR palsu menimpa QRIS original di depan toko saya gak jadi bayar.,qr_replacement
Wah Saya perhatikan Nama akun tujuan jauh berbeda dari nama di spanduk langsung saya laporin.,identity_mismatch
Alhamdulillah Transaksi selesai sama aman. logo QRIS jelas dan nggak rusak. Puas dengan layanannya.,safe_confirmation
Masnya minta dua ribu rupiah sebagai tanpa alasan jelas BI melarang ini.,additional_fees
Oh iya QRIS tidak bisa dipindai padahal uang sudah keluar mohon bantuan.,suspicious_transaction
Loh Saya mau kasih masukan: AC di dalam toko terlalu dingin perlu diperbaiki.,other
Loh Saya mau kasih masukan: Tempatnya bersih dan nyaman perlu diperbaiki.,other
QR code tampak original dan QRIS berjalan normal. Terpercaya tokonya.,safe_confirmation
Loh Saya mau kasih masukan: Toko terlalu ramai dan sempit perlu diperbaiki.,other
Aduh Transaksi error berkali-kali pas saya scan QR-nya saldo terpotong ganda mohon bantuan.,suspicious_transaction
Eh Diminta bayar tambahan Rp1.500 untuk tanpa alasan jelas tanpa pemberitahuan sebelumnya.,additional_fees
Catatan: Tempatnya bersih dan nyaman tidak masalah sih.,other
Saya dikenai biaya ekstra seribu rupiah atas nama biaya layanan padahal seharusnya gratis.,additional_fees
Sudah coba berkali-kali tapi QRIS nggak bisa dipindai padahal uang sudah keluar ini amat merugikan.,suspicious_transaction
Loh Saya perhatikan Nama merchant tidak sama dengan nama usaha.,identity_mismatch
Kelihatan ada stiker QR palsu yang menutupi QR code merchantnya saya gak jadi bayar.,qr_replacement
Loh Ada pungutan Rp5.000 sebagai tanpa alasan jelas ini enggak boleh.,additional_fees
Hmm Saya dikenai biaya ekstra Rp2.000 atas nama biaya sistem tanpa pemberitahuan sebelumnya.,additional_fees
Aduh Setelah scan Nama akun tujuan berbeda dengan nama toko yang tertera jadi saya ragu mau bayar.,identity_mismatch
Hmm Pengalaman saya: Tempat parkir susah sekali tidak masalah sih.,other
Wah Tiba-tiba ada tambahan 500 perak katanya biaya penggunaan QRIS apakah ini diperbolehkan?.,additional_fees
Waktu mau bayar saya notice kode QR yang mencurigakan nempel di atas akrilik QRIS di tempat pembayaran saya curiga ini penipuan.,qr_replacement
Saya lihat ada stiker QR palsu yang menimpa QRIS original di akrilik stan langsung gue laporkan.,qr_replacement
Kayaknya ada stiker QR palsu yang menutupi QR code merchantnya di depan toko langsung saya laporkan.,qr_replacement
Oh iya Kenapa ya Nama yang muncul saat scan tidak sama dengan nama usaha apa mungkin QRIS-nya dipalsukan??,identity_mismatch
Eh Aneh banget Sistem QRIS mengalami gangguan mencurigakan waktu saya coba bayar tapi rekening sudah didebet ini sudah kedua kalinya.,suspicious_transaction
Oh iya Sudah coba berkali-kali tapi QRIS nggak bisa dipindai tapi rekening sudah didebet.,suspicious_transaction
"Eh Syukurlah Proses pembayaran mulus, merchant terverifikasi.",safe_confirmation
Oh iya Lho kok Nama penerima beda sama nama yang ada di plang apa mungkin QRIS-nya dipalsukan??,identity_mismatch
Hmm Saya perhatikan Nama di layar pembayaran bukan nama tokonya sama sekali ini fraud ya?.,identity_mismatch
Nama merchant nama orang bukan nama toko saya batalin aja transaksinya.,identity_mismatch
Oh iya Nama pemilik rekening bukan nama tokonya sama sekali langsung saya laporin.,identity_mismatch
Oh iya Sudah coba berkali-kali tapi Transaksi error berkali-kali tapi rekening sudah didebet.,suspicious_transaction
Transaksi error berkali-kali pas saya scan QR-nya tapi saldo sudah terpotong dana saya hilang.,suspicious_transaction
Hmm Alhamdulillah Pembayaran QRIS sukses. QRIS terlihat asli dan resmi. Puas dengan layanannya.,safe_confirmation
"Eh Berhasil bayar QRIS, logo QRIS jelas dan tidak rusak. Proses pembayaran mulus. Aman digunakan.",safe_confirmation
Ditagih dua ribu rupiah lagi dengan alasan biaya penggunaan QRIS apakah ini diperbolehkan?.,additional_fees
Pas scan QRIS-nya Identitas merchant jauh berbeda dari nama di spanduk ini fraud ya?.,identity_mismatch
"Eh Semua berjalan baik, nama penerima cocok dgn tokonya. Aman digunakan.",safe_confirmation
Hmm Ditagih Rp5.000 lagi dengan alasan biaya penggunaan QRIS gw merasa dirugikan.,additional_fees
Aduh Feedback untuk toko: Lokasi toko strategis banget gak masalah sih.,other
Wah Kayaknya ada QR lain yang ditempel yang ditempel di atas QR asli di tempat pembayaran saya foto dulu sebagai bukti.,qr_replacement
Sudah coba berkali-kali tapi Transaksi QRIS gagal terus namun saldo berkurang mohon bantuan.,suspicious_transaction
Eh Ada QR lain yang ditempel mencurigakan yang ditimpa di kode QR yang sah di meja kasir tolong ditindaklanjuti.,qr_replacement
Ada pungutan Rp1.000 sebagai biaya sistem apakah ini diperbolehkan?.,additional_fees
Masnya minta Rp500 sebagai biaya penggunaan QRIS BI melarang ini.,additional_fees
QRIS tidak bisa dipindai pas gue scan QR-nya saldo terpotong ganda ini sudah kedua kalinya.,suspicious_transaction
Loh nama penerima cocok dengan tokonya dan Proses pembayaran mulus. Aman digunakan.,safe_confirmation
Lho kok Nama rekening tujuan tidak cocok sama stiker toko saya khawatir?,identity_mismatch
Hmm Aneh banget Transaksi error berkali-kali saldo terpotong ganda tolong segera ditangani.,suspicious_transaction
Wah Sudah coba berkali-kali tapi Sistem QRIS mengalami gangguan mencurigakan tapi saldo udah terpotong.,suspicious_transaction
QRIS tidak bisa dipindai ketika transaksi berlangsung tapi saldo dah terpotong gue bingung harus lapor kemana.,suspicious_transaction
Oh iya Feedback untuk toko: Jam buka toko tidak konsisten semoga bisa lebih baik.,other
Wah Petugasnya minta seribu rupiah sebagai ongkos pembayaran digital padahal seharusnya gratis.,additional_fees
Setelah scan Nama penerima berbeda dgn nama toko yang tertera tolong dicek.,identity_mismatch
Eh Setelah scan Nama di layar pembayaran beda banget dari nama tokonya saya khawatir.,identity_mismatch
Saya mau kasih masukan: Tempatnya bersih dan nyaman tapi overall oke kok.,other
Eh Setelah scan Nama merchant beda sama nama yang ada di plang.,identity_mismatch
"Syukurlah Transaksi selesai dengan aman, logo QRIS jelas dan ga rusak. Terpercaya tokonya.",safe_confirmation
"Aduh Berhasil bayar QRIS, nama merchant sesuai dengan nama toko. Semua berjalan baik. Tidak ada kendala sama sekali.",safe_confirmation
Pembayaran gak berhasil ketika transaksi berlangsung padahal uang sudah keluar tolong segera ditangani.,suspicious_transaction
Loh QRIS gak bisa dipindai dan padahal uang sudah keluar saat saya coba bayar ini sudah kedua kalinya.,suspicious_transaction
Pas scan QRIS-nya Nama akun tujuan gak sesuai sama nama toko apa mungkin QRIS-nya dipalsukan?.,identity_mismatch
Aduh Sistem QRIS mengalami gangguan mencurigakan waktu pembayaran diproses tapi rekening sudah didebet mohon bantuan.,suspicious_transaction
Loh Feedback untuk toko: Tempat parkir susah sekali tapi overall oke kok.,other
Saya lihat ada QR lain yang ditempel yang menutup QR code resmi di meja kasir.,qr_replacement
Ada kode QR yang mencurigakan mencurigakan yang menutupi QR code merchantnya di meja kasir aku curiga ini penipuan.,qr_replacement
Loh Saya perhatikan Nama penerima berbeda dengan nama toko yang tertera saya khawatir.,identity_mismatch
"Eh Pembayaran sukses tanpa masalah, nama rekening tujuan sesuai. Recommended deh tokonya.",safe_confirmation
Ditagih 500 perak lagi dengan alasan biaya transaksi gue komplain tapi diabaikan.,additional_fees
Wah Pengalaman saya: Barang sering kehabisan stok perlu diperbaiki.,other
Setelah scan Identitas merchant beda sama nama yang ada di plang jadi aku ragu mau bayar.,identity_mismatch
Saya dikenai biaya ekstra 500 perak atas nama ongkos pembayaran digital tanpa pemberitahuan sebelumnya.,additional_fees
Wah Kenapa ya Nama rekening tujuan tidak cocok dengan stiker toko apa mungkin QRIS-nya dipalsukan??,identity_mismatch
Kayaknya ada QR lain yang ditempel yang menutup QR code resmi di depan toko saya foto dulu sebagai bukti.,qr_replacement
Loh Aneh banget Transaksi QRIS gagal terus saat saya coba bayar tapi rekening sudah didebet dana saya hilang.,suspicious_transaction
Oh iya Nama pemilik rekening nama orang bukan nama toko gw khawatir.,identity_mismatch
Setelah scan Nama penerima jauh berbeda dari nama di spanduk jadi saya ragu mau bayar.,identity_mismatch
Kenapa ya Nama merchant tidak sama sama nama usaha langsung aku laporin?,identity_mismatch
Waktu mau bayar saya notice QR lain yang ditempel ditimpa di kode QR yang sah di depan toko tolong ditindaklanjuti.,qr_replacement
Aduh QRIS-nya tidak asli ada stiker QRIS asing yang menutupi QR code merchantnya.,qr_replacement
Aduh Alhamdulillah Semua berjalan baik. merchant terverifikasi. Aman digunakan.,safe_confirmation
tidak ada biaya tambahan dan Transaksi berhasil dan lancar. Sangat mudah dan cepat.,safe_confirmation
Aduh Alhamdulillah Transaksi berhasil dan lancar. QRIS terlihat asli dan resmi.,safe_confirmation
Oh iya Alhamdulillah Transaksi berhasil dan lancar. QRIS terlihat asli dan resmi. Sangat mudah dan cepat.,safe_confirmation
Oh iya Sudah coba berkali-kali tapi QR terbaca tapi transaksi gagal tapi rekening udah didebet saya minta refund.,suspicious_transaction
Sudah coba berkali-kali tapi Transaksi QRIS gagal terus namun saldo berkurang ini sudah kedua kalinya.,suspicious_transaction
Loh Transaksi error berkali-kali dan padahal uang dah keluar dana saya hilang.,suspicious_transaction
"Syukurlah Pembayaran QRIS sukses, QRIS terlihat asli dan resmi. Terpercaya tokonya.",safe_confirmation
Wah nama merchant sesuai dengan nama toko dan Proses pembayaran mulus. Recommended deh tokonya.,safe_confirmation
Eh Sudah coba berkali-kali tapi QR terbaca tapi transaksi gagal padahal uang sudah keluar ini sudah kedua kalinya.,suspicious_transaction
Eh Nama akun tujuan asing dan tidak dikenal langsung saya laporin.,identity_mismatch
Loh Tiba-tiba ada tambahan Rp500 katanya biaya transaksi BI melarang ini.,additional_fees
Loh Saya dikenai biaya ekstra 500 perak atas nama ongkos pembayaran digital BI melarang ini.,additional_fees
Aduh Ada pungutan Rp2.500 sebagai ongkos pembayaran digital BI melarang ini.,additional_fees
Kayaknya ada stiker QRIS baru yang ditempel di atas QR asli di tempat pembayaran langsung saya laporkan.,qr_replacement
Pengalaman saya: Kualitas produknya bagus sekali tapi overall oke kok.,other
Tiba-tiba ada tambahan Rp3.000 katanya biaya penggunaan QRIS saya merasa dirugikan.,additional_fees
Eh Ditagih Rp1.000 lagi sama alasan biaya transaksi ini jelas melanggar aturan.,additional_fees
Wah Feedback untuk toko: Tempatnya bersih dan nyaman perlu diperbaiki.,other
Hmm Kenapa ya Nama di layar pembayaran berbeda sama nama toko yang tertera tolong dicek?,identity_mismatch
Wah Ada stiker QRIS baru mencurigakan yang ditempel di atas QR asli di tempat pembayaran saya gak jadi bayar.,qr_replacement
Loh Tiba-tiba ada tambahan seribu rupiah katanya ongkos pembayaran digital ini tidak boleh.,additional_fees
"Wah Pembayaran sukses tanpa masalah, merchant terverifikasi. Puas dengan layanannya.",safe_confirmation
QR terbaca tapi transaksi gagal ketika transaksi berlangsung namun saldo berkurang mohon bantuan.,suspicious_transaction
Wah Ada stiker QRIS asing mencurigakan yang ditempel di atas QR asli di kasir toko tolong ditindaklanjuti.,qr_replacement
Aduh Ada pungutan seribu rupiah sebagai biaya sistem.,additional_fees
Kenapa ya Identitas merchant berbeda sama nama toko yang tertera ini fraud ya??,identity_mismatch
Oh iya AC di dalam toko terlalu dingin semoga bisa lebih baik.,other
Loh Transaksi error berkali-kali ketika transaksi berlangsung tapi rekening sudah didebet tolong segera ditangani.,suspicious_transaction
Oh iya Kenapa ya Nama yang muncul pas scan gak sama dengan nama usaha langsung saya laporin?,identity_mismatch
Kayaknya ada QR lain yang ditempel yang menimpa QRIS original di meja kasir saya foto dulu sebagai bukti.,qr_replacement
Hmm Setelah scan Nama rekening tujuan ga cocok dgn stiker toko apa mungkin QRIS-nya dipalsukan?.,identity_mismatch
Eh Toko agak kotor di bagian belakang tapi overall oke kok.,other
Eh QRIS tidak bisa dipindai namun saldo berkurang.,suspicious_transaction
Saya dikenai biaya ekstra Rp1.500 atas nama biaya layanan tanpa pemberitahuan sebelumnya.,additional_fees
"Eh Syukurlah Proses pembayaran mulus, nggak ada biaya tambahan. Aman digunakan.",safe_confirmation
Oh iya Waktu mau bayar gue notice QR lain yang ditempel menutupi QR code merchantnya di depan toko tolong ditindaklanjuti.,qr_replacement
Transaksi error berkali-kali walaupun tidak ada notifikasi sukses.,suspicious_transaction
Setelah scan Nama rekening tujuan asing dan tidak dikenal apa mungkin QRIS-nya dipalsukan?.,identity_mismatch
Wah Saya dikenai biaya ekstra 500 perak atas nama biaya transaksi padahal seharusnya gratis.,additional_fees
Eh Tiba-tiba ada tambahan Rp1.500 katanya biaya sistem.,additional_fees
"Berhasil bayar QRIS, logo QRIS jelas dan tidak rusak. Semua berjalan baik. Tidak ada kendala sama sekali.",safe_confirmation
Setelah scan Nama penerima beda banget dari nama tokonya jadi saya ragu mau bayar.,identity_mismatch
Wah Aneh banget Transaksi QRIS gagal terus walaupun tidak ada notifikasi sukses saya bingung harus lapor kemana.,suspicious_transaction
Oh iya Kelihatan ada stiker QR palsu yang ditimpa di kode QR yang sah langsung saya laporkan.,qr_replacement
Alhamdulillah Proses pembayaran mulus. nama merchant sesuai dengan nama toko. Tidak ada kendala sama sekali.,safe_confirmation
Saya lihat ada QR lain yang ditempel yang menutupi QR code merchantnya di kasir toko saya gak jadi bayar.,qr_replacement
Saya mau kasih masukan: Lokasi toko strategis banget secara keseluruhan lumayan.,other
"Eh Pembayaran QRIS sukses, merchant terverifikasi. Terpercaya tokonya.",safe_confirmation
Hmm Tiba-tiba ada tambahan seribu rupiah katanya ongkos pembayaran digital ini tidak boleh.,additional_fees
Diminta bayar tambahan seribu rupiah untuk biaya penggunaan QRIS saya merasa dirugikan.,additional_fees
Aduh Diminta bayar tambahan Rp1.000 untuk biaya layanan saya komplain tapi diabaikan.,additional_fees
Pas scan QRIS-nya Nama di layar pembayaran gak sama dengan nama usaha saya khawatir.,identity_mismatch
Hmm Kelihatan ada stiker QRIS baru yang dipasang di atas QRIS toko.,qr_replacement
Eh Aneh banget QR terbaca tapi transaksi gagal pas gw scan QR-nya tapi rekening sudah didebet saya bingung harus lapor kemana.,suspicious_transaction
Aduh Kayaknya ada kode QR yang mencurigakan yang menutup QR code resmi di tempat pembayaran saya foto dulu sebagai bukti.,qr_replacement
Oh iya Si penjualnya minta Rp2.000 sebagai ongkos pembayaran digital tanpa pemberitahuan sebelumnya.,additional_fees
Oh iya Pelayanan kasirnya kurang ramah.,other
"Berhasil bayar QRIS, merchant terverifikasi. Semua berjalan baik. Puas sama layanannya.",safe_confirmation
Nama merchant tidak sama dengan nama usaha ini fraud ya?.,identity_mismatch
"Wah Transaksi berhasil dan lancar, logo QRIS jelas dan nggak rusak.",safe_confirmation
Aduh Waktu mau bayar gw notice stiker QRIS asing dipasang di atas QRIS toko di meja kasir saya curiga ini penipuan.,qr_replacement
Catatan: Tempatnya bersih dan nyaman.,other
Oh iya Ditagih Rp2.500 lagi sama alasan ongkos pembayaran digital saya komplain tapi diabaikan.,additional_fees
"Hmm Transaksi selesai sama aman, QRIS terlihat asli dan resmi. Tidak ada kendala sama sekali.",safe_confirmation
Barang sering kehabisan stok secara keseluruhan lumayan.,other
Eh Sudah coba berkali-kali tapi QRIS tidak bisa dipindai namun saldo berkurang tolong segera ditangani.,suspicious_transaction
Saya dikenai biaya ekstra seribu rupiah atas nama biaya admin QRIS BI melarang ini.,additional_fees
Aneh banget Nama pemilik rekening gak cocok sama nama merchant resmi ini fraud ya?.,identity_mismatch
Pencahayaan toko kurang terang perlu diperbaiki.,other
Saya mau kasih masukan: Kualitas produknya bagus sekali secara keseluruhan lumayan.,other
Ada pungutan Rp1.000 sebagai biaya layanan gw merasa dirugikan.,additional_fees
Lho kok Nama pemilik rekening berbeda dengan nama toko yang tertera ini fraud ya??,identity_mismatch
Diminta bayar tambahan dua ribu rupiah untuk biaya sistem apakah ini diperbolehkan?.,additional_fees
Aduh Catatan: Kualitas produknya bagus sekali tidak masalah sih.,other
Hmm Pengalaman saya: Tempatnya bersih dan nyaman perlu diperbaiki.,other
Wah tidak ada biaya tambahan dan Pembayaran QRIS sukses. Aman digunakan.,safe_confirmation
Eh Pencahayaan toko kurang terang tapi overall oke kok.,other
Wah QR code tampak original dan Pembayaran QRIS sukses. Terpercaya tokonya.,safe_confirmation
"Hmm Transaksi selesai sama aman, merchant terverifikasi. Puas dengan layanannya.",safe_confirmation
Eh Pas scan QRIS-nya Nama merchant bukan nama tokonya sama sekali.,identity_mismatch
Ditagih Rp1.500 lagi dengan alasan biaya sistem ini tidak boleh.,additional_fees
Kayaknya ada stiker QR palsu yang menutup QR code resmi di depan toko langsung saya laporkan.,qr_replacement
Aduh Pembayaran tidak berhasil dan tapi rekening dah didebet saat saya coba bayar mohon bantuan.,suspicious_transaction
Setelah scan Nama akun tujuan gak cocok sama nama merchant resmi apa mungkin QRIS-nya dipalsukan?.,identity_mismatch
Alhamdulillah Semua berjalan baik. merchant terverifikasi. Aman digunakan.,safe_confirmation
Eh Aneh banget QR terbaca tapi transaksi gagal pas saya scan QR-nya saldo terpotong ganda mohon bantuan.,suspicious_transaction
"Pembayaran QRIS sukses, nama penerima cocok dengan tokonya. Aman digunakan.",safe_confirmation
Hmm Saya dikenai biaya ekstra Rp5.000 atas nama tanpa alasan jelas apakah ini diperbolehkan?.,additional_fees
Eh Saya mau kasih masukan: Pencahayaan toko kurang terang secara keseluruhan lumayan.,other
Eh Pengalaman gue: Pencahayaan toko kurang terang perlu diperbaiki.,other
Aduh QRIS terlihat asli dan resmi dan Transaksi selesai dengan aman.,safe_confirmation
Nama merchant bukan nama tokonya sama sekali apa ini aman?.,identity_mismatch
Feedback untuk toko: Toko agak kotor di bagian belakang semoga bisa lebih baik.,other
Aduh Ada pungutan dua ribu rupiah sebagai ongkos pembayaran digital BI melarang ini.,additional_fees
Aduh Kenapa ya Identitas merchant beda sama nama yang ada di plang apa ini aman??,identity_mismatch
Kelihatan ada QR lain yang ditempel yang menimpa QRIS original gw curiga ini penipuan.,qr_replacement
Wah Transaksi error berkali-kali pas saya scan QR-nya tapi saldo sudah terpotong saya minta refund.,suspicious_transaction
"Berhasil bayar QRIS, tidak ada biaya tambahan. Proses pembayaran mulus.",safe_confirmation
Wah Ditagih Rp3.000 lagi dengan alasan tanpa alasan jelas saya komplain tapi diabaikan.,additional_fees
Aduh Aneh banget Nama penerima tidak sama dengan nama usaha apa ini aman?.,identity_mismatch
Waktu mau bayar saya notice stiker QR palsu ditempel di atas QR asli di meja kasir saya gak jadi bayar.,qr_replacement
Catatan: Tempatnya bersih dan nyaman tidak masalah sih.,other
Wah Pengalaman gue: Toko agak kotor di bagian belakang tapi overall oke kok.,other
Sistem QRIS mengalami gangguan mencurigakan waktu saya coba bayar namun saldo berkurang ini sangat merugikan.,suspicious_transaction
Pengalaman gw: Pelayanan kasirnya kurang ramah tapi overall oke kok.,other
Waktu mau bayar saya notice stiker QR palsu dipasang di atas QRIS toko di meja kasir saya gak jadi bayar.,qr_replacement
"Berhasil bayar QRIS, logo QRIS jelas dan tidak rusak. Proses pembayaran mulus. Sangat mudah dan cepat.",safe_confirmation
"Berhasil bayar QRIS, nama rekening tujuan sesuai. Pembayaran QRIS sukses. Recommended deh tokonya.",safe_confirmation
Aduh Saya mau kasih masukan: Produknya bagus tapi packaging kurang menarik tidak masalah sih.,other
logo QRIS jelas dan tidak rusak dan Semua berjalan baik.,safe_confirmation
Eh nama rekening tujuan sesuai dan Semua berjalan baik. Tidak ada kendala sama sekali.,safe_confirmation
Eh Saya mau kasih masukan: Tidak ada wifi di toko enggak masalah sih.,other
Aduh Ada kode QR yang mencurigakan mencurigakan yang dipasang di atas QRIS toko di kasir toko saya foto dulu sebagai bukti.,qr_replacement
Loh Nama di layar pembayaran bukan nama tokonya sama sekali gw khawatir.,identity_mismatch
Loh Transaksi QRIS gagal terus dan namun saldo berkurang dana saya hilang.,suspicious_transaction
Oh iya Aneh banget Transaksi QRIS gagal terus pas saya scan QR-nya tapi saldo sudah terpotong tolong segera ditangani.,suspicious_transaction
"Semua berjalan baik, nama merchant sesuai dengan nama toko.",safe_confirmation
Catatan: Pelayanan kasirnya kurang ramah tapi overall oke kok.,other
Eh Pas scan QRIS-nya Nama akun tujuan nama orang bukan nama toko langsung saya laporin.,identity_mismatch
Pembayaran tidak berhasil dan namun saldo berkurang dana saya hilang.,suspicious_transaction
Hmm Aneh banget QR terbaca tapi transaksi gagal ketika transaksi berlangsung tapi saldo sudah terpotong ini sangat merugikan.,suspicious_transaction
Hmm Aneh banget Sistem QRIS mengalami gangguan mencurigakan saldo terpotong ganda aku minta refund.,suspicious_transaction
Oh iya Sistem QRIS mengalami gangguan mencurigakan pas saya scan QR-nya namun saldo berkurang mohon bantuan.,suspicious_transaction
"Hmm Pembayaran QRIS sukses, QRIS terlihat asli dan resmi. Recommended deh tokonya.",safe_confirmation
Wah Aneh banget Transaksi QRIS gagal terus pas saya scan QR-nya saldo terpotong ganda mohon bantuan.,suspicious_transaction
"Hmm Berhasil bayar QRIS, tidak ada biaya tambahan. Pembayaran sukses tanpa masalah. Terpercaya tokonya.",safe_confirmation
"Eh Berhasil bayar QRIS, nama rekening tujuan sesuai. Semua berjalan baik. Recommended deh tokonya.",safe_confirmation
Alhamdulillah Proses pembayaran mulus. logo QRIS jelas dan nggak rusak.,safe_confirmation
"Berhasil bayar QRIS, nama rekening tujuan sesuai. Semua berjalan baik. Terpercaya tokonya.",safe_confirmation
"Transaksi berhasil dan lancar, logo QRIS jelas dan tidak rusak.",safe_confirmation
Feedback untuk toko: Tidak ada wifi di toko tidak masalah sih.,other
Oh iya nggak ada biaya tambahan dan Proses pembayaran mulus. Sangat mudah dan cepat.,safe_confirmation
Aduh Kenapa ya Nama rekening tujuan tidak sama sama nama usaha langsung saya laporin?,identity_mismatch
Eh Transaksi error berkali-kali dan tapi rekening sudah didebet ketika transaksi berlangsung saya minta refund.,suspicious_transaction
"Pembayaran sukses tanpa masalah, ga ada biaya tambahan.",safe_confirmation
Eh Nama merchant bukan nama tokonya sama sekali ini fraud ya?.,identity_mismatch
QRIS-nya tidak asli ada kode QR yang mencurigakan yang ditempel di atas QR asli tolong ditindaklanjuti.,qr_replacement
Aneh banget QR terbaca tapi transaksi gagal saat gue coba bayar padahal uang sudah keluar saya minta refund.,suspicious_transaction
Transaksi error berkali-kali dan namun saldo berkurang waktu pembayaran diproses aku bingung harus lapor kemana.,suspicious_transaction
Diminta bayar tambahan Rp5.000 untuk biaya layanan ini tidak boleh.,additional_fees
Alhamdulillah Proses pembayaran mulus. nama merchant sesuai dengan nama toko.,safe_confirmation
Ada stiker QRIS asing mencurigakan yang menutupi QR code merchantnya di akrilik stan langsung saya laporkan.,qr_replacement
Eh Waktu mau bayar gw notice QR code palsu dipasang di atas QRIS toko di kasir toko saya curiga ini penipuan.,qr_replacement
Oh iya Kayaknya ada QR lain yang ditempel yang menutupi QR code merchantnya di kasir toko saya gak jadi bayar.,qr_replacement
Hmm Transaksi error berkali-kali dan namun saldo berkurang ketika transaksi berlangsung saya minta refund.,suspicious_transaction
Nama di layar pembayaran tidak sama dengan nama usaha langsung saya laporin.,identity_mismatch
Saya lihat ada stiker QR palsu yang nempel di atas akrilik QRIS di akrilik stan tolong ditindaklanjuti.,qr_replacement
Wah Tiba-tiba ada tambahan Rp5.000 katanya biaya layanan saya merasa dirugikan.,additional_fees
"Berhasil bayar QRIS, logo QRIS jelas dan tidak rusak. Pembayaran QRIS sukses. Recommended deh tokonya.",safe_confirmation
Aduh Transaksi QRIS gagal terus dan padahal uang udah keluar waktu pembayaran diproses ini banget merugikan.,suspicious_transaction
Ada pungutan Rp2.000 sebagai biaya sistem saya merasa dirugikan.,additional_fees
Wah Sistem QRIS mengalami gangguan mencurigakan dan namun saldo berkurang saat saya coba bayar tolong segera ditangani.,suspicious_transaction
Diminta bayar tambahan Rp1.500 untuk biaya transaksi tanpa pemberitahuan sebelumnya.,additional_fees
Hmm QRIS-nya tidak asli ada stiker QRIS asing yang menimpa QRIS original tolong ditindaklanjuti.,qr_replacement
Pas scan QRIS-nya Nama rekening tujuan nama orang bukan nama toko ini fraud ya?.,identity_mismatch
Oh iya Waktu mau bayar saya notice kode QR yang mencurigakan ditimpa di kode QR yang sah di akrilik stan langsung saya laporkan.,qr_replacement
Pas scan QRIS-nya Nama penerima tidak sama dengan nama usaha saya batalin aja transaksinya.,identity_mismatch
Diminta bayar tambahan Rp3.000 untuk tanpa alasan jelas gue komplain tapi diabaikan.,additional_fees
Loh Catatan: AC di dalam toko terlalu dingin tidak masalah sih.,other
Wah Lho kok Nama akun tujuan beda banget dari nama tokonya aku khawatir?,identity_mismatch
Aduh Aneh banget Nama merchant jauh berbeda dari nama di spanduk gw batalin aja transaksinya.,identity_mismatch
Kenapa ya Nama di layar pembayaran bukan nama tokonya sama sekali saya batalin aja transaksinya?,identity_mismatch
Pengalaman saya: Barang sering kehabisan stok semoga bisa lebih baik.,other
Oh iya Saya dikenai biaya ekstra Rp1.500 atas nama ongkos pembayaran digital padahal seharusnya gratis.,additional_fees
Saya perhatikan Nama merchant tidak cocok dengan stiker toko langsung gue laporin.,identity_mismatch
Kenapa ya Nama akun tujuan enggak cocok dengan stiker toko apa ini aman??,identity_mismatch
Loh Kenapa ya Nama merchant beda sama nama yang ada di plang langsung aku laporin?,identity_mismatch
Saya dikenai biaya ekstra 500 perak atas nama biaya penggunaan QRIS apakah ini diperbolehkan?.,additional_fees
Aduh Transaksi QRIS gagal terus dan padahal uang sudah keluar ketika transaksi berlangsung tolong segera ditangani.,suspicious_transaction
Eh Pas scan QRIS-nya Nama akun tujuan tidak cocok dengan stiker toko tolong dicek.,identity_mismatch
Aduh Aneh banget Nama di layar pembayaran enggak sama dengan nama usaha tolong dicek.,identity_mismatch
Loh Kayaknya ada QR code palsu yang ditimpa di kode QR yang sah di tempat pembayaran.,qr_replacement
Tiba-tiba ada tambahan Rp1.000 katanya biaya sistem ini tidak boleh.,additional_fees
Wah Saya dikenai biaya ekstra seribu rupiah atas nama biaya layanan ini enggak boleh.,additional_fees
Ada stiker QR palsu mencurigakan yang dipasang di atas QRIS toko di akrilik stan saya gak jadi bayar.,qr_replacement
Kayaknya ada stiker QRIS baru yang menutup QR code resmi di kasir toko tolong ditindaklanjuti.,qr_replacement
Saya dikenai biaya ekstra Rp1.500 atas nama biaya penggunaan QRIS ini jelas melanggar aturan.,additional_fees
logo QRIS jelas dan tidak rusak dan Semua berjalan baik. Terpercaya tokonya.,safe_confirmation
Mbaknya minta seribu rupiah sebagai biaya transaksi ini tidak boleh.,additional_fees
Eh Feedback untuk toko: Antrian di kasir amat panjang tidak masalah sih.,other
Hmm Kelihatan ada kode QR yang mencurigakan yang ditempel di atas QR asli saya curiga ini penipuan.,qr_replacement
Aduh Kasir minta Rp3.000 sebagai ongkos pembayaran digital apakah ini diperbolehkan?.,additional_fees
Oh iya Saya perhatikan Identitas merchant enggak sesuai sama nama toko ini fraud ya?.,identity_mismatch
Kayaknya ada stiker QRIS baru yang dipasang di atas QRIS toko di akrilik stan langsung saya laporkan.,qr_replacement
Eh QRIS-nya tidak asli ada kode QR yang mencurigakan yang ditempel di atas QR asli saya gak jadi bayar.,qr_replacement
Lho kok Nama pemilik rekening ga sama dengan nama usaha gue khawatir?,identity_mismatch
Hmm Sudah coba berkali-kali tapi QR terbaca tapi transaksi gagal tapi saldo sudah terpotong saya bingung harus lapor kemana.,suspicious_transaction
Aduh enggak ada biaya tambahan dan Transaksi berhasil dan lancar. Tidak ada kendala sama sekali.,safe_confirmation
Eh Pengalaman saya: Tempat parkir susah sekali semoga bisa lebih baik.,other
"Pembayaran QRIS sukses, merchant terverifikasi. Puas dengan layanannya.",safe_confirmation
Tiba-tiba ada tambahan seribu rupiah katanya biaya sistem BI melarang ini.,additional_fees
Oh iya Nama di layar pembayaran gak cocok sama nama merchant resmi saya khawatir.,identity_mismatch
Aduh Waktu mau bayar saya notice stiker QR palsu menutup QR code resmi di depan toko tolong ditindaklanjuti.,qr_replacement
Eh QRIS-nya gak asli ada QR lain yang ditempel yang menutupi QR code merchantnya saya curiga ini penipuan.,qr_replacement
Eh Feedback untuk toko: Jam buka toko tidak konsisten perlu diperbaiki.,other
Aduh Tempatnya bersih dan nyaman secara keseluruhan lumayan.,other
Transaksi error berkali-kali dan saldo terpotong ganda saat aku coba bayar ini sangat merugikan.,suspicious_transaction
"Hmm Berhasil bayar QRIS, QRIS terlihat asli dan resmi. Semua berjalan baik. Aman digunakan.",safe_confirmation
Hmm Sistem QRIS mengalami gangguan mencurigakan namun saldo berkurang ini sangat merugikan.,suspicious_transaction
"Eh Berhasil bayar QRIS, tidak ada biaya tambahan. Proses pembayaran mulus. Recommended deh tokonya.",safe_confirmation
Hmm Pengalaman aku: Produknya bagus tapi packaging kurang menarik semoga bisa lebih baik.,other
Oh iya Aneh banget Transaksi QRIS gagal terus namun saldo berkurang.,suspicious_transaction
Pas scan QRIS-nya Nama yang muncul ketika scan jauh berbeda dari nama di spanduk ini fraud ya?.,identity_mismatch
Wah Pembayaran tidak berhasil dan namun saldo berkurang saat gue coba bayar saya bingung harus lapor kemana.,suspicious_transaction
Hmm Tiba-tiba ada tambahan 500 perak katanya biaya layanan ini ga boleh.,additional_fees
"Berhasil bayar QRIS, tidak ada biaya tambahan. Proses pembayaran mulus.",safe_confirmation
Kayaknya ada kode QR yang mencurigakan yang ditempel di atas QR asli di akrilik stan ini pasti fraud.,qr_replacement
Pas scan QRIS-nya Identitas merchant jauh berbeda dari nama di spanduk.,identity_mismatch
Aneh banget Sistem QRIS mengalami gangguan mencurigakan pas gue scan QR-nya tapi saldo sudah terpotong saya bingung harus lapor kemana.,suspicious_transaction
Kenapa ya Nama di layar pembayaran tidak cocok sama stiker toko apa mungkin QRIS-nya dipalsukan??,identity_mismatch
"Loh Transaksi berhasil dan lancar, nama rekening tujuan sesuai. Sangat mudah dan cepat.",safe_confirmation
Oh iya Nama merchant tidak cocok dengan stiker toko ini fraud ya?.,identity_mismatch
Wah Saya dikenai biaya ekstra Rp1.500 atas nama biaya penggunaan QRIS apakah ini diperbolehkan?.,additional_fees
Lho kok Nama penerima beda sama nama yang ada di plang ini fraud ya??,identity_mismatch
Hmm Petugasnya minta Rp3.000 sebagai biaya transaksi padahal seharusnya gratis.,additional_fees
Ada kode QR yang mencurigakan mencurigakan yang dipasang di atas QRIS toko di meja kasir saya curiga ini penipuan.,qr_replacement
"Berhasil bayar QRIS, nama penerima cocok dengan tokonya. Pembayaran QRIS sukses. Recommended deh tokonya.",safe_confirmation
Wah Pas scan QRIS-nya Nama di layar pembayaran ga sama dengan nama usaha bikin curiga.,identity_mismatch
Aduh Kelihatan ada QR lain yang ditempel yang menimpa QRIS original ini pasti fraud.,qr_replacement
Aneh banget Nama pemilik rekening asing dan tidak dikenal bikin curiga.,identity_mismatch
Saya perhatikan Nama pemilik rekening tidak sesuai dengan nama toko ini fraud ya?.,identity_mismatch
Eh Kenapa ya Identitas merchant beda banget dari nama tokonya apa ini aman??,identity_mismatch
Aneh banget QR terbaca tapi transaksi gagal tapi rekening sudah didebet dana saya hilang.,suspicious_transaction
"QRIS berjalan normal, QRIS terlihat asli dan resmi. Tidak ada kendala sama sekali.",safe_confirmation
Ada pungutan Rp5.000 sebagai biaya transaksi ini jelas melanggar aturan.,additional_fees
Transaksi QRIS gagal terus namun saldo berkurang ini sangat merugikan.,suspicious_transaction
Loh Ada kode QR yang mencurigakan mencurigakan yang dipasang di atas QRIS toko di depan toko langsung saya laporkan.,qr_replacement
Oh iya Identitas merchant tidak cocok dengan stiker toko bikin curiga.,identity_mismatch
Aduh nama rekening tujuan sesuai dan Pembayaran QRIS sukses. Aman digunakan.,safe_confirmation
Eh Nama merchant tidak sesuai sama nama toko tolong dicek.,identity_mismatch
"Syukurlah Pembayaran QRIS sukses, nama merchant sesuai sama nama toko. Terpercaya tokonya.",safe_confirmation
Eh Kayaknya ada stiker QRIS asing yang nempel di atas akrilik QRIS di kasir toko saya curiga ini penipuan.,qr_replacement
Wah Nama akun tujuan enggak cocok dgn stiker toko bikin curiga.,identity_mismatch
Oh iya Pas scan QRIS-nya Nama akun tujuan asing dan tidak dikenal saya khawatir.,identity_mismatch
Aduh Tiba-tiba ada tambahan Rp1.500 katanya ongkos pembayaran digital BI melarang ini.,additional_fees
"Berhasil bayar QRIS, nama penerima cocok dengan tokonya. QRIS berjalan normal. Sangat mudah dan cepat.",safe_confirmation
Pengalaman saya: Harganya mahal dibanding toko lain tidak masalah sih.,other
Pembayaran tidak berhasil dan namun saldo berkurang pas saya coba bayar.,suspicious_transaction
Hmm Setelah scan Nama merchant jauh berbeda dari nama di spanduk tolong dicek.,identity_mismatch
Kayaknya ada QR lain yang ditempel yang menutup QR code resmi di tempat pembayaran tolong ditindaklanjuti.,qr_replacement
Hmm Kelihatan ada QR code palsu yang menimpa QRIS original langsung saya laporkan.,qr_replacement
Eh Aneh banget Sistem QRIS mengalami gangguan mencurigakan ketika transaksi berlangsung tapi saldo sudah terpotong dana saya hilang.,suspicious_transaction
nama rekening tujuan sesuai dan Transaksi selesai dengan aman.,safe_confirmation
"Aduh Syukurlah QRIS berjalan normal, nama merchant sesuai dengan nama toko. Tidak ada kendala sama sekali.",safe_confirmation
Lho kok Nama penerima nama orang bukan nama toko tolong dicek?,identity_mismatch
Pas scan QRIS-nya Identitas merchant bukan nama tokonya sama sekali langsung saya laporin.,identity_mismatch
Aduh Saya lihat ada stiker QRIS asing yang ditempel di atas QR asli di tempat pembayaran saya gak jadi bayar.,qr_replacement
Saya lihat ada QR code palsu yang ditimpa di kode QR yang sah di kasir toko ini pasti fraud.,qr_replacement
"Oh iya Syukurlah Transaksi berhasil dan lancar, QRIS terlihat asli dan resmi. Aman digunakan.",safe_confirmation
Eh Diminta bayar tambahan Rp2.500 untuk biaya sistem saya merasa dirugikan.,additional_fees
Oh iya Kenapa ya Nama pemilik rekening tidak sama dengan nama usaha apa ini aman??,identity_mismatch
Pas scan QRIS-nya Nama di layar pembayaran beda sama nama yang ada di plang langsung gue laporin.,identity_mismatch
Kelihatan ada QR code palsu yang ditimpa di kode QR yang sah.,qr_replacement
"Oh iya Berhasil bayar QRIS, QRIS terlihat asli dan resmi. Proses pembayaran mulus. Recommended deh tokonya.",safe_confirmation
Loh Saya dikenai biaya ekstra Rp1.500 atas nama biaya penggunaan QRIS padahal seharusnya gratis.,additional_fees
Hmm Aneh banget QR terbaca tapi transaksi gagal ketika saya coba bayar padahal uang sudah keluar ini sangat merugikan.,suspicious_transaction
"Hmm QRIS berjalan normal, QRIS terlihat asli dan resmi. Terpercaya tokonya.",safe_confirmation
Diminta bayar tambahan Rp1.000 untuk biaya transaksi gw merasa dirugikan.,additional_fees
Sudah coba berkali-kali tapi QRIS tidak bisa dipindai namun saldo berkurang mohon bantuan.,suspicious_transaction
Hmm Saya lihat ada stiker QRIS baru yang menutupi QR code merchantnya di kasir toko tolong ditindaklanjuti.,qr_replacement
Oh iya Pas scan QRIS-nya Nama yang muncul saat scan gak cocok sama nama merchant resmi tolong dicek.,identity_mismatch
Lho kok Nama pemilik rekening tidak sesuai dengan nama toko saya batalin aja transaksinya?,identity_mismatch
Kayaknya ada stiker QR palsu yang menutupi QR code merchantnya di depan toko langsung saya laporkan.,qr_replacement
Aduh Tiba-tiba ada tambahan Rp1.000 katanya tanpa alasan jelas saya merasa dirugikan.,additional_fees
Sudah coba berkali-kali tapi QRIS tidak bisa dipindai padahal uang sudah keluar saya minta refund.,suspicious_transaction
Oh iya Pengalaman saya: Pencahayaan toko kurang terang secara keseluruhan lumayan.,other
Wah Ditagih seribu rupiah lagi dengan alasan biaya penggunaan QRIS BI melarang ini.,additional_fees
Oh iya Waktu mau bayar saya notice kode QR yang mencurigakan ditempel di atas QR asli di akrilik stan.,qr_replacement
"Eh QRIS berjalan normal, nggak ada biaya tambahan. Tidak ada kendala sama sekali.",safe_confirmation
Hmm Feedback untuk toko: Tidak ada wifi di toko.,other
Wah Catatan: Toko agak kotor di bagian belakang tapi overall oke kok.,other
"Wah Semua berjalan baik, QR code tampak original. Puas dengan layanannya.",safe_confirmation
Aduh Kenapa ya Nama merchant jauh berbeda dari nama di spanduk?,identity_mismatch
Aduh Aneh banget QR terbaca tapi transaksi gagal ketika transaksi berlangsung namun saldo berkurang ini sangat merugikan.,suspicious_transaction
Hmm Pas scan QRIS-nya Nama pemilik rekening gak sesuai dgn nama toko bikin curiga.,identity_mismatch
Feedback untuk toko: Harga dan kualitas sebanding perlu diperbaiki.,other
Loh Kelihatan ada stiker QR palsu yang menutup QR code resmi.,qr_replacement
Pas scan QRIS-nya Nama pemilik rekening berbeda sama nama toko yang tertera ini fraud ya?.,identity_mismatch
"Hmm Pembayaran QRIS sukses, merchant terverifikasi. Aman digunakan.",safe_confirmation
Eh Pengalaman saya: Toko agak kotor di bagian belakang.,other
Eh Ada kode QR yang mencurigakan mencurigakan yang menutupi QR code merchantnya di akrilik stan gw curiga ini penipuan.,qr_replacement
Wah Kayaknya ada QR lain yang ditempel yang menutupi QR code merchantnya di akrilik stan saya gak jadi bayar.,qr_replacement
Hmm Kayaknya ada QR code palsu yang ditempel di atas QR asli di depan toko saya gak jadi bayar.,qr_replacement
Aduh Saya perhatikan Identitas merchant berbeda dengan nama toko yang tertera tolong dicek.,identity_mismatch
Eh Transaksi error berkali-kali ketika transaksi berlangsung namun saldo berkurang ini sangat merugikan.,suspicious_transaction
"Berhasil bayar QRIS, nama rekening tujuan sesuai. Transaksi selesai dgn aman. Aman digunakan.",safe_confirmation
Pembayaran enggak berhasil dan tapi rekening sudah didebet waktu saya coba bayar tolong segera ditangani.,suspicious_transaction
Aneh banget Transaksi error berkali-kali waktu pembayaran diproses tapi saldo udah terpotong dana saya hilang.,suspicious_transaction
Kelihatan ada QR code palsu yang ditimpa di kode QR yang sah saya curiga ini penipuan.,qr_replacement
Loh Saya dikenai biaya ekstra 500 perak atas nama biaya admin QRIS.,additional_fees
Eh Waktu mau bayar saya notice QR code palsu menutupi QR code merchantnya di kasir toko ini pasti fraud.,qr_replacement
Waktu mau bayar saya notice QR lain yang ditempel nempel di atas akrilik QRIS di meja kasir saya curiga ini penipuan.,qr_replacement
Wah Waktu mau bayar saya notice QR lain yang ditempel ditimpa di kode QR yang sah di depan toko saya foto dulu sebagai bukti.,qr_replacement
Aduh QR code tampak original dan QRIS berjalan normal. Aman digunakan.,safe_confirmation
Hmm Waktu mau bayar gue notice kode QR yang mencurigakan menimpa QRIS original di akrilik stan saya foto dulu sebagai bukti.,qr_replacement
"Oh iya Berhasil bayar QRIS, nama penerima cocok dengan tokonya. QRIS berjalan normal. Sangat mudah dan cepat.",safe_confirmation
Wah Nama yang muncul saat scan berbeda dengan nama toko yang tertera saya batalin aja transaksinya.,identity_mismatch
Loh Pengalaman saya: Lokasi toko strategis banget perlu diperbaiki.,other
Loh Lho kok Nama akun tujuan beda sama nama yang ada di plang tolong dicek?,identity_mismatch
Petugasnya minta Rp3.000 sebagai biaya transaksi.,additional_fees
Lho kok Nama pemilik rekening beda sama nama yang ada di plang langsung gw laporin?,identity_mismatch
Wah nama merchant sesuai sama nama toko dan Pembayaran sukses tanpa masalah. Tidak ada kendala sama sekali.,safe_confirmation
Wah Mbaknya minta 500 perak sebagai biaya transaksi BI melarang ini.,additional_fees
Transaksi error berkali-kali dan padahal uang udah keluar waktu saya coba bayar ini sudah kedua kalinya.,suspicious_transaction
Hmm Waktu mau bayar saya notice kode QR yang mencurigakan menutupi QR code merchantnya di meja kasir saya curiga ini penipuan.,qr_replacement
Eh Aneh banget Transaksi QRIS gagal terus waktu pembayaran diproses padahal uang sudah keluar dana saya hilang.,suspicious_transaction
Eh Waktu mau bayar saya notice stiker QRIS baru dipasang di atas QRIS toko di depan toko ini pasti fraud.,qr_replacement
Saya perhatikan Nama pemilik rekening nggak sesuai dengan nama toko apa ini aman?.,identity_mismatch
Masnya minta dua ribu rupiah sebagai ongkos pembayaran digital tanpa pemberitahuan sebelumnya.,additional_fees
Ditagih Rp1.500 lagi dengan alasan biaya layanan tanpa pemberitahuan sebelumnya.,additional_fees
"Oh iya Berhasil bayar QRIS, QRIS terlihat asli dan resmi. Transaksi selesai sama aman. Terpercaya tokonya.",safe_confirmation
QR terbaca tapi transaksi gagal waktu pembayaran diproses walaupun tidak ada notifikasi sukses dana saya hilang.,suspicious_transaction
"Oh iya Berhasil bayar QRIS, logo QRIS jelas dan nggak rusak. Semua berjalan baik. Aman digunakan.",safe_confirmation
Pas scan QRIS-nya Nama rekening tujuan jauh berbeda dari nama di spanduk gw batalin aja transaksinya.,identity_mismatch
Setelah scan Nama yang muncul waktu scan beda banget dari nama tokonya saya batalin aja transaksinya.,identity_mismatch
Oh iya Saya perhatikan Nama yang muncul saat scan beda sama nama yang ada di plang apa ini aman?.,identity_mismatch
Hmm Diminta bayar tambahan dua ribu rupiah untuk biaya sistem tanpa pemberitahuan sebelumnya.,additional_fees
Pengalaman aku: Kualitas produknya bagus sekali.,other
Wah Waktu mau bayar saya notice stiker QRIS asing ditimpa di kode QR yang sah di kasir toko saya curiga ini penipuan.,qr_replacement
Loh Aneh banget Sistem QRIS mengalami gangguan mencurigakan saat saya coba bayar namun saldo berkurang tolong segera ditangani.,suspicious_transaction
"Aduh Berhasil bayar QRIS, tidak ada biaya tambahan. Semua berjalan baik. Tidak ada kendala sama sekali.",safe_confirmation
Hmm Nama pemilik rekening nama orang bukan nama toko aku batalin aja transaksinya.,identity_mismatch
Diminta bayar tambahan 500 perak untuk biaya sistem.,additional_fees
Ditagih Rp1.000 lagi dgn alasan tanpa alasan jelas apakah ini diperbolehkan?.,additional_fees
Loh Feedback untuk toko: Barang sering kehabisan stok tapi overall oke kok.,other
Pelayanan kasirnya kurang ramah tapi overall oke kok.,other
Kasir minta 500 perak sebagai biaya layanan padahal seharusnya gratis.,additional_fees
Lho kok Nama penerima nggak sama dengan nama usaha apa mungkin QRIS-nya dipalsukan??,identity_mismatch
Hmm Saya lihat ada stiker QRIS baru yang menimpa QRIS original di kasir toko.,qr_replacement
Loh Ada QR code palsu mencurigakan yang nempel di atas akrilik QRIS di tempat pembayaran langsung gw laporkan.,qr_replacement
Hmm AC di dalam toko terlalu dingin secara keseluruhan lumayan.,other
Loh Ada pungutan dua ribu rupiah sebagai biaya layanan padahal seharusnya gratis.,additional_fees
Hmm Ada pungutan Rp1.000 sebagai biaya transaksi tanpa pemberitahuan sebelumnya.,additional_fees
"Aduh Transaksi selesai dengan aman, nama merchant sesuai dengan nama toko. Terpercaya tokonya.",safe_confirmation
Eh Transaksi error berkali-kali dan walaupun ga ada notifikasi sukses dana saya hilang.,suspicious_transaction
Oh iya Saya lihat ada kode QR yang mencurigakan yang ditimpa di kode QR yang sah di kasir toko langsung saya laporkan.,qr_replacement
Saya lihat ada QR lain yang ditempel yang ditempel di atas QR asli di depan toko saya foto dulu sebagai bukti.,qr_replacement
Oh iya Tiba-tiba ada tambahan 500 perak katanya biaya sistem aku merasa dirugikan.,additional_fees
Eh Ada pungutan Rp500 sebagai biaya sistem apakah ini diperbolehkan?.,additional_fees
Oh iya Saya dikenai biaya ekstra 500 perak atas nama biaya layanan gue merasa dirugikan.,additional_fees
"Semua berjalan baik, nama penerima cocok dengan tokonya. Sangat mudah dan cepat.",safe_confirmation
Hmm Saya dikenai biaya ekstra Rp5.000 atas nama biaya admin QRIS BI melarang ini.,additional_fees
Pengalaman saya: Tempatnya bersih dan nyaman semoga bisa lebih baik.,other
Eh Pas scan QRIS-nya Nama penerima tidak cocok dgn stiker toko saya batalin aja transaksinya.,identity_mismatch
Hmm Kasir minta Rp3.000 sebagai biaya layanan BI melarang ini.,additional_fees
Oh iya Saya mau kasih masukan: Tempatnya bersih dan nyaman semoga bisa lebih baik.,other
Wah Diminta bayar tambahan Rp2.000 untuk biaya admin QRIS BI melarang ini.,additional_fees
Saya perhatikan Nama penerima gak cocok sama nama merchant resmi saya khawatir.,identity_mismatch
"Loh Berhasil bayar QRIS, nama rekening tujuan sesuai. Pembayaran QRIS sukses. Terpercaya tokonya.",safe_confirmation
Oh iya Waktu mau bayar saya notice QR code palsu ditempel di atas QR asli di depan toko saya gak jadi bayar.,qr_replacement
Harga dan kualitas sebanding secara keseluruhan lumayan.,other
Aduh QRIS-nya nggak asli ada stiker QR palsu yang menutupi QR code merchantnya saya curiga ini penipuan.,qr_replacement
Loh Aneh banget Transaksi QRIS gagal terus ketika transaksi berlangsung walaupun gak ada notifikasi sukses.,suspicious_transaction
Feedback untuk toko: Kualitas produknya bagus sekali tapi overall oke kok.,other
nama merchant sesuai dengan nama toko dan QRIS berjalan normal. Aman digunakan.,safe_confirmation
Pembayaran tidak berhasil dan tapi saldo sudah terpotong ketika transaksi berlangsung.,suspicious_transaction
Pembayaran gak berhasil tapi rekening sudah didebet.,suspicious_transaction
Wah Saya dikenai biaya ekstra Rp2.000 atas nama biaya layanan saya merasa dirugikan.,additional_fees
Saya lihat ada stiker QR palsu yang menimpa QRIS original di depan toko.,qr_replacement
Oh iya Aneh banget Transaksi error berkali-kali ketika transaksi berlangsung tapi rekening sudah didebet.,suspicious_transaction
Hmm Catatan: Tidak ada wifi di toko perlu diperbaiki.,other
QRIS terlihat asli dan resmi dan Semua berjalan baik. Aman digunakan.,safe_confirmation
Oh iya QRIS terlihat asli dan resmi dan Transaksi selesai dengan aman.,safe_confirmation
Eh Toko terlalu ramai dan sempit tapi overall oke kok.,other
Ada pungutan Rp500 sebagai tanpa alasan jelas BI melarang ini.,additional_fees
"Pembayaran QRIS sukses, nama merchant sesuai dengan nama toko. Tidak ada kendala sama sekali.",safe_confirmation
Eh Ditagih Rp1.500 lagi dengan alasan ongkos pembayaran digital ini jelas melanggar aturan.,additional_fees
"Eh Berhasil bayar QRIS, nama rekening tujuan sesuai. Pembayaran QRIS sukses. Puas dengan layanannya.",safe_confirmation
"Eh Syukurlah Pembayaran QRIS sukses, nama rekening tujuan sesuai. Sangat mudah dan cepat.",safe_confirmation
Hmm Saya perhatikan Nama penerima nama orang bukan nama toko apa mungkin QRIS-nya dipalsukan?.,identity_mismatch
Loh Transaksi QRIS gagal terus ketika transaksi berlangsung walaupun ga ada notifikasi sukses ini sangat merugikan.,suspicious_transaction
Sudah coba berkali-kali tapi Pembayaran tidak berhasil tapi rekening sudah didebet saya minta refund.,suspicious_transaction
Wah nama merchant sesuai dengan nama toko dan Transaksi berhasil dan lancar. Aman digunakan.,safe_confirmation
Saya perhatikan Nama merchant berbeda dgn nama toko yang tertera langsung saya laporin.,identity_mismatch
Pengalaman gue: Kualitas produknya bagus sekali semoga bisa lebih baik.,other
Pembayaran tidak berhasil waktu pembayaran diproses tapi rekening sudah didebet dana aku hilang.,suspicious_transaction
Wah Catatan: Kualitas produknya bagus sekali tidak masalah sih.,other
Aduh Ditagih Rp1.000 lagi dengan alasan biaya layanan apakah ini diperbolehkan?.,additional_fees
Saya perhatikan Nama rekening tujuan nggak sesuai dengan nama toko ini fraud ya?.,identity_mismatch
Aneh banget Transaksi QRIS gagal terus waktu pembayaran diproses saldo terpotong ganda saya bingung harus lapor kemana.,suspicious_transaction
Ada pungutan Rp500 sebagai biaya layanan apakah ini diperbolehkan?.,additional_fees
Loh Petugasnya minta seribu rupiah sebagai biaya penggunaan QRIS BI melarang ini.,additional_fees
Eh Saya dikenai biaya ekstra dua ribu rupiah atas nama biaya transaksi saya komplain tapi diabaikan.,additional_fees
Eh Kelihatan ada kode QR yang mencurigakan yang ditimpa di kode QR yang sah.,qr_replacement
Eh Catatan: Lokasi toko strategis banget semoga bisa lebih baik.,other
Loh Aneh banget Nama yang muncul saat scan enggak sesuai dengan nama toko jadi saya ragu mau bayar.,identity_mismatch
Pengalaman saya: Tempat parkir susah sekali secara keseluruhan lumayan.,other
Oh iya Ada QR code palsu mencurigakan yang menimpa QRIS original di tempat pembayaran langsung aku laporkan.,qr_replacement
"Aduh Semua berjalan baik, QRIS terlihat asli dan resmi. Puas dengan layanannya.",safe_confirmation
"Syukurlah QRIS berjalan normal, logo QRIS jelas dan nggak rusak. Puas sama layanannya.",safe_confirmation
Aduh Transaksi error berkali-kali dan tapi rekening dah didebet ketika transaksi berlangsung aku bingung harus lapor kemana.,suspicious_transaction
Saya perhatikan Nama rekening tujuan gak cocok sama nama merchant resmi apa mungkin QRIS-nya dipalsukan?.,identity_mismatch
Setelah scan Nama di layar pembayaran bukan nama tokonya sama sekali tolong dicek.,identity_mismatch
Waktu mau bayar saya notice stiker QR palsu dipasang di atas QRIS toko di meja kasir ini pasti fraud.,qr_replacement
"Loh Semua berjalan baik, QR code tampak original. Recommended deh tokonya.",safe_confirmation
Oh iya Aneh banget Transaksi QRIS gagal terus ketika transaksi berlangsung walaupun tidak ada notifikasi sukses mohon bantuan.,suspicious_transaction
"Syukurlah Transaksi berhasil dan lancar, QRIS terlihat asli dan resmi. Terpercaya tokonya.",safe_confirmation
Hmm Saya mau kasih masukan: Pencahayaan toko kurang terang semoga bisa lebih baik.,other
"Wah Berhasil bayar QRIS, nama penerima cocok dengan tokonya. Semua berjalan baik. Sangat mudah dan cepat.",safe_confirmation
Wah Saya perhatikan Nama pemilik rekening gak cocok dengan stiker toko langsung aku laporin.,identity_mismatch
Kelihatan ada QR code palsu yang ditempel di atas QR asli langsung saya laporkan.,qr_replacement
Loh Saya mau kasih masukan: Pelayanan kasirnya kurang ramah secara keseluruhan lumayan.,other
Sudah coba berkali-kali tapi QR terbaca tapi transaksi gagal tapi rekening sudah didebet mohon bantuan.,suspicious_transaction
Wah Penjual minta 500 perak sebagai biaya layanan apakah ini diperbolehkan?.,additional_fees
Loh Kelihatan ada stiker QRIS asing yang dipasang di atas QRIS toko ini pasti fraud.,qr_replacement
Pengalaman saya: AC di dalam toko terlalu dingin perlu diperbaiki.,other
Aduh QRIS-nya tidak asli ada QR lain yang ditempel yang menutupi QR code merchantnya langsung gue laporkan.,qr_replacement
Hmm Ada pungutan seribu rupiah sebagai biaya transaksi BI melarang ini.,additional_fees
Feedback untuk toko: Toko agak kotor di bagian belakang secara keseluruhan lumayan.,other
Loh Aneh banget Pembayaran tidak berhasil pas saya scan QR-nya padahal uang sudah keluar saya minta refund.,suspicious_transaction
Aneh banget Nama yang muncul saat scan beda sama nama yang ada di plang saya khawatir.,identity_mismatch
"Wah Berhasil bayar QRIS, QRIS terlihat asli dan resmi. Semua berjalan baik. Terpercaya tokonya.",safe_confirmation
Hmm Aneh banget Sistem QRIS mengalami gangguan mencurigakan saat saya coba bayar walaupun tidak ada notifikasi sukses ini sangat merugikan.,suspicious_transaction
Loh Harga dan kualitas sebanding tidak masalah sih.,other
"Wah Berhasil bayar QRIS, tidak ada biaya tambahan. Proses pembayaran mulus. Puas dengan layanannya.",safe_confirmation
Loh Transaksi error berkali-kali dan walaupun ga ada notifikasi sukses ini sangat merugikan.,suspicious_transaction
Loh QRIS-nya enggak asli ada stiker QRIS asing yang ditimpa di kode QR yang sah.,qr_replacement
Barang sering kehabisan stok.,other
Eh Pelayanan kasirnya kurang ramah.,other
Saya mau kasih masukan: Toko terlalu ramai dan sempit tidak masalah sih.,other
AC di dalam toko terlalu dingin.,other
Sistem QRIS mengalami gangguan mencurigakan dan walaupun nggak ada notifikasi sukses ini sangat merugikan.,suspicious_transaction
Aduh Pengalaman saya: Tempatnya bersih dan nyaman secara keseluruhan lumayan.,other
Eh merchant terverifikasi dan Proses pembayaran mulus. Terpercaya tokonya.,safe_confirmation
QRIS terlihat asli dan resmi dan Transaksi berhasil dan lancar. Sangat mudah dan cepat.,safe_confirmation
Waktu mau bayar saya notice QR lain yang ditempel ditimpa di kode QR yang sah di meja kasir saya gak jadi bayar.,qr_replacement
"Syukurlah Semua berjalan baik, nggak ada biaya tambahan. Puas dengan layanannya.",safe_confirmation
Kenapa ya Nama di layar pembayaran beda banget dari nama tokonya?,identity_mismatch
Eh Feedback untuk toko: Tempatnya bersih dan nyaman secara keseluruhan lumayan.,other
nggak ada biaya tambahan dan Proses pembayaran mulus. Recommended deh tokonya.,safe_confirmation
Kayaknya ada stiker QR palsu yang nempel di atas akrilik QRIS di depan toko.,qr_replacement
Wah QRIS-nya tidak asli ada stiker QRIS baru yang ditimpa di kode QR yang sah aku foto dulu sebagai bukti.,qr_replacement
Saya dikenai biaya ekstra 500 perak atas nama biaya admin QRIS ini jelas melanggar aturan.,additional_fees
"Oh iya Syukurlah Proses pembayaran mulus, logo QRIS jelas dan tidak rusak. Aman digunakan.",safe_confirmation
Wah Alhamdulillah Proses pembayaran mulus. QR code tampak original. Aman digunakan.,safe_confirmation
Ada stiker QRIS baru mencurigakan yang menutupi QR code merchantnya di meja kasir saya foto dulu sebagai bukti.,qr_replacement
Eh Pembayaran tidak berhasil dan tapi rekening sudah didebet ketika transaksi berlangsung dana saya hilang.,suspicious_transaction
Oh iya Transaksi QRIS gagal terus waktu saya coba bayar tapi saldo sudah terpotong ini sangat merugikan.,suspicious_transaction
Pengalaman gue: AC di dalam toko terlalu dingin.,other
Aduh Alhamdulillah Transaksi selesai dengan aman. QR code tampak original. Sangat mudah dan cepat.,safe_confirmation
Kayaknya ada stiker QRIS asing yang nempel di atas akrilik QRIS di kasir toko saya foto dulu sebagai bukti.,qr_replacement
Wah Toko agak kotor di bagian belakang tidak masalah sih.,other
Feedback untuk toko: Toko agak kotor di bagian belakang secara keseluruhan lumayan.,other
Alhamdulillah Pembayaran sukses tanpa masalah. merchant terverifikasi. Aman digunakan.,safe_confirmation
Wah Catatan: Harganya mahal dibanding toko lain.,other
Aneh banget QRIS tidak bisa dipindai waktu pembayaran diproses padahal uang sudah keluar saya minta refund.,suspicious_transaction
Wah Setelah scan Nama penerima jauh berbeda dari nama di spanduk tolong dicek.,identity_mismatch
Eh Diminta bayar tambahan Rp2.500 untuk biaya penggunaan QRIS BI melarang ini.,additional_fees
Eh Saya dikenai biaya ekstra seribu rupiah atas nama biaya penggunaan QRIS tanpa pemberitahuan sebelumnya.,additional_fees
Aduh QRIS tidak bisa dipindai saat saya coba bayar tapi saldo sudah terpotong.,suspicious_transaction
Eh Kelihatan ada QR code palsu yang nempel di atas akrilik QRIS saya gak jadi bayar.,qr_replacement
Hmm Kasir minta dua ribu rupiah sebagai biaya penggunaan QRIS BI melarang ini.,additional_fees
Wah Penjual minta 500 perak sebagai biaya transaksi saya merasa dirugikan.,additional_fees
Oh iya Kayaknya ada QR code palsu yang nempel di atas akrilik QRIS di tempat pembayaran.,qr_replacement
Aduh Sistem QRIS mengalami gangguan mencurigakan pas saya scan QR-nya tapi saldo udah terpotong dana saya hilang.,suspicious_transaction
Aduh Saya dikenai biaya ekstra dua ribu rupiah atas nama biaya admin QRIS BI melarang ini.,additional_fees
Waktu mau bayar aku notice stiker QRIS baru nempel di atas akrilik QRIS di depan toko saya foto dulu sebagai bukti.,qr_replacement
"Wah Syukurlah Pembayaran QRIS sukses, merchant terverifikasi. Aman digunakan.",safe_confirmation
Oh iya merchant terverifikasi dan Semua berjalan baik.,safe_confirmation
Harganya mahal dibanding toko lain.,other
Hmm Tempat parkir susah sekali secara keseluruhan lumayan.,other
Eh Identitas merchant tidak sesuai dengan nama toko apa ini aman?.,identity_mismatch
Wah Aneh banget Nama rekening tujuan asing dan gak dikenal ini fraud ya?.,identity_mismatch
Aduh Sistem QRIS mengalami gangguan mencurigakan pas aku scan QR-nya walaupun gak ada notifikasi sukses saya bingung harus lapor kemana.,suspicious_transaction
Saya perhatikan Nama akun tujuan jauh berbeda dari nama di spanduk.,identity_mismatch
Loh QRIS-nya gak asli ada QR lain yang ditempel yang menutupi QR code merchantnya ini pasti fraud.,qr_replacement
Wah Waktu mau bayar saya notice stiker QRIS baru nempel di atas akrilik QRIS di kasir toko saya curiga ini penipuan.,qr_replacement
Hmm Kenapa ya Nama rekening tujuan nama orang bukan nama toko?,identity_mismatch
Saya mau kasih masukan: Toko terlalu ramai dan sempit tidak masalah sih.,other
Loh Pelayanan kasirnya kurang ramah tapi overall oke kok.,other
Eh Kasir minta Rp1.500 sebagai biaya layanan apakah ini diperbolehkan?.,additional_fees
Wah QRIS-nya tidak asli ada QR code palsu yang menutupi QR code merchantnya tolong ditindaklanjuti.,qr_replacement
Ditagih Rp1.000 lagi dengan alasan biaya transaksi ini tidak boleh.,additional_fees
Aduh Feedback untuk toko: Pencahayaan toko kurang terang tapi overall oke kok.,other
Hmm Sistem QRIS mengalami gangguan mencurigakan waktu pembayaran diproses namun saldo berkurang saya minta refund.,suspicious_transaction
Loh Kenapa ya Identitas merchant berbeda dengan nama toko yang tertera apa mungkin QRIS-nya dipalsukan??,identity_mismatch
Lho kok Nama rekening tujuan beda banget dari nama tokonya saya khawatir?,identity_mismatch
QRIS-nya tidak asli ada stiker QR palsu yang menutupi QR code merchantnya saya curiga ini penipuan.,qr_replacement
Oh iya Aneh banget Transaksi QRIS gagal terus waktu pembayaran diproses namun saldo berkurang dana saya hilang.,suspicious_transaction
"Aduh QRIS berjalan normal, merchant terverifikasi.",safe_confirmation
Eh Alhamdulillah Transaksi berhasil dan lancar. nama merchant sesuai dengan nama toko. Terpercaya tokonya.,safe_confirmation
Aneh banget Nama rekening tujuan jauh berbeda dari nama di spanduk bikin curiga.,identity_mismatch
Eh Saya dikenai biaya ekstra Rp5.000 atas nama biaya admin QRIS apakah ini diperbolehkan?.,additional_fees
Hmm Aneh banget Pembayaran nggak berhasil pas gue scan QR-nya namun saldo berkurang tolong segera ditangani.,suspicious_transaction
Aneh banget QR terbaca tapi transaksi gagal ketika transaksi berlangsung tapi rekening dah didebet saya bingung harus lapor kemana.,suspicious_transaction
Oh iya Pembayaran tidak berhasil ketika transaksi berlangsung tapi rekening udah didebet saya bingung harus lapor kemana.,suspicious_transaction
Pengalaman saya: Barang sering kehabisan stok.,other
"Oh iya Proses pembayaran mulus, nama merchant sesuai dengan nama toko. Terpercaya tokonya.",safe_confirmation
"Syukurlah Proses pembayaran mulus, logo QRIS jelas dan tidak rusak. Tidak ada kendala sama sekali.",safe_confirmation
Wah Alhamdulillah Proses pembayaran mulus. nama penerima cocok dengan tokonya.,safe_confirmation
Loh Feedback untuk toko: AC di dalam toko terlalu dingin gak masalah sih.,other
Wah Feedback untuk toko: Toko agak kotor di bagian belakang tidak masalah sih.,other
Loh Saya mau kasih masukan: Antrian di kasir sangat panjang perlu diperbaiki.,other
Feedback untuk toko: Barang sering kehabisan stok tidak masalah sih.,other
Eh Waktu mau bayar gw notice stiker QRIS baru ditempel di atas QR asli di meja kasir.,qr_replacement
Aduh Feedback untuk toko: Lokasi toko strategis banget tapi overall oke kok.,other
Wah Kelihatan ada kode QR yang mencurigakan yang nempel di atas akrilik QRIS saya foto dulu sebagai bukti.,qr_replacement
Ada pungutan Rp5.000 sebagai biaya penggunaan QRIS.,additional_fees
Wah Identitas merchant jauh berbeda dari nama di spanduk apa mungkin QRIS-nya dipalsukan?.,identity_mismatch
Wah Aneh banget QR terbaca tapi transaksi gagal ketika saya coba bayar namun saldo berkurang saya bingung harus lapor kemana.,suspicious_transaction
Loh Sudah coba berkali-kali tapi Transaksi QRIS gagal terus padahal uang udah keluar ini sangat merugikan.,suspicious_transaction
Hmm Pembayaran tidak berhasil dan tapi rekening sudah didebet ketika transaksi berlangsung ini banget merugikan.,suspicious_transaction
Lho kok Nama penerima berbeda dengan nama toko yang tertera saya batalin aja transaksinya?,identity_mismatch
Aneh banget Sistem QRIS mengalami gangguan mencurigakan ketika transaksi berlangsung walaupun tidak ada notifikasi sukses mohon bantuan.,suspicious_transaction
QRIS tidak bisa dipindai dan tapi rekening sudah didebet .,suspicious_transaction
"Transaksi berhasil dan lancar, nama penerima cocok dengan tokonya. Terpercaya tokonya.",safe_confirmation
Ada QR code palsu mencurigakan yang menimpa QRIS original di tempat pembayaran ini pasti fraud.,qr_replacement
Kelihatan ada stiker QRIS asing yang menimpa QRIS original saya gak jadi bayar.,qr_replacement
Hmm Feedback untuk toko: Harga dan kualitas sebanding tidak masalah sih.,other
Hmm Diminta bayar tambahan Rp2.000 untuk biaya layanan apakah ini diperbolehkan?.,additional_fees
Tiba-tiba ada tambahan 500 perak katanya biaya sistem saya komplain tapi diabaikan.,additional_fees
Kayaknya ada QR lain yang ditempel yang menimpa QRIS original di tempat pembayaran tolong ditindaklanjuti.,qr_replacement
Aneh banget Nama merchant enggak sama dgn nama usaha langsung saya laporin.,identity_mismatch
Wah Saya lihat ada stiker QRIS asing yang dipasang di atas QRIS toko di akrilik stan ini pasti fraud.,qr_replacement
Eh Kelihatan ada stiker QR palsu yang menutupi QR code merchantnya ini pasti fraud.,qr_replacement
Oh iya Pengalaman saya: Kualitas produknya bagus sekali tapi overall oke kok.,other
Setelah scan Nama yang muncul pas scan tidak sesuai dengan nama toko apa mungkin QRIS-nya dipalsukan?.,identity_mismatch
Aduh QR terbaca tapi transaksi gagal dan saldo terpotong ganda ketika transaksi berlangsung ini sudah kedua kalinya.,suspicious_transaction
Eh Sudah coba berkali-kali tapi QR terbaca tapi transaksi gagal padahal uang sudah keluar tolong segera ditangani.,suspicious_transaction
Saya lihat ada kode QR yang mencurigakan yang menutupi QR code merchantnya di depan toko.,qr_replacement
Aduh Sudah coba berkali-kali tapi Pembayaran nggak berhasil tapi rekening dah didebet tolong segera ditangani.,suspicious_transaction
Hmm Saya dikenai biaya ekstra Rp3.000 atas nama biaya admin QRIS gue merasa dirugikan.,additional_fees
Hmm Saya lihat ada stiker QR palsu yang nempel di atas akrilik QRIS di meja kasir gw curiga ini penipuan.,qr_replacement
Waktu mau bayar saya notice QR lain yang ditempel dipasang di atas QRIS toko di meja kasir saya foto dulu sebagai bukti.,qr_replacement
Wah Pengalaman saya: Harga dan kualitas sebanding semoga bisa lebih baik.,other
Aduh Catatan: Produknya bagus tapi packaging kurang menarik tidak masalah sih.,other
"Berhasil bayar QRIS, nama merchant sesuai dengan nama toko. Transaksi berhasil dan lancar. Aman digunakan.",safe_confirmation
Kayaknya ada QR lain yang ditempel yang menimpa QRIS original di akrilik stan saya foto dulu sebagai bukti.,qr_replacement
Hmm Tiba-tiba ada tambahan 500 perak katanya biaya transaksi ini enggak boleh.,additional_fees
Kayaknya ada stiker QR palsu yang menutupi QR code merchantnya di meja kasir aku foto dulu sebagai bukti.,qr_replacement
Waktu mau bayar saya notice stiker QRIS baru menutup QR code resmi di meja kasir ini pasti fraud.,qr_replacement
QR code tampak original dan Semua berjalan baik. Puas dengan layanannya.,safe_confirmation
Oh iya Transaksi error berkali-kali dan namun saldo berkurang waktu pembayaran diproses mohon bantuan.,suspicious_transaction
Aduh Tiba-tiba ada tambahan seribu rupiah katanya biaya admin QRIS ini tidak boleh.,additional_fees
Setelah scan Nama pemilik rekening asing dan tidak dikenal saya khawatir.,identity_mismatch
Ada stiker QR palsu mencurigakan yang menimpa QRIS original di depan toko saya gak jadi bayar.,qr_replacement
Eh Kayaknya ada stiker QR palsu yang ditempel di atas QR asli di tempat pembayaran.,qr_replacement
Tiba-tiba ada tambahan Rp2.000 katanya tanpa alasan jelas ini jelas melanggar aturan.,additional_fees
Oh iya Alhamdulillah Proses pembayaran mulus. logo QRIS jelas dan tidak rusak. Recommended deh tokonya.,safe_confirmation
Eh Aneh banget Nama penerima beda banget dari nama tokonya aku batalin aja transaksinya.,identity_mismatch
Oh iya Kelihatan ada kode QR yang mencurigakan yang ditimpa di kode QR yang sah ini pasti fraud.,qr_replacement
Wah Setelah scan Nama penerima jauh berbeda dari nama di spanduk saya khawatir.,identity_mismatch
Hmm Pas scan QRIS-nya Nama penerima asing dan gak dikenal.,identity_mismatch
Eh Nama pemilik rekening beda banget dari nama tokonya saya batalin aja transaksinya.,identity_mismatch
Wah Pengalaman aku: Tempat parkir susah sekali.,other
Wah Alhamdulillah QRIS berjalan normal. QR code tampak original. Aman digunakan.,safe_confirmation
Pas scan QRIS-nya Nama yang muncul saat scan tidak cocok dengan stiker toko ini fraud ya?.,identity_mismatch
Ada kode QR yang mencurigakan mencurigakan yang nempel di atas akrilik QRIS di tempat pembayaran saya foto dulu sebagai bukti.,qr_replacement
Ada stiker QRIS baru mencurigakan yang ditimpa di kode QR yang sah di depan toko.,qr_replacement
Loh Saya dikenai biaya ekstra Rp2.000 atas nama biaya penggunaan QRIS apakah ini diperbolehkan?.,additional_fees
Loh Kelihatan ada stiker QR palsu yang menutup QR code resmi tolong ditindaklanjuti.,qr_replacement
Eh QR code tampak original dan QRIS berjalan normal. Sangat mudah dan cepat.,safe_confirmation
Catatan: Toko terlalu ramai dan sempit.,other
Catatan: Harga dan kualitas sebanding tidak masalah sih.,other
Eh Tiba-tiba ada tambahan Rp2.000 katanya tanpa alasan jelas gue merasa dirugikan.,additional_fees
Ditagih Rp2.500 lagi dengan alasan tanpa alasan jelas.,additional_fees
Wah Pembayaran tidak berhasil saat saya coba bayar namun saldo berkurang ini sudah kedua kalinya.,suspicious_transaction
Oh iya Setelah scan Nama rekening tujuan beda sama nama yang ada di plang saya batalin aja transaksinya.,identity_mismatch
tidak ada biaya tambahan dan Semua berjalan baik. Recommended deh tokonya.,safe_confirmation
Loh Si penjualnya minta seribu rupiah sebagai tanpa alasan jelas BI melarang ini.,additional_fees
Aduh Catatan: Barang sering kehabisan stok secara keseluruhan lumayan.,other
Sistem QRIS mengalami gangguan mencurigakan walaupun nggak ada notifikasi sukses.,suspicious_transaction
Oh iya QRIS tidak bisa dipindai pas saya scan QR-nya tapi saldo sudah terpotong saya minta refund.,suspicious_transaction
Loh Feedback untuk toko: Toko agak kotor di bagian belakang semoga bisa lebih baik.,other
Loh Diminta bayar tambahan Rp5.000 untuk biaya transaksi apakah ini diperbolehkan?.,additional_fees
Kelihatan ada stiker QRIS asing yang menimpa QRIS original.,qr_replacement
"Syukurlah Transaksi selesai dengan aman, QR code tampak original. Sangat mudah dan cepat.",safe_confirmation
Hmm Kayaknya ada stiker QRIS baru yang menutup QR code resmi di tempat pembayaran langsung gue laporkan.,qr_replacement
Pembayaran gak berhasil waktu pembayaran diproses padahal uang dah keluar.,suspicious_transaction
Kelihatan ada stiker QR palsu yang ditempel di atas QR asli tolong ditindaklanjuti.,qr_replacement
"Hmm Syukurlah Semua berjalan baik, merchant terverifikasi. Recommended deh tokonya.",safe_confirmation
Wah Pengalaman saya: Toko terlalu ramai dan sempit.,other
Wah Setelah scan Identitas merchant bukan nama tokonya sama sekali tolong dicek.,identity_mismatch
"Aduh Berhasil bayar QRIS, merchant terverifikasi. Pembayaran QRIS sukses. Recommended deh tokonya.",safe_confirmation
Hmm Ditagih Rp5.000 lagi dengan alasan biaya layanan saya merasa dirugikan.,additional_fees
Aduh Tempatnya bersih dan nyaman tapi overall oke kok.,other
Diminta bayar tambahan Rp5.000 untuk biaya transaksi saya komplain tapi diabaikan.,additional_fees
Sudah coba berkali-kali tapi Transaksi QRIS gagal terus padahal uang sudah keluar ini sudah kedua kalinya.,suspicious_transaction
Hmm Sudah coba berkali-kali tapi Transaksi QRIS gagal terus padahal uang sudah keluar dana saya hilang.,suspicious_transaction
"Berhasil bayar QRIS, QR code tampak original. Semua berjalan baik.",safe_confirmation
"Eh Syukurlah Pembayaran sukses tanpa masalah, ga ada biaya tambahan. Sangat mudah dan cepat.",safe_confirmation
"Syukurlah Proses pembayaran mulus, tidak ada biaya tambahan. Puas dengan layanannya.",safe_confirmation
Oh iya Saya mau kasih masukan: Harga dan kualitas sebanding.,other
Aneh banget Transaksi error berkali-kali saat saya coba bayar tapi saldo sudah terpotong tolong segera ditangani.,suspicious_transaction
Aduh Tiba-tiba ada tambahan Rp2.000 katanya biaya layanan ini ga boleh.,additional_fees
Eh Saya mau kasih masukan: Pelayanan kasirnya kurang ramah secara keseluruhan lumayan.,other
Pemilik toko minta seribu rupiah sebagai tanpa alasan jelas ini tidak boleh.,additional_fees
Eh Lokasi toko strategis banget perlu diperbaiki.,other
Oh iya Alhamdulillah QRIS berjalan normal. QRIS terlihat asli dan resmi. Tidak ada kendala sama sekali.,safe_confirmation
Hmm Feedback untuk toko: Harga dan kualitas sebanding perlu diperbaiki.,other
Aneh banget Nama rekening tujuan tidak cocok dengan stiker toko langsung saya laporin.,identity_mismatch
Ada stiker QRIS asing mencurigakan yang menimpa QRIS original di kasir toko gw foto dulu sebagai bukti.,qr_replacement
Lho kok Nama penerima gak cocok sama nama merchant resmi?,identity_mismatch
Aduh Feedback untuk toko: Toko terlalu ramai dan sempit semoga bisa lebih baik.,other
Aneh banget Sistem QRIS mengalami gangguan mencurigakan pas saya scan QR-nya tapi saldo sudah terpotong ini sangat merugikan.,suspicious_transaction
Hmm Nama rekening tujuan tidak sama dengan nama usaha ini fraud ya?.,identity_mismatch
Wah Setelah scan Nama rekening tujuan tidak sesuai dengan nama toko saya khawatir.,identity_mismatch
Waktu mau bayar saya notice QR code palsu ditempel di atas QR asli di tempat pembayaran saya gak jadi bayar.,qr_replacement
Aneh banget Nama rekening tujuan asing dan tidak dikenal tolong dicek.,identity_mismatch
Lho kok Nama yang muncul saat scan tidak cocok dgn stiker toko gue khawatir?,identity_mismatch
Loh Kayaknya ada stiker QRIS asing yang menimpa QRIS original di meja kasir saya foto dulu sebagai bukti.,qr_replacement
Diminta bayar tambahan 500 perak untuk biaya admin QRIS apakah ini diperbolehkan?.,additional_fees
QR terbaca tapi transaksi gagal pas saya scan QR-nya walaupun nggak ada notifikasi sukses saya minta refund.,suspicious_transaction
Oh iya Saya lihat ada stiker QR palsu yang dipasang di atas QRIS toko di kasir toko langsung aku laporkan.,qr_replacement
Catatan: Barang sering kehabisan stok semoga bisa lebih baik.,other
Eh Pas scan QRIS-nya Nama pemilik rekening beda sama nama yang ada di plang.,identity_mismatch
Oh iya Alhamdulillah Transaksi berhasil dan lancar. nama merchant sesuai dengan nama toko. Puas dengan layanannya.,safe_confirmation
Eh Waktu mau bayar gue notice stiker QRIS baru menutupi QR code merchantnya di tempat pembayaran saya curiga ini penipuan.,qr_replacement
Wah Alhamdulillah Pembayaran sukses tanpa masalah. nama merchant sesuai dengan nama toko. Puas dengan layanannya.,safe_confirmation
Eh nama penerima cocok dengan tokonya dan Transaksi berhasil dan lancar.,safe_confirmation
Oh iya Sistem QRIS mengalami gangguan mencurigakan dan tapi rekening dah didebet pas saya scan QR-nya tolong segera ditangani.,suspicious_transaction
Feedback untuk toko: Harga dan kualitas sebanding tapi overall oke kok.,other
Aduh Pengalaman saya: Tempatnya bersih dan nyaman semoga bisa lebih baik.,other
Wah Ditagih dua ribu rupiah lagi dengan alasan biaya admin QRIS padahal seharusnya gratis.,additional_fees
Alhamdulillah Transaksi berhasil dan lancar. merchant terverifikasi. Recommended deh tokonya.,safe_confirmation
Aduh Saya lihat ada kode QR yang mencurigakan yang dipasang di atas QRIS toko di depan toko.,qr_replacement
Oh iya Pas scan QRIS-nya Nama penerima nama orang bukan nama toko saya khawatir.,identity_mismatch
Lho kok Nama penerima jauh berbeda dari nama di spanduk ini fraud ya??,identity_mismatch
Diminta bayar tambahan seribu rupiah untuk biaya admin QRIS.,additional_fees
Identitas merchant asing dan tidak dikenal.,identity_mismatch
Tiba-tiba ada tambahan dua ribu rupiah katanya biaya admin QRIS apakah ini diperbolehkan?.,additional_fees
Lho kok Nama yang muncul saat scan asing dan gak dikenal saya khawatir?,identity_mismatch
Wah Alhamdulillah Proses pembayaran mulus. QRIS terlihat asli dan resmi. Sangat mudah dan cepat.,safe_confirmation
Aduh Diminta bayar tambahan Rp5.000 untuk biaya transaksi ini tidak boleh.,additional_fees
"Berhasil bayar QRIS, nama merchant sesuai sama nama toko. Transaksi selesai dengan aman. Recommended deh tokonya.",safe_confirmation
"Pembayaran QRIS sukses, nama merchant sesuai dengan nama toko. Terpercaya tokonya.",safe_confirmation
"Berhasil bayar QRIS, nama merchant sesuai sama nama toko. Pembayaran QRIS sukses. Tidak ada kendala sama sekali.",safe_confirmation
Hmm QRIS-nya tidak asli ada stiker QRIS asing yang dipasang di atas QRIS toko saya curiga ini penipuan.,qr_replacement
Aduh Diminta bayar tambahan Rp2.000 untuk biaya transaksi BI melarang ini.,additional_fees
Wah Harganya mahal dibanding toko lain.,other
Lho kok Nama penerima enggak cocok dengan stiker toko apa ini aman??,identity_mismatch
Oh iya Saya mau kasih masukan: Harganya mahal dibanding toko lain secara keseluruhan lumayan.,other
Loh Harga dan kualitas sebanding perlu diperbaiki.,other
Setelah scan Nama penerima nama orang bukan nama toko langsung saya laporin.,identity_mismatch
"Oh iya Syukurlah Transaksi selesai dgn aman, merchant terverifikasi. Puas dengan layanannya.",safe_confirmation
Eh Pas scan QRIS-nya Identitas merchant bukan nama tokonya sama sekali langsung saya laporin.,identity_mismatch
Saya lihat ada QR lain yang ditempel yang menimpa QRIS original di meja kasir.,qr_replacement
Waktu mau bayar saya notice QR lain yang ditempel menimpa QRIS original di kasir toko langsung saya laporkan.,qr_replacement
"Pembayaran sukses tanpa masalah, nama rekening tujuan sesuai. Recommended deh tokonya.",safe_confirmation
Diminta bayar tambahan Rp1.000 untuk biaya admin QRIS apakah ini diperbolehkan?.,additional_fees
Loh Ada stiker QR palsu mencurigakan yang menutupi QR code merchantnya di akrilik stan saya gak jadi bayar.,qr_replacement
Hmm Si penjualnya minta seribu rupiah sebagai biaya sistem tanpa pemberitahuan sebelumnya.,additional_fees
Hmm Saya mau kasih masukan: AC di dalam toko terlalu dingin tapi overall oke kok.,other
Hmm Setelah scan Nama penerima nama orang bukan nama toko saya batalin aja transaksinya.,identity_mismatch
Loh Alhamdulillah Semua berjalan baik. logo QRIS jelas dan tidak rusak. Terpercaya tokonya.,safe_confirmation
Eh Pengalaman saya: Pencahayaan toko kurang terang semoga bisa lebih baik.,other
"Oh iya Berhasil bayar QRIS, logo QRIS jelas dan enggak rusak. QRIS berjalan normal. Tidak ada kendala sama sekali.",safe_confirmation
Aduh Sudah coba berkali-kali tapi Transaksi error berkali-kali padahal uang sudah keluar mohon bantuan.,suspicious_transaction
Aneh banget Sistem QRIS mengalami gangguan mencurigakan pas aku scan QR-nya tapi rekening udah didebet ini sangat merugikan.,suspicious_transaction
Loh Feedback untuk toko: Tempatnya bersih dan nyaman tapi overall oke kok.,other
Pas scan QRIS-nya Nama pemilik rekening bukan nama tokonya sama sekali apa ini aman?.,identity_mismatch
Loh Saya mau kasih masukan: AC di dalam toko terlalu dingin perlu diperbaiki.,other
Wah Feedback untuk toko: Jam buka toko nggak konsisten tidak masalah sih.,other
Oh iya Pembayaran tidak berhasil dan walaupun tidak ada notifikasi sukses pas saya scan QR-nya tolong segera ditangani.,suspicious_transaction
Pas scan QRIS-nya Nama di layar pembayaran gak cocok dengan stiker toko tolong dicek.,identity_mismatch
"Wah Semua berjalan baik, logo QRIS jelas dan nggak rusak. Puas dengan layanannya.",safe_confirmation
Hmm Diminta bayar tambahan Rp500 untuk ongkos pembayaran digital.,additional_fees
Hmm Feedback untuk toko: Toko agak kotor di bagian belakang tapi overall oke kok.,other
Eh Sudah coba berkali-kali tapi QR terbaca tapi transaksi gagal namun saldo berkurang saya bingung harus lapor kemana.,suspicious_transaction
Eh Kasir minta Rp2.500 sebagai tanpa alasan jelas saya merasa dirugikan.,additional_fees
Harganya mahal dibanding toko lain.,other
"Semua berjalan baik, nama merchant sesuai dengan nama toko. Aman digunakan.",safe_confirmation
AC di dalam toko terlalu dingin.,other
Alhamdulillah Proses pembayaran mulus. nama penerima cocok dengan tokonya. Recommended deh tokonya.,safe_confirmation
Saya lihat ada stiker QR palsu yang nempel di atas akrilik QRIS di kasir toko ini pasti fraud.,qr_replacement
Aduh Kenapa ya Nama yang muncul saat scan beda sama nama yang ada di plang apa mungkin QRIS-nya dipalsukan??,identity_mismatch
Oh iya Tiba-tiba ada tambahan Rp5.000 katanya ongkos pembayaran digital padahal seharusnya gratis.,additional_fees
Eh QRIS tidak bisa dipindai dan namun saldo berkurang ketika transaksi berlangsung mohon bantuan.,suspicious_transaction
Sudah coba berkali-kali tapi QR terbaca tapi transaksi gagal namun saldo berkurang.,suspicious_transaction
Eh Kelihatan ada stiker QRIS baru yang nempel di atas akrilik QRIS ini pasti fraud.,qr_replacement
Oh iya Saya mau kasih masukan: Tempat parkir susah sekali semoga bisa lebih baik.,other
Kayaknya ada QR lain yang ditempel yang dipasang di atas QRIS toko di tempat pembayaran tolong ditindaklanjuti.,qr_replacement
Loh Kelihatan ada QR code palsu yang menimpa QRIS original tolong ditindaklanjuti.,qr_replacement
Aduh Pas scan QRIS-nya Identitas merchant gak cocok sama nama merchant resmi ini fraud ya?.,identity_mismatch
Eh Diminta bayar tambahan Rp2.000 untuk biaya sistem ini tidak boleh.,additional_fees
Eh Ada pungutan Rp2.500 sebagai tanpa alasan jelas BI melarang ini.,additional_fees
"Hmm Berhasil bayar QRIS, nama rekening tujuan sesuai. Proses pembayaran mulus.",safe_confirmation
Hmm Saya perhatikan Nama merchant bukan nama tokonya sama sekali apa mungkin QRIS-nya dipalsukan?.,identity_mismatch
Oh iya Pengalaman saya: Kualitas produknya bagus sekali tapi overall oke kok.,other
Aduh Tiba-tiba ada tambahan seribu rupiah katanya tanpa alasan jelas saya komplain tapi diabaikan.,additional_fees
Sudah coba berkali-kali tapi Pembayaran nggak berhasil walaupun tidak ada notifikasi sukses mohon bantuan.,suspicious_transaction
Aduh Ada pungutan Rp3.000 sebagai biaya sistem ini tidak boleh.,additional_fees
logo QRIS jelas dan tidak rusak dan Proses pembayaran mulus. Terpercaya tokonya.,safe_confirmation
Pas scan QRIS-nya Nama yang muncul saat scan asing dan enggak dikenal langsung saya laporin.,identity_mismatch
Hmm logo QRIS jelas dan tidak rusak dan Transaksi selesai dengan aman. Sangat mudah dan cepat.,safe_confirmation
Saya mau kasih masukan: Harganya mahal dibanding toko lain perlu diperbaiki.,other
Nama merchant tidak cocok dengan stiker toko saya batalin aja transaksinya.,identity_mismatch
Sistem QRIS mengalami gangguan mencurigakan dan tapi saldo sudah terpotong ketika transaksi berlangsung mohon bantuan.,suspicious_transaction
Aduh Kasir minta Rp500 sebagai tanpa alasan jelas padahal seharusnya gratis.,additional_fees
QRIS ga bisa dipindai dan namun saldo berkurang waktu pembayaran diproses.,suspicious_transaction
Aduh Catatan: AC di dalam toko terlalu dingin.,other
Oh iya Saya mau kasih masukan: Pencahayaan toko kurang terang secara keseluruhan lumayan.,other
Wah Ada pungutan Rp1.500 sebagai biaya sistem saya komplain tapi diabaikan.,additional_fees
Loh Waktu mau bayar saya notice QR lain yang ditempel nempel di atas akrilik QRIS di depan toko tolong ditindaklanjuti.,qr_replacement
Kayaknya ada stiker QRIS baru yang menutup QR code resmi di depan toko saya foto dulu sebagai bukti.,qr_replacement
Aduh Pas scan QRIS-nya Identitas merchant bukan nama tokonya sama sekali tolong dicek.,identity_mismatch
Ada QR code palsu mencurigakan yang ditimpa di kode QR yang sah di akrilik stan ini pasti fraud.,qr_replacement
Pas scan QRIS-nya Nama di layar pembayaran berbeda dengan nama toko yang tertera apa mungkin QRIS-nya dipalsukan?.,identity_mismatch
Hmm Catatan: Toko terlalu ramai dan sempit tidak masalah sih.,other
Tiba-tiba ada tambahan Rp1.000 katanya biaya penggunaan QRIS gw komplain tapi diabaikan.,additional_fees
Pas scan QRIS-nya Nama penerima berbeda dengan nama toko yang tertera jadi saya ragu mau bayar.,identity_mismatch
Eh Saya lihat ada stiker QR palsu yang menimpa QRIS original di meja kasir langsung saya laporkan.,qr_replacement
Wah Diminta bayar tambahan seribu rupiah untuk biaya admin QRIS saya merasa dirugikan.,additional_fees
Loh Kayaknya ada QR code palsu yang ditimpa di kode QR yang sah di depan toko ini pasti fraud.,qr_replacement
Loh Transaksi error berkali-kali waktu pembayaran diproses tapi rekening sudah didebet saya minta refund.,suspicious_transaction
Hmm Lho kok Identitas merchant asing dan tidak dikenal langsung aku laporin?,identity_mismatch
Diminta bayar tambahan Rp2.000 untuk biaya transaksi tanpa pemberitahuan sebelumnya.,additional_fees
"Aduh Syukurlah Pembayaran QRIS sukses, nama penerima cocok dgn tokonya. Tidak ada kendala sama sekali.",safe_confirmation
QR terbaca tapi transaksi gagal pas gue scan QR-nya namun saldo berkurang.,suspicious_transaction
Aneh banget Nama penerima gak cocok sama nama merchant resmi saya khawatir.,identity_mismatch
Eh Saya perhatikan Nama merchant bukan nama tokonya sama sekali apa ini aman?.,identity_mismatch
"Eh Semua berjalan baik, enggak ada biaya tambahan. Tidak ada kendala sama sekali.",safe_confirmation
"Berhasil bayar QRIS, nama merchant sesuai dengan nama toko. Proses pembayaran mulus. Terpercaya tokonya.",safe_confirmation
Oh iya Ditagih Rp5.000 lagi dengan alasan biaya sistem BI melarang ini.,additional_fees
Oh iya Nama di layar pembayaran beda banget dari nama tokonya jadi aku ragu mau bayar.,identity_mismatch
QR terbaca tapi transaksi gagal dan tapi saldo sudah terpotong pas gw scan QR-nya mohon bantuan.,suspicious_transaction
Kenapa ya Nama merchant jauh berbeda dari nama di spanduk?,identity_mismatch
Pengalaman aku: Tidak ada wifi di toko.,other
Eh Catatan: Tidak ada wifi di toko perlu diperbaiki.,other
Kenapa ya Nama akun tujuan beda banget dari nama tokonya jadi saya ragu mau bayar?,identity_mismatch
Catatan: AC di dalam toko terlalu dingin tapi overall oke kok.,other
Hmm Sudah coba berkali-kali tapi Transaksi QRIS gagal terus saldo terpotong ganda dana saya hilang.,suspicious_transaction
Saya dikenai biaya ekstra Rp1.500 atas nama biaya transaksi ini tidak boleh.,additional_fees
Eh Ada pungutan Rp1.500 sebagai biaya penggunaan QRIS ini jelas melanggar aturan.,additional_fees
Hmm Feedback untuk toko: Barang sering kehabisan stok tapi overall oke kok.,other
Aneh banget Nama yang muncul saat scan tidak sama dgn nama usaha apa mungkin QRIS-nya dipalsukan?.,identity_mismatch
Wah Transaksi QRIS gagal terus pas saya scan QR-nya walaupun tidak ada notifikasi sukses saya bingung harus lapor kemana.,suspicious_transaction
Transaksi error berkali-kali pas saya scan QR-nya saldo terpotong ganda saya bingung harus lapor kemana.,suspicious_transaction
Loh Diminta bayar tambahan Rp3.000 untuk biaya admin QRIS ini jelas melanggar aturan.,additional_fees
Aduh Saya lihat ada QR code palsu yang menutupi QR code merchantnya di tempat pembayaran saya gak jadi bayar.,qr_replacement
Eh Ditagih Rp2.500 lagi dengan alasan biaya sistem saya merasa dirugikan.,additional_fees
Wah Barang sering kehabisan stok tapi overall oke kok.,other
Ada pungutan Rp3.000 sebagai ongkos pembayaran digital ini jelas melanggar aturan.,additional_fees
Eh Sistem QRIS mengalami gangguan mencurigakan dan padahal uang sudah keluar waktu pembayaran diproses dana saya hilang.,suspicious_transaction
Oh iya Setelah scan Identitas merchant nama orang bukan nama toko apa ini aman?.,identity_mismatch
"Aduh Transaksi berhasil dan lancar, tidak ada biaya tambahan.",safe_confirmation
Eh Kenapa ya Identitas merchant gak cocok sama nama merchant resmi apa mungkin QRIS-nya dipalsukan??,identity_mismatch
Si penjualnya minta Rp1.000 sebagai biaya layanan BI melarang ini.,additional_fees
Oh iya logo QRIS jelas dan tidak rusak dan QRIS berjalan normal. Sangat mudah dan cepat.,safe_confirmation
Eh Saya dikenai biaya ekstra dua ribu rupiah atas nama biaya admin QRIS saya komplain tapi diabaikan.,additional_fees
Saya mau kasih masukan: Jam buka toko ga konsisten perlu diperbaiki.,other
Loh Kayaknya ada QR lain yang ditempel yang ditimpa di kode QR yang sah di akrilik stan saya curiga ini penipuan.,qr_replacement
Kayaknya ada stiker QRIS baru yang ditimpa di kode QR yang sah di akrilik stan saya foto dulu sebagai bukti.,qr_replacement
Tempatnya bersih dan nyaman.,other
Catatan: Toko agak kotor di bagian belakang.,other
Aduh Saya mau kasih masukan: Pelayanan kasirnya kurang ramah semoga bisa lebih baik.,other
Aneh banget Pembayaran enggak berhasil waktu pembayaran diproses saldo terpotong ganda ini sangat merugikan.,suspicious_transaction
Petugasnya minta Rp1.000 sebagai biaya transaksi ini jelas melanggar aturan.,additional_fees
Catatan: Harganya mahal dibanding toko lain perlu diperbaiki.,other
Loh Tiba-tiba ada tambahan seribu rupiah katanya biaya sistem padahal seharusnya gratis.,additional_fees
Kelihatan ada QR lain yang ditempel yang menutup QR code resmi tolong ditindaklanjuti.,qr_replacement
QRIS-nya tidak asli ada stiker QR palsu yang ditempel di atas QR asli saya foto dulu sebagai bukti.,qr_replacement
Ada QR lain yang ditempel mencurigakan yang menutupi QR code merchantnya di meja kasir ini pasti fraud.,qr_replacement
Wah Nama pemilik rekening bukan nama tokonya sama sekali jadi gw ragu mau bayar.,identity_mismatch
Loh Ada stiker QRIS baru mencurigakan yang menutupi QR code merchantnya di akrilik stan.,qr_replacement
Sudah coba berkali-kali tapi QR terbaca tapi transaksi gagal namun saldo berkurang tolong segera ditangani.,suspicious_transaction
Diminta bayar tambahan Rp3.000 untuk biaya layanan apakah ini diperbolehkan?.,additional_fees
Eh Petugasnya minta Rp3.000 sebagai biaya layanan padahal seharusnya gratis.,additional_fees
Aduh Ditagih 500 perak lagi dengan alasan biaya penggunaan QRIS ini enggak boleh.,additional_fees
Ditagih Rp500 lagi dengan alasan biaya transaksi gue merasa dirugikan.,additional_fees
Oh iya Saya lihat ada QR lain yang ditempel yang menimpa QRIS original di akrilik stan.,qr_replacement
Hmm Transaksi error berkali-kali dan namun saldo berkurang saya minta refund.,suspicious_transaction
Ada QR lain yang ditempel mencurigakan yang dipasang di atas QRIS toko di meja kasir.,qr_replacement
Aduh Catatan: Barang sering kehabisan stok perlu diperbaiki.,other
Ada pungutan Rp3.000 sebagai biaya penggunaan QRIS padahal seharusnya gratis.,additional_fees
Transaksi QRIS gagal terus saat saya coba bayar namun saldo berkurang mohon bantuan.,suspicious_transaction
Oh iya Lho kok Nama akun tujuan beda sama nama yang ada di plang jadi aku ragu mau bayar?,identity_mismatch
Loh Saya mau kasih masukan: Jam buka toko tidak konsisten tapi overall oke kok.,other
Hmm Kenapa ya Identitas merchant asing dan gak dikenal apa mungkin QRIS-nya dipalsukan??,identity_mismatch
Sudah coba berkali-kali tapi Pembayaran tidak berhasil namun saldo berkurang.,suspicious_transaction
Loh Sudah coba berkali-kali tapi QR terbaca tapi transaksi gagal padahal uang dah keluar dana gw hilang.,suspicious_transaction
Loh Sudah coba berkali-kali tapi QR terbaca tapi transaksi gagal tapi rekening sudah didebet aku bingung harus lapor kemana.,suspicious_transaction
Loh Ditagih Rp2.000 lagi dengan alasan biaya layanan apakah ini diperbolehkan?.,additional_fees
Ada stiker QRIS baru mencurigakan yang dipasang di atas QRIS toko di kasir toko ini pasti fraud.,qr_replacement
Setelah scan Nama akun tujuan berbeda dengan nama toko yang tertera saya batalin aja transaksinya.,identity_mismatch
Loh tidak ada biaya tambahan dan Pembayaran QRIS sukses. Puas dengan layanannya.,safe_confirmation
Aduh Produknya bagus tapi packaging kurang menarik tidak masalah sih.,other
Si penjualnya minta Rp2.500 sebagai biaya sistem tanpa pemberitahuan sebelumnya.,additional_fees
Lho kok Nama di layar pembayaran tidak sama dengan nama usaha saya batalin aja transaksinya?,identity_mismatch
Loh Setelah scan Nama akun tujuan beda banget dari nama tokonya jadi saya ragu mau bayar.,identity_mismatch
Eh Setelah scan Nama yang muncul saat scan asing dan tidak dikenal saya khawatir.,identity_mismatch
Oh iya Pengalaman gue: Lokasi toko strategis banget tidak masalah sih.,other
"Wah Berhasil bayar QRIS, QRIS terlihat asli dan resmi. Transaksi berhasil dan lancar. Puas dengan layanannya.",safe_confirmation
Oh iya Ditagih Rp1.000 lagi dgn alasan biaya admin QRIS ini jelas melanggar aturan.,additional_fees
"Aduh Syukurlah Proses pembayaran mulus, QR code tampak original. Terpercaya tokonya.",safe_confirmation
Eh Saya lihat ada kode QR yang mencurigakan yang menimpa QRIS original di kasir toko.,qr_replacement
Aduh Ditagih Rp1.500 lagi dengan alasan biaya admin QRIS padahal seharusnya gratis.,additional_fees
Sudah coba berkali-kali tapi Transaksi QRIS gagal terus saldo terpotong ganda ini dah kedua kalinya.,suspicious_transaction
Aduh Sistem QRIS mengalami gangguan mencurigakan dan tapi rekening dah didebet dana saya hilang.,suspicious_transaction
Oh iya Ada pungutan Rp2.000 sebagai biaya penggunaan QRIS padahal seharusnya gratis.,additional_fees
Oh iya QR code tampak original dan QRIS berjalan normal. Tidak ada kendala sama sekali.,safe_confirmation
Saya mau kasih masukan: Harga dan kualitas sebanding.,other
Oh iya Saya lihat ada kode QR yang mencurigakan yang menutup QR code resmi di akrilik stan saya curiga ini penipuan.,qr_replacement
Oh iya Saya lihat ada QR code palsu yang nempel di atas akrilik QRIS di akrilik stan aku curiga ini penipuan.,qr_replacement
Loh Kenapa ya Nama merchant tidak sama dengan nama usaha apa mungkin QRIS-nya dipalsukan??,identity_mismatch
Loh Feedback untuk toko: Lokasi toko strategis banget.,other
Loh Tidak ada wifi di toko perlu diperbaiki.,other
Loh Catatan: Tempat parkir susah sekali nggak masalah sih.,other
Aneh banget Sistem QRIS mengalami gangguan mencurigakan pas saya scan QR-nya saldo terpotong ganda ini sangat merugikan.,suspicious_transaction
Aduh Catatan: Harganya mahal dibanding toko lain tidak masalah sih.,other
Loh Saya mau kasih masukan: Barang sering kehabisan stok tapi overall oke kok.,other
nama penerima cocok sama tokonya dan Transaksi berhasil dan lancar. Puas dengan layanannya.,safe_confirmation
Wah QRIS terlihat asli dan resmi dan Pembayaran sukses tanpa masalah. Puas dengan layanannya.,safe_confirmation
Wah Identitas merchant gak cocok sama nama merchant resmi apa mungkin QRIS-nya dipalsukan?.,identity_mismatch
"Berhasil bayar QRIS, QR code tampak original. Proses pembayaran mulus. Tidak ada kendala sama sekali.",safe_confirmation
Aduh Kenapa ya Identitas merchant enggak cocok dengan stiker toko apa ini aman??,identity_mismatch
